id_reserva,id_unidade,id_tipo_quarto,id_cliente,id_canal,data_checkin,data_checkout,qtd_diarias,num_hospedes,avaliacao_hospede,status_reserva,forma_pagamento,avaliado_sim_nao
1,5,1,3,2,2024-04-28,2024-04-30,2.0,1.0,4,Confirmada,Cartão de Crédito,Sim
2,5,1,261,4,2023-09-28,2023-10-01,3.0,2.0,1,Concluída,PIX,Sim
3,10,4,49,4,2023-08-01,2023-08-06,5.0,1.0,9,Concluída,Cartão de Crédito,Sim
4,6,2,23,2,2023-02-18,2023-02-21,3.0,1.0,9,Cancelada,PIX,Sim
5,7,1,42,1,2023-01-12,2023-01-19,7.0,1.0,6,Confirmada,Transferência,Sim
6,4,3,179,3,2024-04-28,2024-05-03,5.0,3.0,10,Confirmada,Transferência,Sim
7,10,2,144,2,2023-04-19,2023-04-24,5.0,1.0,9,Confirmada,Dinheiro,Sim
8,4,4,33,3,2023-08-26,2023-09-02,7.0,2.0,99,No-show,Dinheiro,Não
9,2,3,140,2,2024-04-04,2024-04-08,4.0,3.0,6,Concluída,Dinheiro,Sim
10,5,1,48,2,2023-07-02,2023-07-04,2.0,1.0,2,Confirmada,PIX,Sim
11,8,3,189,0,2024-10-08,2024-10-13,5.0,1.0,8,Concluída,Transferência,Sim
12,8,3,263,1,2023-04-20,2023-04-21,1.0,3.0,7,Confirmada,Transferência,Sim
13,3,3,184,0,2024-02-01,2024-02-02,1.0,1.0,2,Confirmada,PIX,Sim
14,4,3,68,3,2024-03-07,2024-03-11,4.0,3.0,99,Cancelada,Dinheiro,Não
15,6,2,173,1,2024-07-20,2024-07-23,3.0,1.0,99,Cancelada,Transferência,Não
16,2,1,79,2,2024-05-25,2024-05-31,6.0,2.0,6,Confirmada,PIX,Sim
17,9,3,272,1,2023-03-23,2023-03-30,7.0,1.0,9,Confirmada,Transferência,Sim
18,7,4,148,3,2023-12-12,2023-12-18,6.0,3.0,9,Concluída,Transferência,Sim
19,3,1,151,4,2024-01-15,2024-01-17,2.0,2.0,1,Confirmada,Cartão de Crédito,Sim
20,4,1,201,1,2023-08-13,2023-08-14,1.0,2.0,10,Confirmada,Dinheiro,Sim
21,10,4,153,4,2023-01-18,2023-01-23,5.0,4.0,6,Confirmada,Cartão de Crédito,Sim
22,10,2,230,1,2023-11-13,2023-11-18,5.0,1.0,10,Cancelada,Cartão de Débito,Sim
23,10,3,215,2,2023-09-29,2023-10-04,5.0,1.0,6,Confirmada,Cartão de Crédito,Sim
24,4,2,89,4,2023-07-24,2023-07-25,1.0,2.0,9,Confirmada,PIX,Sim
25,11,1,196,1,2024-01-21,2024-01-28,7.0,1.0,7,Confirmada,PIX,Sim
26,8,1,60,2,2023-04-29,2023-05-01,2.0,2.0,7,Confirmada,Cartão de Crédito,Sim
27,5,3,276,4,2024-09-12,2024-09-13,1.0,1.0,2,Confirmada,Transferência,Sim
28,5,1,162,4,2023-10-15,2023-10-17,2.0,1.0,2,Confirmada,Dinheiro,Sim
29,8,1,44,3,2023-05-24,2023-05-26,2.0,2.0,10,Confirmada,Transferência,Sim
30,7,3,206,4,2024-04-07,2024-04-13,6.0,1.0,9,Confirmada,Transferência,Sim
31,4,5,95,2,2024-02-19,2024-02-23,4.0,3.0,9,No-show,Cartão de Crédito,Sim
32,3,2,144,2,2023-07-15,2023-07-17,2.0,2.0,2,Confirmada,Transferência,Sim
33,3,1,225,2,2023-07-15,2023-07-17,2.0,2.0,1,Confirmada,Cartão de Débito,Sim
34,4,1,149,3,2024-12-20,2024-12-26,6.0,1.0,7,Confirmada,Cartão de Crédito,Sim
35,12,2,155,4,2024-05-07,2024-05-13,6.0,1.0,9,Confirmada,Dinheiro,Sim
36,11,1,259,4,2023-03-26,2023-03-29,3.0,1.0,99,Cancelada,Cartão de Crédito,Não
37,7,3,150,1,2023-01-09,2023-01-11,2.0,1.0,1,Concluída,Cartão de Débito,Sim
38,9,3,33,1,2023-07-25,2023-07-27,2.0,3.0,10,Cancelada,Dinheiro,Sim
39,12,2,240,2,2023-08-23,2023-08-30,7.0,1.0,8,Confirmada,PIX,Sim
40,12,4,240,2,2024-12-03,2024-12-09,6.0,4.0,6,Confirmada,Cartão de Crédito,Sim
41,9,3,74,1,2023-12-03,2023-12-09,6.0,3.0,99,Confirmada,Cartão de Débito,Não
42,9,1,106,4,2024-07-01,2024-07-08,7.0,1.0,99,Confirmada,Dinheiro,Não
43,11,3,107,1,2023-10-08,2023-10-13,5.0,3.0,6,Confirmada,Transferência,Sim
44,6,1,184,4,2023-08-10,2023-08-15,5.0,2.0,99,Concluída,PIX,Não
45,8,2,233,2,2024-02-20,2024-02-21,1.0,2.0,9,Concluída,PIX,Sim
46,3,2,130,3,2023-07-15,2023-07-17,2.0,2.0,3,Confirmada,Dinheiro,Sim
47,11,3,72,4,2024-11-03,2024-11-05,2.0,3.0,7,Concluída,Transferência,Sim
48,5,2,267,3,2023-10-15,2023-10-17,2.0,1.0,3,Confirmada,PIX,Sim
49,1,1,80,3,2023-04-16,2023-04-17,1.0,1.0,99,Confirmada,PIX,Não
50,4,2,247,3,2023-08-10,2023-08-17,7.0,1.0,7,Confirmada,PIX,Sim
51,11,1,139,4,2024-09-14,2024-09-15,1.0,2.0,99,Confirmada,Cartão de Débito,Não
52,3,1,122,2,2024-01-15,2024-01-17,2.0,2.0,3,Confirmada,Cartão de Crédito,Sim
53,1,3,259,0,2024-05-08,2024-05-11,3.0,1.0,10,No-show,Cartão de Débito,Sim
54,1,3,193,1,2023-08-22,2023-08-24,2.0,3.0,99,Confirmada,Cartão de Crédito,Não
55,5,1,166,2,2023-04-22,2023-04-23,1.0,2.0,99,Confirmada,Cartão de Débito,Não
56,3,2,41,2,2024-01-15,2024-01-17,2.0,1.0,1,Confirmada,PIX,Sim
57,12,5,41,1,2024-11-24,2024-11-26,2.0,1.0,6,No-show,Transferência,Sim
58,4,5,109,1,2024-01-08,2024-01-11,3.0,2.0,6,Confirmada,PIX,Sim
59,3,2,94,1,2023-04-10,2023-04-11,1.0,2.0,2,Confirmada,Dinheiro,Sim
60,12,3,281,4,2024-09-07,2024-09-10,3.0,2.0,8,Confirmada,Cartão de Débito,Sim
61,11,1,60,2,2023-01-30,2023-02-06,7.0,2.0,6,Confirmada,Cartão de Débito,Sim
62,11,2,227,4,2024-06-21,2024-06-25,4.0,1.0,9,Confirmada,Cartão de Crédito,Sim
63,2,3,251,0,2024-10-31,2024-11-06,6.0,3.0,99,Confirmada,Cartão de Débito,Não
64,1,2,223,4,2023-08-08,2023-08-13,5.0,1.0,6,Cancelada,Transferência,Sim
65,5,1,20,2,2023-10-15,2023-10-17,2.0,1.0,2,Confirmada,Cartão de Crédito,Sim
66,8,2,272,1,2024-09-04,2024-09-05,1.0,1.0,9,No-show,Transferência,Sim
67,1,2,69,1,2023-02-07,2023-02-12,5.0,2.0,7,Confirmada,PIX,Sim
68,12,1,291,1,2024-12-02,2024-12-07,5.0,2.0,10,Confirmada,Dinheiro,Sim
69,9,4,102,3,2023-06-17,2023-06-19,2.0,3.0,8,Confirmada,Cartão de Débito,Sim
70,1,2,16,1,2023-12-22,2023-12-28,6.0,1.0,10,Confirmada,Dinheiro,Sim
71,10,2,5,1,2023-04-27,2023-04-30,3.0,1.0,99,Confirmada,Transferência,Não
72,8,1,43,1,2024-12-04,2024-12-10,6.0,2.0,8,Concluída,PIX,Sim
73,2,4,75,2,2024-02-23,2024-02-26,3.0,3.0,6,Confirmada,PIX,Sim
74,12,2,113,1,2024-07-21,2024-07-25,4.0,1.0,8,Cancelada,Cartão de Crédito,Sim
75,4,2,155,3,2024-04-24,2024-04-27,3.0,2.0,10,Confirmada,Cartão de Débito,Sim
76,9,2,186,3,2024-11-10,2024-11-14,4.0,2.0,9,Confirmada,Cartão de Crédito,Sim
77,8,5,149,2,2024-05-11,2024-05-14,3.0,3.0,7,Cancelada,Transferência,Sim
78,11,5,258,2,2024-11-28,2024-12-03,5.0,2.0,99,Confirmada,Dinheiro,Não
79,11,4,275,1,2023-05-05,2023-05-08,3.0,2.0,10,Confirmada,Cartão de Crédito,Sim
80,3,1,277,4,2024-01-15,2024-01-17,2.0,2.0,1,Confirmada,Transferência,Sim
81,5,1,231,3,2024-06-15,2024-06-17,2.0,2.0,3,Confirmada,Transferência,Sim
82,3,3,101,2,2023-03-26,2023-03-28,2.0,2.0,1,Confirmada,PIX,Sim
83,3,2,98,4,2024-01-15,2024-01-17,2.0,1.0,1,Confirmada,Cartão de Débito,Sim
84,6,5,83,2,2023-02-05,2023-02-11,6.0,1.0,7,Confirmada,Cartão de Débito,Sim
85,12,2,215,3,2024-01-06,2024-01-12,6.0,1.0,6,Confirmada,Transferência,Sim
86,1,2,267,1,2023-09-28,2023-10-01,3.0,2.0,9,No-show,Cartão de Crédito,Sim
87,9,4,104,1,2024-07-11,2024-07-17,6.0,3.0,10,Confirmada,Dinheiro,Sim
88,10,3,45,1,2024-02-26,2024-02-28,2.0,1.0,6,No-show,PIX,Sim
89,3,1,166,3,2023-07-15,2023-07-17,2.0,1.0,1,Confirmada,Cartão de Crédito,Sim
90,11,2,44,2,2023-04-08,2023-04-14,6.0,2.0,8,Cancelada,Cartão de Débito,Sim
91,3,1,97,1,2023-07-15,2023-07-17,2.0,2.0,2,Confirmada,Transferência,Sim
92,7,4,27,3,2023-03-19,2023-03-26,7.0,4.0,99,No-show,PIX,Não
93,2,2,164,4,2023-06-01,2023-06-04,3.0,2.0,99,Confirmada,Dinheiro,Não
94,12,5,265,0,2023-12-09,2023-12-11,2.0,3.0,10,No-show,Cartão de Débito,Sim
95,3,3,141,2,2024-11-28,2024-12-01,3.0,3.0,1,No-show,Dinheiro,Sim
96,3,1,251,2,2023-05-14,2023-05-16,2.0,2.0,4,No-show,Dinheiro,Sim
97,9,3,278,3,2024-09-16,2024-09-20,4.0,1.0,9,Confirmada,Cartão de Crédito,Sim
98,2,4,228,1,2024-10-03,2024-10-10,7.0,3.0,7,Confirmada,Cartão de Débito,Sim
99,7,5,210,2,2023-06-01,2023-06-02,1.0,1.0,8,Confirmada,Dinheiro,Sim
100,10,1,67,4,2023-12-19,2023-12-22,3.0,1.0,10,Confirmada,Dinheiro,Sim
101,5,1,48,3,2024-06-15,2024-06-17,2.0,2.0,2,Confirmada,Cartão de Crédito,Sim
102,4,3,40,4,2023-11-26,2023-12-03,7.0,2.0,6,Confirmada,Cartão de Débito,Sim
103,9,3,244,1,2023-04-13,2023-04-14,1.0,1.0,9,Confirmada,Cartão de Crédito,Sim
104,2,5,237,2,2024-07-04,2024-07-08,4.0,4.0,6,Confirmada,PIX,Sim
105,11,2,227,4,2024-06-21,2024-06-25,4.0,1.0,9,Confirmada,Cartão de Crédito,Sim
106,8,3,53,0,2023-04-20,2023-04-22,2.0,1.0,6,Confirmada,Dinheiro,Sim
107,10,1,143,1,2023-01-23,2023-01-28,5.0,1.0,99,Confirmada,Transferência,Não
108,7,3,105,1,2024-09-16,2024-09-23,7.0,2.0,99,Confirmada,Cartão de Débito,Não
109,3,2,26,1,2024-01-15,2024-01-17,2.0,2.0,2,Confirmada,Dinheiro,Sim
110,10,1,292,4,2023-11-25,2023-12-02,7.0,2.0,99,Confirmada,Dinheiro,Não
111,10,2,170,2,2023-10-28,2023-10-30,2.0,1.0,10,Confirmada,Dinheiro,Sim
112,6,2,165,2,2024-11-15,2024-11-17,2.0,1.0,99,Confirmada,PIX,Não
113,12,5,248,4,2023-01-31,2023-02-01,1.0,3.0,99,Confirmada,PIX,Não
114,12,2,166,1,2024-11-30,2024-12-02,2.0,2.0,9,Confirmada,PIX,Sim
115,5,2,281,4,2023-10-15,2023-10-17,2.0,1.0,1,Confirmada,Cartão de Crédito,Sim
116,12,4,89,1,2023-07-08,2023-07-09,1.0,2.0,6,Cancelada,Cartão de Débito,Sim
117,3,3,244,2,2023-09-01,2023-09-04,3.0,2.0,2,Cancelada,Cartão de Débito,Sim
118,4,1,138,2,2023-05-07,2023-05-11,4.0,2.0,9,Confirmada,Transferência,Sim
119,10,1,21,4,2023-09-05,2023-09-07,2.0,2.0,7,Confirmada,PIX,Sim
120,2,4,24,1,2023-12-12,2023-12-19,7.0,4.0,10,Confirmada,Cartão de Débito,Sim
121,4,5,62,1,2023-04-24,2023-04-25,1.0,3.0,9,Confirmada,Dinheiro,Sim
122,5,1,129,2,2024-06-15,2024-06-17,2.0,2.0,3,Confirmada,Cartão de Crédito,Sim
123,3,1,199,3,2023-07-15,2023-07-17,2.0,1.0,3,Confirmada,Dinheiro,Sim
124,7,3,104,2,2024-03-01,2024-03-02,1.0,1.0,99,Confirmada,PIX,Não
125,6,3,60,3,2024-07-11,2024-07-12,1.0,2.0,7,Cancelada,Dinheiro,Sim
126,9,4,226,1,2023-11-19,2023-11-23,4.0,2.0,99,Confirmada,PIX,Não
127,3,2,121,4,2024-01-15,2024-01-17,2.0,2.0,1,Confirmada,Cartão de Crédito,Sim
128,9,4,156,2,2024-04-29,2024-05-03,4.0,1.0,8,Confirmada,Transferência,Sim
129,11,1,232,2,2023-05-21,2023-05-24,3.0,1.0,7,Confirmada,PIX,Sim
130,9,1,25,2,2024-04-21,2024-04-24,3.0,1.0,6,Confirmada,PIX,Sim
131,2,3,138,2,2024-10-01,2024-10-06,5.0,1.0,10,No-show,Dinheiro,Sim
132,6,4,97,2,2024-11-05,2024-11-10,5.0,1.0,6,Confirmada,Dinheiro,Sim
133,3,2,88,3,2024-01-15,2024-01-17,2.0,2.0,1,Confirmada,PIX,Sim
134,2,1,146,1,2023-11-17,2023-11-22,5.0,1.0,99,Confirmada,Cartão de Débito,Não
135,10,3,21,2,2024-09-10,2024-09-17,7.0,1.0,6,Confirmada,Cartão de Débito,Sim
136,8,3,242,2,2023-06-13,2023-06-17,4.0,3.0,9,Confirmada,Cartão de Crédito,Sim
137,5,1,116,4,2023-10-07,2023-10-08,1.0,1.0,4,Cancelada,Cartão de Débito,Sim
138,10,2,249,0,2023-04-07,2023-04-10,3.0,1.0,6,Confirmada,Dinheiro,Sim
139,2,3,234,2,2024-10-31,2024-11-01,1.0,1.0,7,Confirmada,Cartão de Crédito,Sim
140,10,1,121,4,2024-08-13,2024-08-20,7.0,2.0,9,Confirmada,PIX,Sim
141,6,3,269,1,2024-02-28,2024-02-29,1.0,1.0,9,Confirmada,Cartão de Crédito,Sim
142,6,2,58,0,2023-08-26,2023-09-01,6.0,2.0,8,No-show,PIX,Sim
143,7,3,101,3,2024-03-11,2024-03-13,2.0,2.0,10,Confirmada,Cartão de Crédito,Sim
144,8,1,56,4,2024-05-08,2024-05-09,1.0,1.0,99,Confirmada,Dinheiro,Não
145,9,2,157,2,2023-02-26,2023-03-01,3.0,2.0,99,Confirmada,Transferência,Não
146,6,4,58,3,2023-02-02,2023-02-07,5.0,4.0,8,Confirmada,Transferência,Sim
147,6,2,266,4,2024-08-31,2024-09-05,5.0,2.0,10,Confirmada,PIX,Sim
148,3,2,154,4,2024-01-15,2024-01-17,2.0,2.0,1,Confirmada,PIX,Sim
149,7,3,147,2,2024-11-14,2024-11-17,3.0,3.0,10,Confirmada,PIX,Sim
150,7,2,234,2,2023-09-08,2023-09-12,4.0,2.0,10,Confirmada,Cartão de Crédito,Sim
151,7,3,248,1,2023-06-09,2023-06-15,6.0,3.0,10,Cancelada,Dinheiro,Sim
152,2,5,149,4,2024-08-03,2024-08-08,5.0,3.0,6,Confirmada,Dinheiro,Sim
153,11,5,148,1,2023-08-28,2023-08-29,1.0,4.0,10,Cancelada,Dinheiro,Sim
154,3,3,153,2,2024-06-22,2024-06-24,2.0,3.0,99,Confirmada,PIX,Não
155,5,1,47,0,2023-06-20,2023-06-23,3.0,2.0,99,Confirmada,Dinheiro,Não
156,1,3,133,2,2023-01-15,2023-01-18,3.0,2.0,8,Confirmada,Transferência,Sim
157,3,3,25,2,2024-12-14,2024-12-15,1.0,3.0,1,Confirmada,Cartão de Crédito,Sim
158,4,3,190,1,2023-07-12,2023-07-16,4.0,3.0,8,Confirmada,Cartão de Crédito,Sim
159,11,2,125,1,2024-11-29,2024-12-05,6.0,1.0,7,Confirmada,PIX,Sim
160,11,1,299,1,2024-01-27,2024-01-28,1.0,1.0,6,Cancelada,Cartão de Crédito,Sim
161,9,2,49,2,2023-02-11,2023-02-12,1.0,1.0,7,Confirmada,Cartão de Débito,Sim
162,11,5,45,1,2024-04-07,2024-04-10,3.0,2.0,10,Confirmada,Dinheiro,Sim
163,7,5,102,0,2023-03-17,2023-03-22,5.0,1.0,9,Confirmada,Dinheiro,Sim
164,4,4,5,4,2023-04-23,2023-04-24,1.0,3.0,7,Confirmada,Transferência,Sim
165,12,3,88,2,2024-05-15,2024-05-20,5.0,3.0,6,Cancelada,Cartão de Crédito,Sim
166,3,3,292,2,2024-10-06,2024-10-09,3.0,2.0,4,Confirmada,PIX,Sim
167,6,2,192,2,2023-07-30,2023-08-01,2.0,1.0,10,Confirmada,Dinheiro,Sim
168,5,2,234,2,2024-06-15,2024-06-17,2.0,1.0,2,Confirmada,Cartão de Débito,Sim
169,4,4,166,3,2024-08-21,2024-08-26,5.0,1.0,7,Confirmada,Dinheiro,Sim
170,2,2,223,1,2024-02-15,2024-02-20,5.0,1.0,9,Confirmada,Dinheiro,Sim
171,1,3,69,1,2023-04-27,2023-05-01,4.0,3.0,9,Confirmada,Cartão de Débito,Sim
172,8,3,104,2,2024-12-10,2024-12-16,6.0,3.0,7,Confirmada,Cartão de Crédito,Sim
173,4,1,23,4,2023-08-20,2023-08-22,2.0,2.0,10,Concluída,PIX,Sim
174,2,2,145,0,2024-12-02,2024-12-09,7.0,2.0,99,Confirmada,Transferência,Não
175,1,3,217,2,2024-09-22,2024-09-28,6.0,2.0,8,Confirmada,Dinheiro,Sim
176,7,5,66,1,2023-01-09,2023-01-10,1.0,1.0,6,Confirmada,Transferência,Sim
177,7,5,138,2,2024-07-15,2024-07-19,4.0,2.0,99,Concluída,Cartão de Crédito,Não
178,5,1,76,2,2024-06-15,2024-06-17,2.0,1.0,3,Confirmada,Transferência,Sim
179,6,2,199,2,2024-08-20,2024-08-27,7.0,1.0,9,Confirmada,Dinheiro,Sim
180,7,5,270,4,2024-09-23,2024-09-29,6.0,3.0,10,No-show,PIX,Sim
181,6,2,224,1,2024-03-24,2024-03-28,4.0,1.0,8,Confirmada,PIX,Sim
182,1,2,214,2,2024-07-22,2024-07-25,3.0,2.0,6,Cancelada,Cartão de Débito,Sim
183,11,5,4,1,2023-04-13,2023-04-15,2.0,4.0,6,Confirmada,Dinheiro,Sim
184,5,2,268,2,2023-08-22,2023-08-25,3.0,2.0,1,Cancelada,Cartão de Débito,Sim
185,3,1,178,1,2024-01-15,2024-01-17,2.0,2.0,1,Confirmada,Dinheiro,Sim
186,6,3,13,3,2024-05-20,2024-05-22,2.0,1.0,99,Confirmada,Transferência,Não
187,10,3,31,2,2023-07-17,2023-07-23,6.0,3.0,9,Confirmada,Transferência,Sim
188,4,1,75,2,2024-02-16,2024-02-19,3.0,2.0,9,Confirmada,Dinheiro,Sim
189,4,3,141,1,2024-05-26,2024-06-01,6.0,1.0,6,Confirmada,Cartão de Crédito,Sim
190,4,2,217,0,2023-03-28,2023-03-31,3.0,2.0,6,Confirmada,Dinheiro,Sim
191,6,2,254,3,2024-10-17,2024-10-22,5.0,2.0,6,Confirmada,Transferência,Sim
192,9,4,218,2,2024-12-24,2024-12-26,2.0,4.0,99,Confirmada,Cartão de Crédito,Não
193,7,1,92,1,2024-10-16,2024-10-17,1.0,1.0,6,Concluída,PIX,Sim
194,7,1,228,2,2023-07-31,2023-08-04,4.0,1.0,0,Concluída,PIX,Sim
195,9,3,101,3,2023-02-08,2023-02-13,5.0,1.0,10,Confirmada,Dinheiro,Sim
196,12,2,155,1,2023-08-16,2023-08-19,3.0,2.0,6,Confirmada,Dinheiro,Sim
197,5,2,280,2,2023-02-14,2023-02-17,3.0,1.0,4,Concluída,Dinheiro,Sim
198,10,2,285,1,2024-04-14,2024-04-16,2.0,1.0,9,Confirmada,Cartão de Débito,Sim
199,2,2,255,1,2023-04-08,2023-04-13,5.0,1.0,7,Confirmada,Dinheiro,Sim
200,2,4,99,2,2023-12-08,2023-12-12,4.0,3.0,99,Cancelada,Cartão de Débito,Não
201,11,3,124,1,2024-01-03,2024-01-05,2.0,2.0,99,Confirmada,Dinheiro,Não
202,4,3,86,4,2024-01-10,2024-01-14,4.0,2.0,99,Confirmada,Cartão de Crédito,Não
203,11,4,121,4,2023-10-14,2023-10-16,2.0,1.0,7,Cancelada,Cartão de Débito,Sim
204,10,3,111,4,2023-09-30,2023-10-02,2.0,1.0,99,Confirmada,Cartão de Crédito,Não
205,3,1,56,4,2024-05-29,2024-05-30,1.0,1.0,2,Confirmada,Transferência,Sim
206,9,2,112,1,2023-11-13,2023-11-15,2.0,1.0,99,Confirmada,Cartão de Crédito,Não
207,9,3,133,2,2023-04-04,2023-04-08,4.0,3.0,8,Confirmada,Dinheiro,Sim
208,6,3,278,1,2023-10-22,2023-10-28,6.0,1.0,10,Confirmada,Cartão de Débito,Sim
209,9,3,281,1,2024-08-14,2024-08-20,6.0,1.0,10,Cancelada,Cartão de Crédito,Sim
210,11,3,238,1,2024-07-17,2024-07-24,7.0,3.0,6,Confirmada,Transferência,Sim
211,8,1,296,2,2024-11-10,2024-11-11,1.0,2.0,10,Confirmada,Cartão de Crédito,Sim
212,5,1,120,3,2024-06-15,2024-06-17,2.0,2.0,3,Confirmada,PIX,Sim
213,4,2,283,1,2023-10-20,2023-10-24,4.0,2.0,9,Confirmada,Cartão de Crédito,Sim
214,2,3,287,0,2023-10-21,2023-10-24,3.0,3.0,99,Confirmada,Transferência,Não
215,9,1,206,2,2023-06-27,2023-07-04,7.0,1.0,10,Confirmada,Dinheiro,Sim
216,7,3,299,4,2024-01-11,2024-01-17,6.0,2.0,6,Confirmada,Cartão de Crédito,Sim
217,7,3,184,4,2024-02-11,2024-02-16,5.0,1.0,9,Confirmada,PIX,Sim
218,7,2,136,1,2023-08-18,2023-08-24,6.0,1.0,8,Confirmada,Cartão de Crédito,Sim
219,12,3,177,1,2023-08-08,2023-08-13,5.0,1.0,8,Confirmada,Transferência,Sim
220,5,1,225,2,2023-10-15,2023-10-17,2.0,1.0,1,Confirmada,Cartão de Crédito,Sim
221,10,2,282,1,2023-01-06,2023-01-11,5.0,2.0,8,Confirmada,Transferência,Sim
222,8,1,169,1,2023-02-05,2023-02-06,1.0,1.0,9,Concluída,PIX,Sim
223,8,1,16,2,2023-05-31,2023-06-01,1.0,1.0,10,Confirmada,Transferência,Sim
224,11,1,262,1,2023-01-18,2023-01-25,7.0,1.0,8,Confirmada,Cartão de Débito,Sim
225,2,2,130,2,2024-06-19,2024-06-23,4.0,1.0,10,Confirmada,Transferência,Sim
226,2,2,153,2,2024-09-21,2024-09-24,3.0,2.0,6,Cancelada,Cartão de Crédito,Sim
227,9,3,184,2,2023-07-23,2023-07-24,1.0,2.0,10,Confirmada,Transferência,Sim
228,10,1,221,2,2023-06-13,2023-06-18,5.0,2.0,8,Concluída,Cartão de Débito,Sim
229,11,2,138,4,2023-11-17,2023-11-23,6.0,1.0,6,Confirmada,Cartão de Débito,Sim
230,9,2,86,0,2023-06-11,2023-06-12,1.0,2.0,9,Confirmada,Cartão de Crédito,Sim
231,4,5,182,2,2023-10-01,2023-10-02,1.0,3.0,7,Confirmada,Dinheiro,Sim
232,2,4,294,2,2023-02-07,2023-02-09,2.0,3.0,6,Confirmada,PIX,Sim
233,6,3,282,1,2024-03-26,2024-03-27,1.0,3.0,8,Concluída,Dinheiro,Sim
234,4,5,220,1,2023-06-21,2023-06-22,1.0,4.0,10,Confirmada,PIX,Sim
235,9,1,182,2,2024-12-17,2024-12-22,5.0,1.0,99,Confirmada,Cartão de Débito,Não
236,2,3,160,0,2024-06-28,2024-07-04,6.0,1.0,6,Confirmada,PIX,Sim
237,4,1,283,4,2023-10-05,2023-10-10,5.0,2.0,9,Confirmada,Transferência,Sim
238,10,3,254,1,2023-11-04,2023-11-11,7.0,2.0,6,Confirmada,Transferência,Sim
239,1,3,115,1,2024-10-24,2024-10-26,2.0,2.0,6,Confirmada,Cartão de Crédito,Sim
240,2,3,63,1,2024-12-25,2025-01-01,7.0,3.0,6,Confirmada,Dinheiro,Sim
241,9,2,273,1,2024-09-24,2024-09-27,3.0,2.0,9,No-show,Cartão de Crédito,Sim
242,11,4,14,4,2023-04-07,2023-04-11,4.0,3.0,99,Confirmada,PIX,Não
243,2,1,51,2,2024-03-30,2024-04-04,5.0,1.0,9,Cancelada,Cartão de Débito,Sim
244,10,2,193,2,2023-12-14,2023-12-20,6.0,2.0,9,Confirmada,Transferência,Sim
245,6,2,233,1,2023-10-26,2023-10-27,1.0,1.0,9,Confirmada,PIX,Sim
246,3,2,214,1,2023-08-22,2023-08-23,1.0,2.0,4,Confirmada,Dinheiro,Sim
247,8,3,191,2,2024-10-08,2024-10-13,5.0,3.0,9,Confirmada,Cartão de Débito,Sim
248,4,5,112,2,2023-04-27,2023-05-04,7.0,1.0,7,Confirmada,Cartão de Crédito,Sim
249,10,4,187,3,2024-10-17,2024-10-19,2.0,4.0,99,Confirmada,Transferência,Não
250,12,2,3,1,2023-10-18,2023-10-21,3.0,2.0,6,Confirmada,Cartão de Débito,Sim
251,3,4,290,1,2023-01-08,2023-01-09,1.0,3.0,4,Confirmada,Transferência,Sim
252,5,2,196,4,2023-10-15,2023-10-17,2.0,2.0,1,Confirmada,Cartão de Débito,Sim
253,5,3,202,2,2023-09-27,2023-09-29,2.0,2.0,3,No-show,Transferência,Sim
254,1,4,10,1,2023-12-12,2023-12-16,4.0,3.0,9,Confirmada,Dinheiro,Sim
255,6,2,40,2,2024-05-26,2024-06-01,6.0,2.0,7,Concluída,Cartão de Débito,Sim
256,9,5,235,3,2023-12-25,2023-12-30,5.0,4.0,7,Concluída,Cartão de Débito,Sim
257,10,1,6,1,2024-01-15,2024-01-16,1.0,1.0,9,Confirmada,Cartão de Crédito,Sim
258,2,5,289,2,2024-10-06,2024-10-11,5.0,3.0,8,Confirmada,Cartão de Débito,Sim
259,2,5,277,1,2024-06-23,2024-06-30,7.0,4.0,10,No-show,Cartão de Crédito,Sim
260,8,1,67,0,2023-10-12,2023-10-13,1.0,2.0,6,Confirmada,Cartão de Débito,Sim
261,10,2,199,3,2024-08-12,2024-08-18,6.0,2.0,8,Confirmada,Transferência,Sim
262,4,3,240,2,2024-09-13,2024-09-15,2.0,3.0,10,Confirmada,Transferência,Sim
263,4,2,44,1,2023-01-06,2023-01-11,5.0,1.0,99,Confirmada,Cartão de Crédito,Não
264,11,3,292,1,2023-11-23,2023-11-26,3.0,2.0,6,Confirmada,Dinheiro,Sim
265,4,2,216,4,2024-08-10,2024-08-16,6.0,2.0,7,Confirmada,PIX,Sim
266,5,1,135,1,2023-10-15,2023-10-17,2.0,1.0,2,Confirmada,PIX,Sim
267,1,1,152,3,2023-01-26,2023-01-30,4.0,1.0,7,Concluída,Cartão de Crédito,Sim
268,7,2,280,2,2024-05-23,2024-05-28,5.0,2.0,7,Concluída,Cartão de Débito,Sim
269,5,3,41,0,2023-11-24,2023-11-26,2.0,2.0,2,Cancelada,Transferência,Sim
270,12,3,275,4,2024-01-25,2024-01-31,6.0,1.0,10,Confirmada,Cartão de Débito,Sim
271,3,1,148,2,2024-01-15,2024-01-17,2.0,2.0,2,Confirmada,Cartão de Débito,Sim
272,4,5,15,3,2023-06-22,2023-06-26,4.0,2.0,7,Cancelada,Dinheiro,Sim
273,8,1,23,1,2024-03-11,2024-03-18,7.0,2.0,7,Cancelada,Cartão de Crédito,Sim
274,9,1,13,1,2024-01-26,2024-02-01,6.0,1.0,9,Confirmada,Dinheiro,Sim
275,12,4,245,2,2024-02-14,2024-02-15,1.0,1.0,7,Confirmada,PIX,Sim
276,8,2,283,2,2024-11-17,2024-11-20,3.0,1.0,8,Confirmada,Dinheiro,Sim
277,3,2,194,1,2023-12-08,2023-12-11,3.0,2.0,4,Cancelada,Cartão de Crédito,Sim
278,3,1,52,3,2024-01-15,2024-01-17,2.0,1.0,2,Confirmada,Cartão de Débito,Sim
279,11,1,1,2,2024-10-21,2024-10-25,4.0,2.0,10,Concluída,Transferência,Sim
280,11,4,147,2,2023-12-20,2023-12-27,7.0,1.0,6,Confirmada,Cartão de Crédito,Sim
281,7,3,142,4,2023-12-15,2023-12-17,2.0,2.0,10,Cancelada,Dinheiro,Sim
282,2,2,76,2,2024-03-31,2024-04-04,4.0,2.0,8,Confirmada,Cartão de Crédito,Sim
283,12,1,124,4,2024-05-20,2024-05-23,3.0,1.0,99,Confirmada,Cartão de Crédito,Não
284,5,2,33,2,2024-06-15,2024-06-17,2.0,1.0,1,Confirmada,Cartão de Débito,Sim
285,7,3,21,3,2024-05-03,2024-05-06,3.0,1.0,8,Confirmada,Dinheiro,Sim
286,9,3,285,1,2023-01-19,2023-01-26,7.0,2.0,6,Cancelada,Transferência,Sim
287,11,3,153,1,2023-06-12,2023-06-14,2.0,2.0,8,Confirmada,PIX,Sim
288,3,3,108,1,2023-07-16,2023-07-17,1.0,1.0,4,Concluída,Transferência,Sim
289,7,3,165,1,2024-01-06,2024-01-12,6.0,2.0,6,Confirmada,Cartão de Débito,Sim
290,6,2,31,1,2023-07-08,2023-07-11,3.0,1.0,6,Confirmada,Transferência,Sim
291,3,1,130,3,2023-07-15,2023-07-17,2.0,2.0,1,Confirmada,Dinheiro,Sim
292,11,3,237,3,2023-03-16,2023-03-18,2.0,3.0,6,Confirmada,Dinheiro,Sim
293,9,1,145,2,2023-05-29,2023-05-31,2.0,2.0,6,Confirmada,Cartão de Crédito,Sim
294,10,1,22,2,2023-04-06,2023-04-09,3.0,1.0,99,Confirmada,PIX,Não
295,8,2,230,2,2023-04-13,2023-04-17,4.0,1.0,9,Confirmada,PIX,Sim
296,5,2,135,1,2024-06-15,2024-06-17,2.0,2.0,3,Confirmada,Cartão de Débito,Sim
297,12,3,32,2,2023-11-09,2023-11-11,2.0,3.0,8,Confirmada,Cartão de Débito,Sim
298,9,2,193,4,2024-07-08,2024-07-14,6.0,1.0,6,Concluída,Dinheiro,Sim
299,1,3,65,2,2023-09-12,2023-09-14,2.0,2.0,6,Confirmada,Cartão de Crédito,Sim
300,10,4,202,1,2023-05-06,2023-05-08,2.0,3.0,99,No-show,Transferência,Não
301,5,2,292,2,2023-06-29,2023-06-30,1.0,2.0,3,Confirmada,Transferência,Sim
302,11,5,69,4,2023-10-28,2023-10-29,1.0,4.0,9,Concluída,Cartão de Débito,Sim
303,6,4,268,4,2023-11-28,2023-12-03,5.0,1.0,7,Confirmada,Cartão de Crédito,Sim
304,3,2,131,1,2024-01-15,2024-01-17,2.0,2.0,1,Confirmada,PIX,Sim
305,12,1,101,1,2023-04-08,2023-04-10,2.0,2.0,99,Confirmada,PIX,Não
306,4,3,153,1,2023-01-24,2023-01-29,5.0,2.0,6,Cancelada,Dinheiro,Sim
307,3,1,208,2,2024-09-12,2024-09-14,2.0,1.0,1,Confirmada,Dinheiro,Sim
308,4,5,155,1,2023-02-12,2023-02-17,5.0,2.0,9,Concluída,PIX,Sim
309,1,3,128,1,2024-06-07,2024-06-12,5.0,1.0,99,Confirmada,Transferência,Não
310,6,5,126,1,2023-03-26,2023-03-29,3.0,1.0,7,Confirmada,Cartão de Débito,Sim
311,3,1,27,2,2023-07-15,2023-07-17,2.0,1.0,3,Confirmada,Transferência,Sim
312,11,1,232,2,2023-09-08,2023-09-12,4.0,2.0,8,Confirmada,Cartão de Crédito,Sim
313,11,4,295,2,2023-02-24,2023-03-03,7.0,3.0,8,Confirmada,Dinheiro,Sim
314,9,3,158,1,2024-05-27,2024-06-01,5.0,1.0,99,Confirmada,Cartão de Crédito,Não
315,7,3,106,4,2024-09-12,2024-09-17,5.0,2.0,9,Confirmada,Cartão de Crédito,Sim
316,8,2,1,1,2024-09-02,2024-09-05,3.0,1.0,8,Concluída,Cartão de Crédito,Sim
317,1,1,136,2,2024-11-16,2024-11-20,4.0,1.0,6,Concluída,PIX,Sim
318,1,3,166,4,2023-08-03,2023-08-08,5.0,3.0,99,Cancelada,Transferência,Não
319,5,2,81,1,2023-10-15,2023-10-17,2.0,1.0,3,Confirmada,PIX,Sim
320,8,5,71,0,2024-05-29,2024-06-03,5.0,3.0,10,Confirmada,Dinheiro,Sim
321,1,2,294,1,2024-01-02,2024-01-08,6.0,2.0,9,Confirmada,Cartão de Crédito,Sim
322,4,4,209,4,2024-06-25,2024-07-02,7.0,1.0,6,Confirmada,PIX,Sim
323,7,1,101,1,2023-01-28,2023-02-03,6.0,1.0,7,Confirmada,Cartão de Débito,Sim
324,6,3,47,3,2024-01-26,2024-02-01,6.0,1.0,99,Confirmada,Dinheiro,Não
325,9,3,136,4,2024-09-30,2024-10-06,6.0,3.0,8,Confirmada,Dinheiro,Sim
326,1,3,133,2,2023-05-04,2023-05-10,6.0,1.0,99,Confirmada,Transferência,Não
327,4,3,61,4,2023-05-23,2023-05-26,3.0,3.0,9,Confirmada,Cartão de Débito,Sim
328,4,1,67,1,2023-02-19,2023-02-22,3.0,2.0,9,Confirmada,PIX,Sim
329,3,2,29,4,2024-01-15,2024-01-17,2.0,2.0,2,Confirmada,Transferência,Sim
330,7,4,254,3,2024-06-08,2024-06-15,7.0,2.0,9,Cancelada,Cartão de Débito,Sim
331,8,1,95,1,2023-10-20,2023-10-23,3.0,1.0,10,Concluída,PIX,Sim
332,3,2,30,3,2023-07-15,2023-07-17,2.0,1.0,1,Confirmada,PIX,Sim
333,6,1,141,4,2023-11-14,2023-11-21,7.0,2.0,6,Confirmada,Cartão de Crédito,Sim
334,4,2,291,1,2024-08-31,2024-09-07,7.0,2.0,99,Confirmada,Dinheiro,Não
335,9,5,107,1,2023-02-13,2023-02-16,3.0,1.0,99,Concluída,Dinheiro,Não
336,7,4,239,4,2024-06-01,2024-06-02,1.0,3.0,10,Confirmada,Cartão de Débito,Sim
337,6,2,148,1,2023-05-21,2023-05-25,4.0,2.0,10,Confirmada,PIX,Sim
338,10,2,190,4,2023-01-24,2023-01-28,4.0,1.0,6,Cancelada,Cartão de Débito,Sim
339,7,3,221,1,2023-06-07,2023-06-13,6.0,3.0,7,Cancelada,Cartão de Crédito,Sim
340,3,3,263,2,2024-08-08,2024-08-09,1.0,1.0,3,Confirmada,Dinheiro,Sim
341,9,2,154,2,2024-09-23,2024-09-24,1.0,2.0,7,Concluída,Dinheiro,Sim
342,7,1,231,4,2023-12-20,2023-12-21,1.0,2.0,9,Confirmada,PIX,Sim
343,12,3,149,4,2024-08-30,2024-09-03,4.0,3.0,10,Confirmada,Cartão de Débito,Sim
344,9,4,135,1,2023-07-17,2023-07-22,5.0,1.0,7,Confirmada,Cartão de Crédito,Sim
345,2,1,45,2,2023-09-15,2023-09-17,2.0,1.0,7,Concluída,Cartão de Crédito,Sim
346,4,1,22,4,2024-04-05,2024-04-10,5.0,2.0,9,Confirmada,Cartão de Débito,Sim
347,1,3,200,3,2023-07-28,2023-08-04,7.0,2.0,99,No-show,Transferência,Não
348,10,2,96,2,2023-09-11,2023-09-13,2.0,2.0,9,Confirmada,Transferência,Sim
349,10,1,30,3,2024-03-16,2024-03-19,3.0,1.0,9,Cancelada,PIX,Sim
350,1,5,83,2,2024-04-04,2024-04-06,2.0,2.0,6,Confirmada,Cartão de Débito,Sim
351,7,1,108,2,2024-06-05,2024-06-10,5.0,2.0,9,Confirmada,Transferência,Sim
352,2,1,227,4,2023-07-13,2023-07-15,2.0,2.0,9,Confirmada,Cartão de Crédito,Sim
353,3,2,272,4,2024-01-15,2024-01-17,2.0,1.0,3,Confirmada,Cartão de Crédito,Sim
354,3,2,201,3,2023-07-15,2023-07-17,2.0,2.0,2,Confirmada,PIX,Sim
355,11,3,293,4,2023-09-03,2023-09-10,7.0,1.0,8,Confirmada,PIX,Sim
356,5,1,57,2,2023-07-19,2023-07-20,1.0,2.0,4,Cancelada,PIX,Sim
357,9,1,37,2,2024-01-02,2024-01-09,7.0,1.0,6,Confirmada,Cartão de Crédito,Sim
358,3,1,10,4,2024-01-15,2024-01-17,2.0,2.0,2,Confirmada,PIX,Sim
359,12,2,211,4,2024-11-29,2024-12-06,7.0,2.0,7,Cancelada,Cartão de Crédito,Sim
360,7,2,21,2,2023-08-05,2023-08-07,2.0,2.0,10,Concluída,Dinheiro,Sim
361,1,4,119,1,2024-12-26,2024-12-27,1.0,1.0,8,Confirmada,Cartão de Crédito,Sim
362,10,1,213,2,2024-11-20,2024-11-22,2.0,1.0,9,Confirmada,Cartão de Crédito,Sim
363,12,3,83,2,2024-02-05,2024-02-12,7.0,1.0,6,Confirmada,Cartão de Débito,Sim
364,4,3,288,1,2023-04-03,2023-04-10,7.0,3.0,10,Confirmada,Dinheiro,Sim
365,11,3,281,3,2023-04-10,2023-04-11,1.0,3.0,8,Confirmada,Dinheiro,Sim
366,9,2,177,2,2024-06-14,2024-06-21,7.0,1.0,7,Confirmada,Cartão de Débito,Sim
367,10,2,151,3,2023-08-20,2023-08-27,7.0,2.0,7,Confirmada,Cartão de Débito,Sim
368,8,3,188,2,2024-10-24,2024-10-31,7.0,1.0,10,Cancelada,Cartão de Crédito,Sim
369,5,1,47,1,2023-12-21,2023-12-23,2.0,1.0,3,Confirmada,Dinheiro,Sim
370,1,1,176,1,2023-01-10,2023-01-17,7.0,2.0,9,Concluída,PIX,Sim
371,3,1,102,3,2023-07-15,2023-07-17,2.0,1.0,3,Confirmada,PIX,Sim
372,11,5,24,1,2023-08-09,2023-08-13,4.0,4.0,7,Concluída,PIX,Sim
373,7,4,215,1,2023-07-19,2023-07-21,2.0,2.0,10,Confirmada,PIX,Sim
374,10,2,9,4,2023-02-13,2023-02-16,3.0,2.0,6,Confirmada,PIX,Sim
375,3,1,282,3,2024-01-15,2024-01-17,2.0,1.0,1,Confirmada,Cartão de Débito,Sim
376,3,2,140,2,2023-03-22,2023-03-24,2.0,1.0,2,Confirmada,Cartão de Débito,Sim
377,5,2,300,2,2024-06-15,2024-06-17,2.0,2.0,3,Confirmada,Dinheiro,Sim
378,8,3,83,1,2024-03-26,2024-03-30,4.0,3.0,99,Confirmada,Cartão de Crédito,Não
379,11,4,20,1,2024-03-22,2024-03-26,4.0,4.0,9,Confirmada,Cartão de Crédito,Sim
380,2,1,242,3,2024-07-21,2024-07-25,4.0,2.0,9,Confirmada,PIX,Sim
381,10,4,116,4,2023-07-21,2023-07-26,5.0,4.0,6,Confirmada,PIX,Sim
382,6,2,145,1,2024-01-13,2024-01-15,2.0,1.0,8,Confirmada,Cartão de Crédito,Sim
383,7,3,52,1,2024-07-08,2024-07-10,2.0,1.0,9,Cancelada,PIX,Sim
384,5,1,250,4,2024-03-26,2024-03-28,2.0,2.0,4,Concluída,Dinheiro,Sim
385,9,4,159,2,2023-10-27,2023-10-30,3.0,4.0,9,Concluída,Cartão de Crédito,Sim
386,4,2,185,4,2024-12-20,2024-12-21,1.0,1.0,9,Concluída,PIX,Sim
387,4,4,178,4,2024-10-10,2024-10-14,4.0,1.0,10,Confirmada,PIX,Sim
388,5,2,72,4,2023-10-15,2023-10-17,2.0,2.0,3,Confirmada,PIX,Sim
389,4,3,282,2,2024-04-17,2024-04-18,1.0,2.0,6,Confirmada,Cartão de Crédito,Sim
390,4,2,71,0,2023-02-11,2023-02-13,2.0,1.0,6,Confirmada,PIX,Sim
391,6,2,108,3,2024-11-30,2024-12-03,3.0,2.0,6,Confirmada,Cartão de Débito,Sim
392,2,1,148,3,2024-08-03,2024-08-04,1.0,2.0,9,Confirmada,PIX,Sim
393,11,1,145,1,2024-04-10,2024-04-16,6.0,2.0,9,Confirmada,Dinheiro,Sim
394,5,1,12,2,2024-04-14,2024-04-15,1.0,1.0,1,Confirmada,Dinheiro,Sim
395,9,1,289,2,2023-08-27,2023-08-28,1.0,1.0,6,Cancelada,PIX,Sim
396,2,1,117,4,2024-12-08,2024-12-11,3.0,2.0,8,Confirmada,Cartão de Débito,Sim
397,4,1,44,1,2023-09-12,2023-09-19,7.0,1.0,6,Concluída,PIX,Sim
398,3,2,186,2,2023-08-13,2023-08-14,1.0,1.0,3,No-show,Cartão de Crédito,Sim
399,11,3,214,2,2023-03-09,2023-03-12,3.0,1.0,7,No-show,Dinheiro,Sim
400,12,3,206,2,2023-02-08,2023-02-15,7.0,2.0,99,Confirmada,PIX,Não
401,5,1,291,2,2023-06-26,2023-06-28,2.0,2.0,1,Confirmada,Dinheiro,Sim
402,7,3,223,3,2024-12-12,2024-12-17,5.0,3.0,7,Confirmada,Cartão de Débito,Sim
403,2,1,168,3,2023-11-30,2023-12-05,5.0,2.0,6,Confirmada,Dinheiro,Sim
404,12,1,220,1,2024-09-09,2024-09-11,2.0,2.0,10,Confirmada,Cartão de Crédito,Sim
405,4,1,113,4,2024-11-26,2024-12-03,7.0,1.0,99,Confirmada,PIX,Não
406,3,2,89,2,2023-07-15,2023-07-17,2.0,1.0,2,Confirmada,Transferência,Sim
407,9,3,192,2,2023-01-29,2023-02-03,5.0,1.0,8,No-show,Cartão de Débito,Sim
408,1,3,153,4,2024-02-09,2024-02-16,7.0,3.0,9,Cancelada,Cartão de Débito,Sim
409,7,5,213,1,2024-09-03,2024-09-08,5.0,4.0,9,Confirmada,Cartão de Crédito,Sim
410,5,1,146,4,2023-10-15,2023-10-17,2.0,1.0,1,Confirmada,Cartão de Débito,Sim
411,8,1,178,4,2023-05-31,2023-06-06,6.0,1.0,7,Cancelada,Dinheiro,Sim
412,1,3,285,2,2024-08-01,2024-08-04,3.0,2.0,9,Confirmada,Transferência,Sim
413,2,3,232,1,2023-01-30,2023-01-31,1.0,2.0,8,Confirmada,Transferência,Sim
414,6,5,279,1,2024-03-21,2024-03-26,5.0,2.0,6,Confirmada,Dinheiro,Sim
415,3,1,67,4,2023-07-30,2023-07-31,1.0,2.0,2,Confirmada,Cartão de Crédito,Sim
416,2,3,149,1,2023-01-07,2023-01-11,4.0,1.0,10,Cancelada,Dinheiro,Sim
417,12,3,289,3,2024-10-26,2024-11-02,7.0,2.0,9,Confirmada,Dinheiro,Sim
418,11,3,283,3,2024-02-08,2024-02-12,4.0,2.0,10,Confirmada,Transferência,Sim
419,3,3,52,2,2023-02-23,2023-02-25,2.0,2.0,1,Confirmada,Transferência,Sim
420,12,3,57,4,2024-04-07,2024-04-10,3.0,2.0,7,Confirmada,Cartão de Crédito,Sim
421,6,5,175,1,2024-05-17,2024-05-18,1.0,3.0,10,Confirmada,PIX,Sim
422,3,1,285,2,2023-12-26,2023-12-29,3.0,1.0,1,Confirmada,Cartão de Débito,Sim
423,12,4,216,1,2023-01-29,2023-02-05,7.0,4.0,9,Confirmada,Dinheiro,Sim
424,10,3,288,4,2023-04-14,2023-04-16,2.0,3.0,6,Confirmada,PIX,Sim
425,5,3,248,2,2023-01-23,2023-01-25,2.0,2.0,4,No-show,PIX,Sim
426,4,3,151,4,2023-08-28,2023-09-02,5.0,1.0,9,Concluída,Dinheiro,Sim
427,5,1,135,1,2023-10-15,2023-10-17,2.0,2.0,1,Confirmada,Cartão de Débito,Sim
428,5,2,270,4,2024-03-10,2024-03-11,1.0,1.0,2,Concluída,PIX,Sim
429,2,2,277,1,2024-06-10,2024-06-11,1.0,2.0,8,Confirmada,PIX,Sim
430,5,2,231,2,2023-11-24,2023-11-26,2.0,2.0,4,Confirmada,PIX,Sim
431,5,2,133,2,2024-06-15,2024-06-17,2.0,2.0,3,Confirmada,PIX,Sim
432,12,2,52,3,2023-03-02,2023-03-05,3.0,1.0,7,Concluída,Cartão de Débito,Sim
433,11,3,277,2,2023-05-01,2023-05-07,6.0,2.0,6,Confirmada,Cartão de Débito,Sim
434,10,4,168,4,2024-12-10,2024-12-12,2.0,2.0,6,Cancelada,Dinheiro,Sim
435,6,4,136,2,2023-08-22,2023-08-25,3.0,1.0,8,Confirmada,Cartão de Débito,Sim
436,9,3,257,1,2024-04-06,2024-04-10,4.0,2.0,7,No-show,Cartão de Débito,Sim
437,12,2,4,1,2024-05-14,2024-05-15,1.0,1.0,7,Confirmada,Cartão de Débito,Sim
438,5,1,100,2,2024-04-26,2024-04-28,2.0,2.0,99,No-show,Cartão de Débito,Não
439,6,1,294,3,2023-03-13,2023-03-15,2.0,1.0,8,Confirmada,PIX,Sim
440,1,4,99,1,2024-08-07,2024-08-12,5.0,2.0,99,Cancelada,Cartão de Débito,Não
441,8,3,248,2,2024-03-15,2024-03-18,3.0,3.0,6,Cancelada,Dinheiro,Sim
442,11,5,220,1,2024-10-22,2024-10-28,6.0,2.0,7,Concluída,Transferência,Sim
443,5,1,149,2,2023-10-15,2023-10-17,2.0,1.0,2,Confirmada,Transferência,Sim
444,7,4,2,4,2024-11-10,2024-11-12,2.0,4.0,7,Confirmada,PIX,Sim
445,7,1,254,4,2023-03-22,2023-03-27,5.0,1.0,7,Cancelada,Dinheiro,Sim
446,8,5,72,4,2024-08-19,2024-08-24,5.0,4.0,6,Cancelada,Dinheiro,Sim
447,4,2,148,1,2024-02-07,2024-02-08,1.0,2.0,7,Cancelada,Transferência,Sim
448,1,2,244,1,2024-07-10,2024-07-15,5.0,1.0,8,Confirmada,Transferência,Sim
449,7,2,70,1,2024-10-26,2024-10-29,3.0,2.0,6,Confirmada,Cartão de Crédito,Sim
450,11,2,2,2,2023-07-08,2023-07-15,7.0,2.0,6,Confirmada,PIX,Sim
451,12,5,113,4,2023-11-02,2023-11-08,6.0,4.0,10,Confirmada,Transferência,Sim
452,3,1,93,1,2023-07-15,2023-07-17,2.0,1.0,3,Confirmada,Transferência,Sim
453,9,3,259,2,2024-09-14,2024-09-20,6.0,2.0,8,Confirmada,Cartão de Crédito,Sim
454,1,2,205,2,2024-05-31,2024-06-01,1.0,2.0,99,Confirmada,Transferência,Não
455,5,2,107,0,2024-03-03,2024-03-04,1.0,2.0,2,Concluída,Cartão de Débito,Sim
456,4,4,273,1,2023-03-03,2023-03-06,3.0,1.0,9,Confirmada,Dinheiro,Sim
457,10,2,244,0,2023-04-18,2023-04-23,5.0,1.0,99,Cancelada,PIX,Não
458,5,1,247,4,2024-06-15,2024-06-17,2.0,2.0,1,Confirmada,Dinheiro,Sim
459,5,2,287,2,2023-10-15,2023-10-17,2.0,2.0,1,Confirmada,Cartão de Crédito,Sim
460,11,3,122,3,2024-06-01,2024-06-04,3.0,1.0,7,Concluída,Cartão de Débito,Sim
461,2,2,238,3,2024-08-03,2024-08-10,7.0,1.0,6,Cancelada,Cartão de Crédito,Sim
462,3,3,253,1,2024-02-07,2024-02-10,3.0,2.0,3,Cancelada,Cartão de Débito,Sim
463,4,4,122,2,2023-01-17,2023-01-23,6.0,1.0,8,Confirmada,Cartão de Crédito,Sim
464,3,2,3,3,2023-07-15,2023-07-17,2.0,1.0,2,Confirmada,PIX,Sim
465,7,3,299,1,2023-03-24,2023-03-27,3.0,3.0,9,Confirmada,Cartão de Débito,Sim
466,2,4,99,0,2023-12-27,2023-12-29,2.0,2.0,6,Confirmada,Cartão de Débito,Sim
467,10,3,243,2,2024-02-16,2024-02-22,6.0,2.0,6,Cancelada,Cartão de Crédito,Sim
468,1,3,57,4,2024-09-19,2024-09-26,7.0,3.0,8,Confirmada,PIX,Sim
469,3,2,288,2,2024-03-13,2024-03-14,1.0,1.0,2,Confirmada,Dinheiro,Sim
470,5,2,70,3,2024-06-15,2024-06-17,2.0,1.0,2,Confirmada,Transferência,Sim
471,8,1,28,3,2024-06-03,2024-06-07,4.0,1.0,99,Cancelada,Dinheiro,Não
472,11,2,15,1,2024-11-29,2024-12-04,5.0,1.0,99,Concluída,Transferência,Não
473,12,1,195,4,2023-12-16,2023-12-18,2.0,1.0,6,Confirmada,Dinheiro,Sim
474,8,2,207,2,2024-07-07,2024-07-08,1.0,1.0,7,Cancelada,Transferência,Sim
475,8,2,123,1,2023-06-01,2023-06-07,6.0,1.0,10,Confirmada,PIX,Sim
476,7,3,17,1,2023-03-15,2023-03-19,4.0,3.0,9,Confirmada,Cartão de Crédito,Sim
477,3,1,9,4,2024-01-15,2024-01-17,2.0,1.0,3,Confirmada,Dinheiro,Sim
478,8,2,178,1,2023-06-11,2023-06-18,7.0,1.0,99,Confirmada,Cartão de Débito,Não
479,12,3,293,3,2023-12-14,2023-12-16,2.0,2.0,7,Confirmada,PIX,Sim
480,2,1,222,2,2024-05-11,2024-05-15,4.0,1.0,10,Cancelada,Cartão de Crédito,Sim
481,2,2,27,2,2023-12-28,2024-01-04,7.0,2.0,10,Confirmada,Transferência,Sim
482,6,1,170,2,2023-03-31,2023-04-07,7.0,2.0,10,Confirmada,Dinheiro,Sim
483,1,5,15,1,2023-03-28,2023-04-03,6.0,2.0,8,Confirmada,Cartão de Débito,Sim
484,1,2,260,2,2023-07-12,2023-07-16,4.0,2.0,8,Cancelada,PIX,Sim
485,9,2,163,1,2024-12-01,2024-12-03,2.0,1.0,7,Concluída,Cartão de Crédito,Sim
486,12,5,149,1,2024-02-26,2024-03-03,6.0,2.0,8,Concluída,PIX,Sim
487,11,5,244,3,2024-07-02,2024-07-07,5.0,1.0,7,Confirmada,Dinheiro,Sim
488,11,4,272,2,2024-10-25,2024-10-26,1.0,4.0,6,Confirmada,Cartão de Débito,Sim
489,3,1,69,2,2023-03-03,2023-03-04,1.0,1.0,2,Concluída,PIX,Sim
490,12,2,30,1,2023-06-27,2023-07-04,7.0,1.0,8,No-show,Cartão de Débito,Sim
491,10,5,132,4,2023-04-17,2023-04-22,5.0,4.0,10,Cancelada,Cartão de Crédito,Sim
492,6,2,90,4,2023-11-06,2023-11-08,2.0,1.0,99,Confirmada,Dinheiro,Não
493,7,2,98,2,2024-08-15,2024-08-18,3.0,1.0,8,Confirmada,Dinheiro,Sim
494,2,1,215,1,2024-07-17,2024-07-21,4.0,2.0,7,Confirmada,Cartão de Crédito,Sim
495,2,1,46,1,2024-08-24,2024-08-29,5.0,2.0,10,Concluída,Dinheiro,Sim
496,1,3,88,4,2024-07-15,2024-07-19,4.0,3.0,6,Confirmada,PIX,Sim
497,8,5,55,2,2023-03-23,2023-03-26,3.0,2.0,6,Confirmada,PIX,Sim
498,12,2,253,2,2024-03-10,2024-03-15,5.0,2.0,7,Concluída,Dinheiro,Sim
499,9,3,173,4,2024-02-24,2024-02-25,1.0,3.0,99,Confirmada,Transferência,Não
500,11,5,19,1,2024-11-22,2024-11-25,3.0,3.0,6,Confirmada,Dinheiro,Sim
501,4,5,184,2,2023-11-01,2023-11-06,5.0,2.0,9,Confirmada,Transferência,Sim
502,5,1,227,2,2023-11-07,2023-11-08,1.0,2.0,1,Confirmada,Cartão de Crédito,Sim
503,10,2,176,1,2024-07-05,2024-07-06,1.0,1.0,9,Concluída,Cartão de Crédito,Sim
504,9,4,79,2,2023-04-19,2023-04-24,5.0,2.0,6,Confirmada,Dinheiro,Sim
505,1,3,231,1,2023-11-04,2023-11-07,3.0,2.0,99,Confirmada,Cartão de Crédito,Não
506,2,2,118,4,2023-03-28,2023-04-01,4.0,2.0,10,Confirmada,Transferência,Sim
507,4,4,93,4,2023-03-07,2023-03-12,5.0,1.0,7,Concluída,Transferência,Sim
508,10,5,212,1,2023-03-24,2023-03-28,4.0,1.0,6,Concluída,Cartão de Débito,Sim
509,10,4,247,1,2023-11-14,2023-11-16,2.0,3.0,99,Confirmada,Cartão de Débito,Não
510,12,1,214,3,2024-12-07,2024-12-12,5.0,1.0,8,Confirmada,Cartão de Débito,Sim
511,2,2,249,2,2023-10-09,2023-10-16,7.0,1.0,7,Confirmada,Cartão de Débito,Sim
512,3,1,5,3,2024-11-22,2024-11-24,2.0,2.0,2,Concluída,PIX,Sim
513,7,1,37,1,2023-09-17,2023-09-23,6.0,1.0,7,Confirmada,Cartão de Crédito,Sim
514,2,2,189,1,2024-12-04,2024-12-11,7.0,2.0,9,Confirmada,Dinheiro,Sim
515,3,2,277,3,2024-02-04,2024-02-07,3.0,2.0,3,Confirmada,Cartão de Crédito,Sim
516,3,2,125,4,2023-07-15,2023-07-17,2.0,1.0,1,Confirmada,Dinheiro,Sim
517,3,1,193,3,2024-01-15,2024-01-17,2.0,2.0,1,Confirmada,PIX,Sim
518,9,1,114,3,2023-03-01,2023-03-06,5.0,1.0,10,Concluída,Cartão de Débito,Sim
519,1,1,10,1,2023-04-01,2023-04-03,2.0,1.0,99,Concluída,Cartão de Débito,Não
520,3,3,97,2,2023-05-02,2023-05-03,1.0,3.0,3,Confirmada,Cartão de Crédito,Sim
521,7,3,186,1,2024-03-03,2024-03-04,1.0,1.0,7,Confirmada,Transferência,Sim
522,10,3,262,1,2024-10-22,2024-10-27,5.0,1.0,99,Confirmada,Cartão de Débito,Não
523,4,2,19,2,2023-10-14,2023-10-15,1.0,1.0,10,Confirmada,Cartão de Débito,Sim
524,9,2,292,4,2024-01-02,2024-01-06,4.0,1.0,10,Confirmada,Dinheiro,Sim
525,1,1,199,2,2023-08-25,2023-08-31,6.0,2.0,99,Cancelada,Cartão de Débito,Não
526,9,3,120,1,2024-11-17,2024-11-23,6.0,3.0,10,Confirmada,Dinheiro,Sim
527,11,2,82,2,2024-01-10,2024-01-16,6.0,2.0,9,Confirmada,Dinheiro,Sim
528,12,4,14,2,2024-12-18,2024-12-25,7.0,4.0,6,Cancelada,Cartão de Crédito,Sim
529,9,4,4,3,2023-03-11,2023-03-17,6.0,2.0,10,Confirmada,Cartão de Débito,Sim
530,12,2,92,4,2023-01-18,2023-01-24,6.0,1.0,8,Confirmada,PIX,Sim
531,11,1,10,4,2024-02-18,2024-02-19,1.0,1.0,9,No-show,PIX,Sim
532,12,3,124,2,2023-09-23,2023-09-25,2.0,1.0,7,Confirmada,Dinheiro,Sim
533,11,1,4,2,2023-12-30,2024-01-06,7.0,1.0,10,Confirmada,PIX,Sim
534,5,1,274,4,2024-06-15,2024-06-17,2.0,1.0,1,Confirmada,PIX,Sim
535,12,2,214,2,2024-12-15,2024-12-20,5.0,1.0,99,Cancelada,PIX,Não
536,3,2,214,1,2023-07-15,2023-07-17,2.0,2.0,2,Confirmada,Transferência,Sim
537,7,1,14,1,2023-03-26,2023-04-01,6.0,1.0,10,Confirmada,Transferência,Sim
538,10,5,117,3,2023-01-24,2023-01-28,4.0,4.0,6,Confirmada,Cartão de Crédito,Sim
539,11,1,198,1,2024-03-22,2024-03-23,1.0,2.0,10,Concluída,Dinheiro,Sim
540,3,2,126,1,2023-07-15,2023-07-17,2.0,1.0,3,Confirmada,Transferência,Sim
541,1,1,265,1,2024-08-23,2024-08-30,7.0,1.0,7,Confirmada,PIX,Sim
542,5,2,50,4,2023-10-15,2023-10-17,2.0,1.0,1,Confirmada,Cartão de Débito,Sim
543,2,1,177,0,2023-09-01,2023-09-02,1.0,1.0,8,Confirmada,PIX,Sim
544,8,2,145,1,2024-02-28,2024-03-04,5.0,1.0,99,Confirmada,Cartão de Crédito,Não
545,10,2,152,1,2023-04-11,2023-04-14,3.0,1.0,10,Confirmada,Cartão de Débito,Sim
546,12,3,114,2,2023-02-02,2023-02-09,7.0,3.0,99,Cancelada,Dinheiro,Não
547,11,3,23,4,2024-06-22,2024-06-29,7.0,3.0,6,Cancelada,Transferência,Sim
548,5,2,249,2,2024-06-15,2024-06-17,2.0,2.0,2,Confirmada,Transferência,Sim
549,2,1,224,1,2023-03-31,2023-04-02,2.0,1.0,7,No-show,Cartão de Débito,Sim
550,8,1,188,1,2024-03-22,2024-03-25,3.0,2.0,10,Confirmada,PIX,Sim
551,7,1,261,2,2024-02-04,2024-02-07,3.0,1.0,99,Confirmada,Transferência,Não
552,6,4,276,4,2024-07-25,2024-08-01,7.0,4.0,7,Cancelada,Transferência,Sim
553,8,5,133,1,2024-06-09,2024-06-15,6.0,4.0,8,Confirmada,Cartão de Crédito,Sim
554,2,2,172,2,2023-06-29,2023-07-01,2.0,2.0,6,Confirmada,Transferência,Sim
555,6,4,227,1,2023-01-24,2023-01-29,5.0,4.0,10,Confirmada,Dinheiro,Sim
556,1,2,106,1,2023-11-18,2023-11-21,3.0,1.0,7,Confirmada,PIX,Sim
557,2,5,76,1,2023-06-09,2023-06-10,1.0,3.0,8,Confirmada,Transferência,Sim
558,8,3,95,4,2024-04-17,2024-04-24,7.0,1.0,9,Confirmada,PIX,Sim
559,9,3,228,3,2023-07-29,2023-08-01,3.0,1.0,7,Confirmada,Cartão de Crédito,Sim
560,2,3,97,4,2024-12-27,2025-01-01,5.0,2.0,8,Cancelada,Cartão de Crédito,Sim
561,6,3,275,3,2023-06-12,2023-06-19,7.0,2.0,8,Concluída,PIX,Sim
562,3,1,166,1,2024-01-15,2024-01-17,2.0,1.0,1,Confirmada,Transferência,Sim
563,2,3,128,1,2024-10-06,2024-10-12,6.0,2.0,99,Cancelada,PIX,Não
564,6,1,32,1,2024-10-24,2024-10-27,3.0,1.0,7,Confirmada,Cartão de Crédito,Sim
565,9,5,178,2,2024-04-28,2024-04-30,2.0,4.0,9,Cancelada,Cartão de Débito,Sim
566,8,1,108,2,2023-07-12,2023-07-14,2.0,2.0,9,Confirmada,PIX,Sim
567,2,3,204,2,2024-04-01,2024-04-07,6.0,3.0,9,Confirmada,PIX,Sim
568,8,4,199,1,2023-07-16,2023-07-23,7.0,1.0,9,Confirmada,Cartão de Crédito,Sim
569,4,4,154,2,2023-06-06,2023-06-11,5.0,2.0,9,Confirmada,Cartão de Crédito,Sim
570,6,2,300,2,2024-02-16,2024-02-21,5.0,2.0,99,Confirmada,Cartão de Débito,Não
571,3,1,113,1,2023-01-11,2023-01-12,1.0,2.0,3,Confirmada,Cartão de Débito,Sim
572,3,1,188,3,2024-01-15,2024-01-17,2.0,1.0,1,Confirmada,Cartão de Débito,Sim
573,6,4,123,3,2024-03-02,2024-03-08,6.0,1.0,9,Confirmada,Cartão de Débito,Sim
574,11,2,267,1,2024-12-16,2024-12-22,6.0,2.0,9,Confirmada,Cartão de Débito,Sim
575,9,2,65,0,2023-05-10,2023-05-16,6.0,1.0,99,Confirmada,Transferência,Não
576,1,3,151,3,2024-11-04,2024-11-09,5.0,2.0,10,Concluída,PIX,Sim
577,10,2,62,1,2023-12-03,2023-12-10,7.0,1.0,99,Concluída,Cartão de Débito,Não
578,11,1,147,1,2023-03-07,2023-03-11,4.0,1.0,6,Confirmada,Cartão de Crédito,Sim
579,11,1,279,4,2023-11-23,2023-11-25,2.0,2.0,6,Confirmada,Cartão de Débito,Sim
580,11,4,289,4,2024-09-28,2024-10-02,4.0,1.0,7,Concluída,PIX,Sim
581,2,3,216,4,2024-08-16,2024-08-19,3.0,3.0,9,Confirmada,PIX,Sim
582,11,1,230,0,2024-04-15,2024-04-19,4.0,2.0,9,Confirmada,Cartão de Débito,Sim
583,4,2,289,1,2023-01-10,2023-01-12,2.0,1.0,10,Confirmada,PIX,Sim
584,6,2,79,4,2024-11-21,2024-11-28,7.0,1.0,10,Concluída,Transferência,Sim
585,8,3,136,4,2024-12-14,2024-12-19,5.0,3.0,99,Confirmada,PIX,Não
586,5,2,2,2,2024-06-15,2024-06-17,2.0,1.0,3,Confirmada,Cartão de Crédito,Sim
587,5,2,128,2,2023-10-15,2023-10-17,2.0,1.0,1,Confirmada,Cartão de Crédito,Sim
588,10,1,276,2,2023-10-19,2023-10-25,6.0,1.0,99,Cancelada,Cartão de Débito,Não
589,3,1,175,1,2024-11-24,2024-11-25,1.0,1.0,1,Cancelada,PIX,Sim
590,6,2,214,1,2024-11-12,2024-11-13,1.0,2.0,10,Confirmada,Cartão de Débito,Sim
591,10,2,260,2,2024-08-10,2024-08-12,2.0,1.0,99,Confirmada,Dinheiro,Não
592,8,3,286,4,2024-11-13,2024-11-18,5.0,2.0,7,Confirmada,Transferência,Sim
593,2,3,270,1,2024-01-17,2024-01-24,7.0,1.0,99,Confirmada,Transferência,Não
594,12,3,154,1,2023-09-18,2023-09-22,4.0,1.0,10,Concluída,Cartão de Débito,Sim
595,1,3,170,4,2023-08-24,2023-08-25,1.0,1.0,8,Confirmada,Dinheiro,Sim
596,9,2,298,0,2024-06-25,2024-06-29,4.0,1.0,9,Confirmada,PIX,Sim
597,5,1,147,2,2023-08-11,2023-08-14,3.0,1.0,2,Cancelada,Dinheiro,Sim
598,8,2,60,2,2023-06-15,2023-06-22,7.0,1.0,8,No-show,Dinheiro,Sim
599,4,2,62,2,2023-05-14,2023-05-17,3.0,2.0,8,Confirmada,Cartão de Débito,Sim
600,8,2,70,4,2024-11-03,2024-11-04,1.0,1.0,7,Concluída,Transferência,Sim
601,3,1,175,3,2023-07-15,2023-07-17,2.0,1.0,2,Confirmada,Cartão de Crédito,Sim
602,12,2,187,4,2023-03-06,2023-03-12,6.0,1.0,6,Confirmada,Cartão de Débito,Sim
603,1,1,105,4,2024-05-18,2024-05-22,4.0,1.0,6,Concluída,Cartão de Débito,Sim
604,12,1,300,2,2023-11-18,2023-11-24,6.0,1.0,99,Cancelada,Transferência,Não
605,5,2,41,2,2024-06-15,2024-06-17,2.0,2.0,3,Confirmada,Cartão de Débito,Sim
606,9,2,33,4,2024-08-05,2024-08-12,7.0,1.0,6,Confirmada,PIX,Sim
607,6,1,64,4,2024-02-05,2024-02-12,7.0,1.0,8,Confirmada,Dinheiro,Sim
608,3,1,209,1,2023-07-15,2023-07-17,2.0,1.0,3,Confirmada,Cartão de Débito,Sim
609,4,2,218,4,2023-03-20,2023-03-26,6.0,1.0,99,Confirmada,Cartão de Crédito,Não
610,9,1,31,3,2024-07-17,2024-07-23,6.0,1.0,10,Confirmada,Cartão de Crédito,Sim
611,10,3,268,1,2024-04-27,2024-04-30,3.0,3.0,6,Confirmada,PIX,Sim
612,8,3,84,1,2023-06-26,2023-07-03,7.0,2.0,6,Concluída,Dinheiro,Sim
613,4,1,213,2,2024-04-17,2024-04-20,3.0,1.0,10,Confirmada,Cartão de Crédito,Sim
614,5,1,86,0,2024-11-25,2024-11-27,2.0,1.0,3,Concluída,Transferência,Sim
615,1,3,141,2,2023-02-10,2023-02-14,4.0,3.0,7,Confirmada,Dinheiro,Sim
616,10,2,245,2,2024-02-13,2024-02-14,1.0,2.0,6,Concluída,Cartão de Crédito,Sim
617,12,2,300,3,2023-08-30,2023-09-03,4.0,1.0,10,Confirmada,Cartão de Débito,Sim
618,3,1,157,2,2024-01-15,2024-01-17,2.0,2.0,3,Confirmada,Cartão de Crédito,Sim
619,5,2,118,3,2023-06-10,2023-06-11,1.0,1.0,4,Cancelada,PIX,Sim
620,5,2,25,4,2024-06-15,2024-06-17,2.0,2.0,1,Confirmada,PIX,Sim
621,1,3,252,4,2024-02-10,2024-02-13,3.0,2.0,8,Confirmada,PIX,Sim
622,1,1,184,2,2024-06-28,2024-07-02,4.0,1.0,7,Confirmada,Transferência,Sim
623,5,2,195,4,2023-10-15,2023-10-17,2.0,2.0,2,Confirmada,Cartão de Crédito,Sim
624,6,1,299,1,2023-01-25,2023-01-27,2.0,1.0,10,Confirmada,Cartão de Débito,Sim
625,5,2,56,2,2023-10-15,2023-10-17,2.0,2.0,1,Confirmada,PIX,Sim
626,10,5,217,2,2023-10-22,2023-10-23,1.0,2.0,9,Confirmada,Cartão de Crédito,Sim
627,11,2,219,2,2023-06-09,2023-06-11,2.0,2.0,10,Confirmada,Dinheiro,Sim
628,5,2,83,2,2024-06-15,2024-06-17,2.0,1.0,2,Confirmada,Cartão de Crédito,Sim
629,8,4,179,2,2023-06-16,2023-06-18,2.0,1.0,99,Confirmada,Transferência,Não
630,2,2,92,4,2023-04-21,2023-04-22,1.0,1.0,99,Cancelada,Cartão de Crédito,Não
631,2,3,87,1,2024-01-01,2024-01-07,6.0,1.0,7,Confirmada,Cartão de Débito,Sim
632,4,1,23,2,2023-04-23,2023-04-25,2.0,2.0,99,Confirmada,Cartão de Crédito,Não
633,10,4,18,1,2024-01-19,2024-01-25,6.0,1.0,99,No-show,PIX,Não
634,2,1,160,2,2023-04-23,2023-04-28,5.0,2.0,6,Confirmada,Dinheiro,Sim
635,2,4,45,1,2023-06-01,2023-06-07,6.0,3.0,99,Confirmada,Transferência,Não
636,12,3,84,2,2023-03-20,2023-03-24,4.0,2.0,6,Confirmada,Dinheiro,Sim
637,4,3,5,3,2024-08-16,2024-08-21,5.0,1.0,9,Confirmada,Cartão de Crédito,Sim
638,10,4,33,2,2024-01-23,2024-01-30,7.0,1.0,9,Confirmada,PIX,Sim
639,3,1,132,2,2023-07-15,2023-07-17,2.0,2.0,2,Confirmada,PIX,Sim
640,11,4,153,2,2023-11-10,2023-11-16,6.0,3.0,6,Cancelada,Cartão de Crédito,Sim
641,4,1,132,1,2023-04-28,2023-05-04,6.0,2.0,6,Confirmada,PIX,Sim
642,7,2,48,3,2023-06-11,2023-06-13,2.0,1.0,9,Confirmada,Cartão de Débito,Sim
643,5,3,53,0,2023-08-23,2023-08-25,2.0,1.0,2,Concluída,Transferência,Sim
644,6,3,71,1,2023-02-27,2023-03-05,6.0,3.0,7,Confirmada,Cartão de Débito,Sim
645,7,1,48,2,2024-02-05,2024-02-07,2.0,1.0,9,Confirmada,Transferência,Sim
646,8,2,29,2,2024-07-22,2024-07-29,7.0,1.0,7,Confirmada,Transferência,Sim
647,7,1,43,0,2024-10-08,2024-10-14,6.0,2.0,7,Confirmada,Cartão de Crédito,Sim
648,1,2,246,2,2024-11-07,2024-11-10,3.0,2.0,9,Confirmada,PIX,Sim
649,9,5,107,0,2024-07-20,2024-07-25,5.0,4.0,8,Cancelada,PIX,Sim
650,4,1,128,1,2023-08-19,2023-08-21,2.0,2.0,9,Confirmada,PIX,Sim
651,3,2,130,2,2023-06-29,2023-06-30,1.0,1.0,3,Confirmada,Transferência,Sim
652,12,2,13,1,2023-05-16,2023-05-20,4.0,2.0,10,Confirmada,Transferência,Sim
653,2,3,61,0,2023-10-28,2023-11-03,6.0,3.0,10,Confirmada,Dinheiro,Sim
654,11,3,98,4,2023-02-17,2023-02-19,2.0,2.0,10,Confirmada,Cartão de Débito,Sim
655,9,2,94,4,2023-09-17,2023-09-19,2.0,1.0,7,Confirmada,Dinheiro,Sim
656,12,2,26,1,2024-08-29,2024-09-04,6.0,2.0,6,Confirmada,Cartão de Crédito,Sim
657,9,5,142,4,2024-03-11,2024-03-15,4.0,1.0,99,Concluída,Transferência,Não
658,6,4,11,2,2024-04-21,2024-04-25,4.0,2.0,6,Confirmada,Dinheiro,Sim
659,3,1,172,4,2024-12-18,2024-12-20,2.0,2.0,4,No-show,Transferência,Sim
660,6,2,41,1,2024-05-31,2024-06-03,3.0,1.0,7,Confirmada,Dinheiro,Sim
661,11,1,75,2,2024-09-10,2024-09-14,4.0,1.0,7,Cancelada,Dinheiro,Sim
662,7,3,12,4,2024-05-18,2024-05-24,6.0,2.0,7,Confirmada,PIX,Sim
663,5,2,242,2,2024-10-13,2024-10-14,1.0,1.0,4,Concluída,Transferência,Sim
664,11,3,59,1,2024-05-09,2024-05-10,1.0,1.0,8,No-show,Dinheiro,Sim
665,2,3,235,2,2023-08-14,2023-08-15,1.0,2.0,99,Concluída,Cartão de Débito,Não
666,12,4,275,4,2023-01-02,2023-01-09,7.0,2.0,7,Confirmada,Dinheiro,Sim
667,5,2,150,4,2023-02-09,2023-02-11,2.0,1.0,4,Confirmada,Cartão de Débito,Sim
668,3,1,287,2,2023-11-17,2023-11-20,3.0,2.0,99,Cancelada,Cartão de Crédito,Não
669,8,5,256,3,2023-09-09,2023-09-12,3.0,1.0,7,Confirmada,Transferência,Sim
670,2,1,189,2,2024-01-03,2024-01-09,6.0,1.0,9,Confirmada,Dinheiro,Sim
671,7,4,73,4,2024-10-27,2024-10-29,2.0,1.0,8,Cancelada,Cartão de Crédito,Sim
672,1,3,180,1,2023-11-24,2023-11-26,2.0,3.0,8,Confirmada,Cartão de Crédito,Sim
673,6,1,204,3,2023-01-15,2023-01-16,1.0,2.0,10,Confirmada,Cartão de Crédito,Sim
674,2,1,24,1,2023-06-10,2023-06-15,5.0,2.0,8,Cancelada,Transferência,Sim
675,2,5,226,2,2023-10-16,2023-10-18,2.0,2.0,10,No-show,Cartão de Débito,Sim
676,3,2,34,1,2024-07-02,2024-07-04,2.0,2.0,4,Confirmada,Transferência,Sim
677,1,1,220,0,2024-05-08,2024-05-14,6.0,1.0,9,Confirmada,Transferência,Sim
678,10,1,215,1,2024-09-26,2024-09-28,2.0,2.0,99,Concluída,Cartão de Crédito,Não
679,1,4,4,1,2023-08-23,2023-08-25,2.0,3.0,6,Confirmada,Dinheiro,Sim
680,10,2,131,2,2024-02-21,2024-02-24,3.0,2.0,8,No-show,Cartão de Débito,Sim
681,7,2,203,3,2023-01-17,2023-01-19,2.0,1.0,10,Cancelada,PIX,Sim
682,10,3,24,1,2024-06-05,2024-06-06,1.0,3.0,10,Confirmada,Transferência,Sim
683,10,2,180,1,2024-11-07,2024-11-12,5.0,1.0,99,Confirmada,Dinheiro,Não
684,8,1,78,0,2024-03-01,2024-03-05,4.0,2.0,99,Concluída,Cartão de Débito,Não
685,1,2,178,4,2024-02-20,2024-02-25,5.0,1.0,10,Confirmada,PIX,Sim
686,6,3,209,2,2023-07-05,2023-07-06,1.0,1.0,6,Concluída,Dinheiro,Sim
687,9,3,252,2,2024-06-13,2024-06-16,3.0,3.0,9,Confirmada,PIX,Sim
688,3,1,74,1,2024-01-15,2024-01-17,2.0,1.0,3,Confirmada,Cartão de Crédito,Sim
689,11,3,181,3,2023-07-27,2023-08-01,5.0,3.0,6,Cancelada,Cartão de Crédito,Sim
690,4,3,274,2,2023-01-29,2023-02-01,3.0,2.0,6,Cancelada,PIX,Sim
691,5,2,20,4,2024-06-15,2024-06-17,2.0,2.0,1,Confirmada,Cartão de Crédito,Sim
692,6,5,229,2,2023-04-03,2023-04-06,3.0,2.0,8,Cancelada,Transferência,Sim
693,11,2,114,2,2023-11-27,2023-11-30,3.0,2.0,6,Confirmada,Transferência,Sim
694,5,2,13,1,2023-10-15,2023-10-17,2.0,1.0,1,Confirmada,Cartão de Crédito,Sim
695,4,3,224,1,2023-05-02,2023-05-08,6.0,3.0,10,Confirmada,Cartão de Crédito,Sim
696,6,2,85,1,2023-03-11,2023-03-12,1.0,1.0,6,Confirmada,Transferência,Sim
697,9,3,180,0,2023-05-21,2023-05-26,5.0,1.0,99,Confirmada,PIX,Não
698,12,2,298,1,2024-09-15,2024-09-19,4.0,1.0,99,Cancelada,Transferência,Não
699,7,4,24,3,2024-01-10,2024-01-15,5.0,4.0,10,Confirmada,PIX,Sim
700,6,3,169,1,2024-11-06,2024-11-07,1.0,2.0,6,Confirmada,PIX,Sim
701,4,4,197,2,2023-05-11,2023-05-13,2.0,4.0,9,Confirmada,Cartão de Débito,Sim
702,1,3,129,2,2023-04-28,2023-04-30,2.0,1.0,10,Confirmada,Cartão de Crédito,Sim
703,5,2,261,2,2023-02-16,2023-02-17,1.0,2.0,4,Confirmada,Cartão de Débito,Sim
704,10,5,119,1,2023-09-10,2023-09-14,4.0,2.0,99,Confirmada,Transferência,Não
705,5,2,40,3,2023-10-15,2023-10-17,2.0,2.0,1,Confirmada,Cartão de Débito,Sim
706,9,3,10,2,2023-04-05,2023-04-11,6.0,3.0,10,Confirmada,Cartão de Débito,Sim
707,7,4,198,1,2023-02-13,2023-02-15,2.0,2.0,9,No-show,Cartão de Crédito,Sim
708,9,2,1,3,2024-07-20,2024-07-23,3.0,1.0,99,Concluída,Cartão de Crédito,Não
709,7,2,225,1,2023-01-25,2023-01-29,4.0,2.0,8,Confirmada,Cartão de Crédito,Sim
710,4,3,68,0,2024-06-23,2024-06-25,2.0,3.0,99,Confirmada,Cartão de Crédito,Não
711,12,3,54,3,2024-04-30,2024-05-01,1.0,2.0,6,Cancelada,PIX,Sim
712,3,1,206,1,2023-07-15,2023-07-17,2.0,2.0,3,Confirmada,Cartão de Débito,Sim
713,4,4,116,1,2024-04-19,2024-04-26,7.0,4.0,6,Confirmada,Transferência,Sim
714,7,4,185,4,2024-01-24,2024-01-29,5.0,2.0,6,Confirmada,PIX,Sim
715,3,2,234,4,2023-07-15,2023-07-17,2.0,2.0,2,Confirmada,Cartão de Crédito,Sim
716,4,5,62,1,2023-04-24,2023-04-25,1.0,3.0,9,Confirmada,Dinheiro,Sim
717,2,3,108,2,2024-12-22,2024-12-23,1.0,1.0,7,Confirmada,Transferência,Sim
718,1,4,283,2,2023-09-01,2023-09-06,5.0,3.0,6,Concluída,PIX,Sim
719,10,3,223,2,2023-02-25,2023-02-28,3.0,3.0,99,Confirmada,Dinheiro,Não
720,1,4,3,2,2023-12-13,2023-12-14,1.0,1.0,9,Confirmada,Dinheiro,Sim
721,11,1,222,3,2023-08-21,2023-08-23,2.0,2.0,99,Confirmada,Transferência,Não
722,8,4,250,2,2023-05-23,2023-05-24,1.0,3.0,6,Confirmada,Cartão de Débito,Sim
723,12,4,137,0,2024-05-19,2024-05-21,2.0,4.0,99,Confirmada,Dinheiro,Não
724,9,5,150,0,2023-05-29,2023-05-31,2.0,2.0,99,Confirmada,Cartão de Crédito,Não
725,8,1,194,1,2023-08-12,2023-08-18,6.0,2.0,8,No-show,Dinheiro,Sim
726,4,3,122,2,2024-03-31,2024-04-02,2.0,3.0,8,Confirmada,Cartão de Crédito,Sim
727,10,4,174,2,2024-03-15,2024-03-18,3.0,3.0,6,Cancelada,Dinheiro,Sim
728,4,4,120,1,2023-09-22,2023-09-29,7.0,4.0,99,Confirmada,Cartão de Crédito,Não
729,7,2,52,2,2023-11-21,2023-11-22,1.0,2.0,99,Confirmada,Cartão de Débito,Não
730,9,4,6,1,2024-01-25,2024-01-28,3.0,3.0,6,Cancelada,Dinheiro,Sim
731,2,5,287,2,2023-02-26,2023-03-03,5.0,1.0,99,Confirmada,Cartão de Débito,Não
732,6,3,216,1,2024-09-08,2024-09-09,1.0,1.0,6,Concluída,Transferência,Sim
733,2,2,274,4,2024-08-14,2024-08-20,6.0,2.0,99,Confirmada,Dinheiro,Não
734,7,1,67,2,2023-09-08,2023-09-10,2.0,2.0,9,Confirmada,Dinheiro,Sim
735,6,2,200,4,2023-02-16,2023-02-20,4.0,2.0,99,Confirmada,Cartão de Débito,Não
736,4,1,154,1,2023-05-31,2023-06-03,3.0,1.0,9,Confirmada,Transferência,Sim
737,3,1,175,1,2023-06-07,2023-06-10,3.0,1.0,4,No-show,Dinheiro,Sim
738,4,1,113,3,2023-07-08,2023-07-09,1.0,1.0,10,Confirmada,PIX,Sim
739,6,3,145,2,2023-08-18,2023-08-25,7.0,1.0,99,Cancelada,Dinheiro,Não
740,6,3,152,1,2024-08-12,2024-08-14,2.0,1.0,8,Cancelada,Transferência,Sim
741,5,1,143,2,2023-04-10,2023-04-12,2.0,1.0,4,Cancelada,Transferência,Sim
742,2,2,293,3,2024-07-17,2024-07-18,1.0,2.0,9,Confirmada,Cartão de Crédito,Sim
743,4,3,56,2,2024-12-10,2024-12-14,4.0,2.0,7,Confirmada,PIX,Sim
744,4,3,248,2,2024-04-11,2024-04-14,3.0,1.0,9,Confirmada,PIX,Sim
745,7,1,20,3,2023-03-18,2023-03-25,7.0,2.0,7,Confirmada,PIX,Sim
746,4,1,259,2,2024-08-14,2024-08-18,4.0,1.0,8,Confirmada,Cartão de Débito,Sim
747,4,3,98,4,2023-04-22,2023-04-26,4.0,1.0,9,Confirmada,Cartão de Crédito,Sim
748,2,5,53,1,2023-07-03,2023-07-04,1.0,1.0,10,Confirmada,Dinheiro,Sim
749,5,1,72,1,2024-06-15,2024-06-17,2.0,1.0,1,Confirmada,Cartão de Crédito,Sim
750,12,2,287,4,2024-06-05,2024-06-06,1.0,2.0,10,Confirmada,Cartão de Débito,Sim
751,5,2,65,2,2024-06-15,2024-06-17,2.0,2.0,2,Confirmada,Dinheiro,Sim
752,1,1,175,4,2024-02-18,2024-02-22,4.0,1.0,10,Confirmada,Dinheiro,Sim
753,7,2,222,4,2024-03-05,2024-03-10,5.0,1.0,6,Cancelada,Dinheiro,Sim
754,12,2,198,2,2023-02-09,2023-02-12,3.0,2.0,6,Confirmada,Cartão de Débito,Sim
755,2,2,48,0,2024-05-23,2024-05-25,2.0,2.0,8,Confirmada,Cartão de Débito,Sim
756,11,5,259,1,2024-04-25,2024-04-29,4.0,1.0,99,Cancelada,Dinheiro,Não
757,11,3,72,4,2024-05-17,2024-05-23,6.0,2.0,10,Confirmada,Transferência,Sim
758,12,1,175,4,2024-01-09,2024-01-15,6.0,2.0,7,Confirmada,Dinheiro,Sim
759,1,5,284,1,2024-06-14,2024-06-16,2.0,3.0,7,No-show,PIX,Sim
760,11,4,140,1,2023-04-27,2023-05-01,4.0,3.0,6,Cancelada,PIX,Sim
761,4,3,138,2,2024-06-21,2024-06-24,3.0,1.0,9,Confirmada,Cartão de Crédito,Sim
762,10,2,36,4,2024-11-30,2024-12-01,1.0,2.0,6,Confirmada,PIX,Sim
763,2,4,146,0,2023-05-17,2023-05-18,1.0,4.0,6,No-show,Cartão de Crédito,Sim
764,4,4,283,1,2024-01-23,2024-01-24,1.0,3.0,9,Confirmada,PIX,Sim
765,11,3,13,1,2024-10-18,2024-10-23,5.0,1.0,99,Confirmada,Transferência,Não
766,12,3,257,1,2023-03-13,2023-03-14,1.0,3.0,8,Cancelada,Transferência,Sim
767,3,1,43,1,2023-07-15,2023-07-17,2.0,2.0,2,Confirmada,Dinheiro,Sim
768,8,5,296,1,2023-10-13,2023-10-17,4.0,2.0,10,Cancelada,PIX,Sim
769,10,2,191,3,2024-10-28,2024-11-01,4.0,2.0,99,Confirmada,Transferência,Não
770,1,2,58,2,2024-02-02,2024-02-07,5.0,2.0,6,Cancelada,Dinheiro,Sim
771,5,2,185,4,2024-06-15,2024-06-17,2.0,1.0,1,Confirmada,Transferência,Sim
772,8,2,58,4,2024-11-23,2024-11-27,4.0,2.0,8,Cancelada,Cartão de Crédito,Sim
773,8,3,264,4,2023-05-29,2023-06-01,3.0,1.0,6,Confirmada,Cartão de Crédito,Sim
774,3,1,76,1,2023-10-30,2023-11-01,2.0,2.0,3,Concluída,Transferência,Sim
775,8,2,146,3,2024-10-17,2024-10-21,4.0,2.0,8,Confirmada,PIX,Sim
776,4,5,183,1,2023-11-29,2023-11-30,1.0,3.0,9,No-show,Cartão de Crédito,Sim
777,10,5,67,2,2024-04-24,2024-04-25,1.0,1.0,10,Confirmada,Cartão de Débito,Sim
778,6,5,282,4,2023-09-16,2023-09-17,1.0,4.0,99,Confirmada,Dinheiro,Não
779,1,3,196,1,2024-08-22,2024-08-23,1.0,3.0,99,Cancelada,Dinheiro,Não
780,6,3,185,2,2024-05-04,2024-05-07,3.0,1.0,99,Cancelada,PIX,Não
781,12,3,181,1,2023-05-30,2023-05-31,1.0,2.0,6,Cancelada,Cartão de Débito,Sim
782,7,4,189,1,2024-04-04,2024-04-10,6.0,3.0,7,Cancelada,Cartão de Débito,Sim
783,9,3,294,2,2024-06-25,2024-07-01,6.0,3.0,9,Concluída,Cartão de Crédito,Sim
784,2,3,198,0,2023-01-25,2023-01-29,4.0,3.0,8,Confirmada,Cartão de Crédito,Sim
785,7,2,53,2,2023-12-17,2023-12-20,3.0,1.0,7,Confirmada,Cartão de Crédito,Sim
786,5,1,168,4,2024-06-15,2024-06-17,2.0,1.0,2,Confirmada,Cartão de Crédito,Sim
787,12,2,218,2,2023-07-24,2023-07-26,2.0,1.0,8,Cancelada,Cartão de Débito,Sim
788,12,2,4,1,2023-10-02,2023-10-04,2.0,2.0,6,Confirmada,PIX,Sim
789,10,5,38,4,2024-12-14,2024-12-20,6.0,1.0,6,Cancelada,Dinheiro,Sim
790,6,2,185,1,2023-06-16,2023-06-23,7.0,2.0,8,Confirmada,Transferência,Sim
791,7,3,291,3,2024-06-26,2024-06-28,2.0,1.0,99,Confirmada,Dinheiro,Não
792,3,2,194,2,2024-04-30,2024-05-02,2.0,1.0,2,Confirmada,Dinheiro,Sim
793,7,3,99,4,2024-11-19,2024-11-26,7.0,1.0,8,Confirmada,PIX,Sim
794,12,1,119,1,2024-08-31,2024-09-04,4.0,1.0,99,Confirmada,Cartão de Débito,Não
795,12,4,125,4,2024-07-03,2024-07-10,7.0,1.0,7,Confirmada,Transferência,Sim
796,3,2,125,2,2023-10-12,2023-10-14,2.0,2.0,3,No-show,PIX,Sim
797,1,2,264,1,2024-11-29,2024-12-02,3.0,1.0,10,Cancelada,PIX,Sim
798,5,1,135,1,2023-10-15,2023-10-17,2.0,1.0,3,Confirmada,Transferência,Sim
799,1,5,207,2,2023-03-07,2023-03-10,3.0,3.0,8,Confirmada,Cartão de Crédito,Sim
800,7,1,171,1,2023-10-19,2023-10-22,3.0,1.0,10,Confirmada,PIX,Sim
801,6,4,266,2,2023-10-21,2023-10-24,3.0,1.0,7,Concluída,Cartão de Débito,Sim
802,3,1,116,2,2023-07-15,2023-07-17,2.0,2.0,3,Confirmada,Dinheiro,Sim
803,3,1,267,2,2023-03-28,2023-03-30,2.0,1.0,1,Cancelada,Cartão de Crédito,Sim
804,2,3,218,2,2023-01-12,2023-01-13,1.0,2.0,7,Confirmada,Dinheiro,Sim
805,9,4,110,2,2023-11-05,2023-11-08,3.0,2.0,7,Confirmada,Cartão de Débito,Sim
806,8,1,173,2,2023-08-16,2023-08-22,6.0,2.0,8,Confirmada,Cartão de Débito,Sim
807,5,2,54,4,2024-07-29,2024-07-31,2.0,2.0,4,Confirmada,Cartão de Crédito,Sim
808,8,4,32,1,2024-11-07,2024-11-10,3.0,4.0,10,Confirmada,Transferência,Sim
809,4,2,134,2,2024-09-11,2024-09-13,2.0,1.0,7,Cancelada,Cartão de Débito,Sim
810,12,4,61,3,2023-10-01,2023-10-05,4.0,1.0,10,Concluída,Cartão de Débito,Sim
811,9,2,81,1,2024-02-17,2024-02-19,2.0,2.0,6,Confirmada,Transferência,Sim
812,2,1,239,1,2024-11-20,2024-11-21,1.0,2.0,10,Confirmada,Cartão de Crédito,Sim
813,2,5,45,0,2024-06-12,2024-06-18,6.0,1.0,10,Confirmada,Transferência,Sim
814,6,4,37,1,2024-02-20,2024-02-23,3.0,1.0,7,Confirmada,Cartão de Débito,Sim
815,10,5,14,3,2024-06-13,2024-06-18,5.0,2.0,8,Cancelada,PIX,Sim
816,5,2,163,4,2024-06-15,2024-06-17,2.0,1.0,3,Confirmada,Cartão de Débito,Sim
817,12,5,107,3,2024-02-05,2024-02-11,6.0,4.0,9,Confirmada,Dinheiro,Sim
818,7,1,28,0,2024-01-14,2024-01-20,6.0,1.0,9,Cancelada,Dinheiro,Sim
819,3,1,81,2,2024-01-15,2024-01-17,2.0,2.0,3,Confirmada,Dinheiro,Sim
820,9,5,261,2,2024-02-15,2024-02-16,1.0,4.0,9,Confirmada,PIX,Sim
821,12,2,199,2,2024-06-28,2024-07-04,6.0,2.0,6,Cancelada,Transferência,Sim
822,7,3,167,2,2024-05-31,2024-06-01,1.0,2.0,99,Confirmada,Transferência,Não
823,11,2,84,1,2024-11-09,2024-11-13,4.0,1.0,7,Confirmada,PIX,Sim
824,5,1,246,4,2024-06-15,2024-06-17,2.0,2.0,3,Confirmada,Cartão de Crédito,Sim
825,4,2,294,3,2024-03-23,2024-03-30,7.0,2.0,99,Confirmada,Cartão de Crédito,Não
826,10,1,132,4,2023-08-06,2023-08-10,4.0,1.0,9,Cancelada,Dinheiro,Sim
827,2,5,150,2,2023-07-29,2023-08-03,5.0,4.0,10,Concluída,Cartão de Crédito,Sim
828,9,2,127,2,2024-04-23,2024-04-28,5.0,2.0,6,Confirmada,Transferência,Sim
829,2,3,200,3,2024-05-21,2024-05-27,6.0,1.0,6,Cancelada,PIX,Sim
830,8,1,145,3,2023-04-05,2023-04-06,1.0,2.0,6,Cancelada,Cartão de Débito,Sim
831,4,1,161,1,2024-08-05,2024-08-09,4.0,2.0,10,Concluída,Transferência,Sim
832,3,2,3,4,2023-05-05,2023-05-08,3.0,1.0,2,Confirmada,PIX,Sim
833,8,5,220,1,2023-01-10,2023-01-16,6.0,2.0,99,Confirmada,Dinheiro,Não
834,12,1,85,2,2023-12-20,2023-12-27,7.0,1.0,99,Confirmada,PIX,Não
835,10,4,86,4,2024-11-05,2024-11-08,3.0,3.0,10,Confirmada,Dinheiro,Sim
836,4,5,255,1,2024-12-19,2024-12-24,5.0,1.0,6,Confirmada,Cartão de Crédito,Sim
837,12,2,193,3,2023-01-02,2023-01-09,7.0,2.0,99,No-show,Transferência,Não
838,5,1,209,4,2023-10-15,2023-10-17,2.0,2.0,1,Confirmada,Transferência,Sim
839,3,3,52,2,2023-02-23,2023-02-25,2.0,2.0,1,Confirmada,Transferência,Sim
840,5,1,212,4,2024-06-15,2024-06-17,2.0,2.0,2,Confirmada,Cartão de Crédito,Sim
841,4,1,7,1,2024-11-29,2024-12-02,3.0,2.0,9,Confirmada,PIX,Sim
842,7,3,245,0,2023-10-01,2023-10-05,4.0,2.0,8,Confirmada,Cartão de Débito,Sim
843,3,2,43,2,2024-01-26,2024-01-28,2.0,1.0,2,Confirmada,Cartão de Crédito,Sim
844,8,1,181,2,2023-05-22,2023-05-27,5.0,2.0,8,Cancelada,PIX,Sim
845,2,2,46,4,2024-09-22,2024-09-27,5.0,2.0,8,Concluída,PIX,Sim
846,10,5,90,1,2024-10-30,2024-10-31,1.0,3.0,8,Confirmada,PIX,Sim
847,3,1,58,4,2023-07-15,2023-07-17,2.0,1.0,3,Confirmada,Transferência,Sim
848,9,1,121,1,2023-04-20,2023-04-25,5.0,2.0,7,Concluída,PIX,Sim
849,9,1,175,0,2024-08-22,2024-08-29,7.0,1.0,10,Confirmada,Cartão de Crédito,Sim
850,3,1,292,4,2023-07-15,2023-07-17,2.0,1.0,2,Confirmada,Cartão de Débito,Sim
851,1,4,281,1,2024-10-17,2024-10-20,3.0,1.0,6,Confirmada,Cartão de Crédito,Sim
852,12,1,54,1,2023-05-06,2023-05-10,4.0,2.0,99,Confirmada,Cartão de Crédito,Não
853,9,3,104,3,2024-07-01,2024-07-06,5.0,2.0,7,Concluída,PIX,Sim
854,2,1,25,2,2024-08-18,2024-08-19,1.0,1.0,6,Confirmada,PIX,Sim
855,7,2,11,0,2023-03-20,2023-03-21,1.0,2.0,99,Confirmada,PIX,Não
856,4,2,192,0,2024-11-05,2024-11-08,3.0,2.0,6,Concluída,Cartão de Débito,Sim
857,12,1,236,2,2024-03-15,2024-03-21,6.0,2.0,9,Cancelada,Cartão de Crédito,Sim
858,2,4,20,2,2024-03-02,2024-03-08,6.0,2.0,8,Confirmada,Transferência,Sim
859,6,1,87,2,2023-10-22,2023-10-27,5.0,2.0,99,Confirmada,Transferência,Não
860,12,1,262,3,2024-03-01,2024-03-08,7.0,1.0,9,Concluída,Dinheiro,Sim
861,12,3,103,2,2023-06-03,2023-06-05,2.0,2.0,8,Confirmada,Cartão de Débito,Sim
862,8,3,19,3,2023-11-10,2023-11-13,3.0,2.0,99,Cancelada,Cartão de Débito,Não
863,3,1,215,2,2023-08-03,2023-08-05,2.0,1.0,1,Confirmada,Cartão de Débito,Sim
864,12,4,45,2,2023-12-19,2023-12-25,6.0,2.0,10,Confirmada,PIX,Sim
865,10,3,142,1,2024-10-20,2024-10-27,7.0,1.0,8,Confirmada,PIX,Sim
866,3,2,288,2,2024-02-09,2024-02-11,2.0,2.0,2,Cancelada,PIX,Sim
867,3,1,34,4,2024-11-01,2024-11-02,1.0,2.0,2,Concluída,Dinheiro,Sim
868,4,4,106,3,2024-12-02,2024-12-07,5.0,2.0,10,Confirmada,PIX,Sim
869,1,4,267,2,2023-09-16,2023-09-21,5.0,3.0,9,No-show,PIX,Sim
870,10,2,251,1,2024-03-05,2024-03-09,4.0,1.0,7,Confirmada,Transferência,Sim
871,12,5,293,1,2024-03-07,2024-03-09,2.0,2.0,9,Cancelada,Cartão de Débito,Sim
872,6,4,189,2,2024-04-10,2024-04-15,5.0,3.0,7,Concluída,Cartão de Débito,Sim
873,5,1,202,2,2024-04-19,2024-04-22,3.0,2.0,2,Confirmada,Dinheiro,Sim
874,10,3,217,1,2024-06-12,2024-06-17,5.0,3.0,9,Confirmada,Cartão de Crédito,Sim
875,8,3,111,4,2024-08-27,2024-08-31,4.0,2.0,8,Confirmada,Cartão de Débito,Sim
876,11,5,149,0,2023-07-18,2023-07-21,3.0,2.0,10,Confirmada,Dinheiro,Sim
877,9,3,179,2,2024-06-04,2024-06-09,5.0,2.0,7,Confirmada,Transferência,Sim
878,10,4,168,4,2024-12-10,2024-12-12,2.0,2.0,6,Cancelada,Dinheiro,Sim
879,3,1,145,4,2023-07-15,2023-07-17,2.0,1.0,3,Confirmada,PIX,Sim
880,11,4,297,2,2023-06-18,2023-06-21,3.0,3.0,6,Confirmada,Dinheiro,Sim
881,8,3,77,1,2023-01-24,2023-01-31,7.0,3.0,99,Confirmada,Cartão de Débito,Não
882,3,1,299,4,2024-01-15,2024-01-17,2.0,1.0,2,Confirmada,Cartão de Débito,Sim
883,2,2,109,2,2023-10-25,2023-10-28,3.0,1.0,9,Confirmada,Dinheiro,Sim
884,4,1,16,1,2024-12-13,2024-12-19,6.0,2.0,6,Confirmada,Cartão de Débito,Sim
885,8,2,236,1,2023-04-05,2023-04-10,5.0,2.0,8,Cancelada,Transferência,Sim
886,11,1,73,1,2024-02-04,2024-02-06,2.0,1.0,6,Confirmada,PIX,Sim
887,4,3,172,1,2023-07-28,2023-07-31,3.0,3.0,9,No-show,PIX,Sim
888,3,1,168,1,2023-07-15,2023-07-17,2.0,2.0,2,Confirmada,PIX,Sim
889,11,1,266,2,2023-04-16,2023-04-19,3.0,1.0,99,Concluída,Cartão de Débito,Não
890,11,3,280,2,2023-09-10,2023-09-16,6.0,1.0,10,Confirmada,Cartão de Débito,Sim
891,2,2,127,2,2024-06-04,2024-06-11,7.0,1.0,6,Confirmada,Cartão de Crédito,Sim
892,1,2,101,4,2024-01-03,2024-01-10,7.0,1.0,6,Cancelada,Transferência,Sim
893,11,4,251,1,2023-08-14,2023-08-21,7.0,2.0,8,Confirmada,Cartão de Débito,Sim
894,12,3,180,3,2023-09-13,2023-09-18,5.0,3.0,10,No-show,Transferência,Sim
895,8,1,170,2,2023-09-04,2023-09-11,7.0,1.0,99,Concluída,PIX,Não
896,12,2,94,1,2024-08-12,2024-08-13,1.0,2.0,9,Cancelada,Dinheiro,Sim
897,2,1,297,1,2023-04-17,2023-04-23,6.0,1.0,9,Confirmada,Dinheiro,Sim
898,12,2,219,0,2024-08-22,2024-08-23,1.0,1.0,6,Cancelada,Cartão de Crédito,Sim
899,5,1,199,1,2023-03-21,2023-03-24,3.0,2.0,3,Confirmada,PIX,Sim
900,10,2,3,4,2023-04-08,2023-04-11,3.0,1.0,10,Confirmada,Cartão de Crédito,Sim
901,6,4,122,1,2024-11-13,2024-11-16,3.0,1.0,6,Confirmada,Transferência,Sim
902,8,3,193,2,2024-11-05,2024-11-11,6.0,3.0,1,Confirmada,Transferência,Sim
903,6,3,207,2,2024-05-15,2024-05-18,3.0,1.0,6,Confirmada,PIX,Sim
904,4,5,21,2,2024-05-28,2024-06-02,5.0,3.0,7,Confirmada,Dinheiro,Sim
905,6,1,145,1,2024-11-25,2024-11-29,4.0,2.0,6,Confirmada,PIX,Sim
906,11,2,153,2,2024-09-19,2024-09-25,6.0,1.0,9,Confirmada,Cartão de Crédito,Sim
907,5,1,101,3,2024-06-15,2024-06-17,2.0,2.0,2,Confirmada,Cartão de Débito,Sim
908,2,1,136,4,2023-05-26,2023-05-29,3.0,1.0,8,Cancelada,PIX,Sim
909,7,3,160,3,2024-04-29,2024-05-03,4.0,2.0,99,Cancelada,Cartão de Débito,Não
910,12,1,1,3,2024-02-16,2024-02-20,4.0,2.0,6,Confirmada,Dinheiro,Sim
911,2,2,101,3,2023-11-11,2023-11-13,2.0,2.0,6,Confirmada,Cartão de Crédito,Sim
912,6,2,282,2,2024-05-27,2024-05-30,3.0,2.0,99,Cancelada,Dinheiro,Não
913,8,3,184,4,2023-04-21,2023-04-25,4.0,2.0,10,Confirmada,Transferência,Sim
914,8,2,271,1,2023-04-26,2023-04-30,4.0,1.0,99,Confirmada,PIX,Não
915,5,2,216,1,2023-10-15,2023-10-17,2.0,2.0,3,Confirmada,Cartão de Crédito,Sim
916,5,1,99,3,2024-06-15,2024-06-17,2.0,2.0,3,Confirmada,Transferência,Sim
917,2,2,288,3,2024-03-17,2024-03-19,2.0,1.0,9,Confirmada,Dinheiro,Sim
918,12,1,89,3,2024-01-20,2024-01-21,1.0,1.0,99,Confirmada,Cartão de Débito,Não
919,3,1,189,2,2024-03-14,2024-03-15,1.0,1.0,3,Confirmada,PIX,Sim
920,6,2,173,1,2024-10-09,2024-10-11,2.0,1.0,7,Confirmada,PIX,Sim
921,4,2,231,1,2024-03-19,2024-03-23,4.0,2.0,10,Confirmada,Cartão de Crédito,Sim
922,1,2,185,1,2023-03-03,2023-03-06,3.0,2.0,99,Confirmada,PIX,Não
923,6,2,263,1,2024-08-10,2024-08-11,1.0,2.0,6,Confirmada,PIX,Sim
924,7,2,241,1,2024-11-04,2024-11-07,3.0,1.0,99,Concluída,Cartão de Crédito,Não
925,8,4,50,2,2023-12-07,2023-12-14,7.0,2.0,8,Cancelada,Transferência,Sim
926,1,3,272,2,2023-02-24,2023-03-03,7.0,3.0,99,No-show,Dinheiro,Não
927,1,4,235,1,2024-02-12,2024-02-14,2.0,4.0,10,Confirmada,Cartão de Débito,Sim
928,12,2,91,1,2024-03-22,2024-03-27,5.0,2.0,8,Cancelada,Transferência,Sim
929,3,2,93,0,2024-10-22,2024-10-23,1.0,1.0,2,No-show,Transferência,Sim
930,8,2,294,2,2024-08-10,2024-08-17,7.0,2.0,7,Cancelada,Transferência,Sim
931,8,4,173,2,2023-05-10,2023-05-11,1.0,3.0,99,Confirmada,Cartão de Débito,Não
932,1,3,87,1,2023-11-20,2023-11-27,7.0,2.0,7,Confirmada,Cartão de Débito,Sim
933,3,4,196,3,2024-05-07,2024-05-08,1.0,4.0,3,No-show,Cartão de Crédito,Sim
934,11,2,183,1,2024-09-16,2024-09-20,4.0,2.0,9,Confirmada,Transferência,Sim
935,11,3,15,0,2024-03-25,2024-03-28,3.0,1.0,7,Confirmada,PIX,Sim
936,2,3,226,1,2023-12-04,2023-12-11,7.0,3.0,9,Confirmada,PIX,Sim
937,5,2,98,1,2023-10-15,2023-10-17,2.0,1.0,2,Confirmada,Cartão de Débito,Sim
938,7,3,281,3,2024-11-04,2024-11-07,3.0,2.0,7,Confirmada,Transferência,Sim
939,2,4,227,2,2024-04-14,2024-04-18,4.0,1.0,9,Confirmada,Dinheiro,Sim
940,3,1,250,1,2024-01-15,2024-01-17,2.0,2.0,2,Confirmada,PIX,Sim
941,5,1,274,2,2023-10-15,2023-10-17,2.0,1.0,2,Confirmada,Transferência,Sim
942,4,3,160,4,2023-08-13,2023-08-14,1.0,3.0,9,Confirmada,PIX,Sim
943,2,4,244,1,2024-08-10,2024-08-14,4.0,1.0,10,Confirmada,Transferência,Sim
944,12,2,91,3,2024-12-13,2024-12-19,6.0,2.0,99,Confirmada,Transferência,Não
945,2,3,127,3,2024-02-26,2024-03-04,7.0,1.0,9,Confirmada,Cartão de Débito,Sim
946,7,2,200,4,2024-02-19,2024-02-21,2.0,2.0,8,Cancelada,PIX,Sim
947,12,3,130,4,2024-12-01,2024-12-04,3.0,3.0,7,Confirmada,Dinheiro,Sim
948,8,5,230,2,2023-04-08,2023-04-15,7.0,1.0,10,Confirmada,Transferência,Sim
949,4,5,288,3,2023-07-23,2023-07-26,3.0,2.0,9,Confirmada,Cartão de Crédito,Sim
950,9,4,16,2,2023-02-23,2023-02-28,5.0,1.0,10,Confirmada,Cartão de Crédito,Sim
951,9,1,276,1,2024-03-17,2024-03-21,4.0,1.0,10,Confirmada,Cartão de Débito,Sim
952,6,3,210,1,2024-05-01,2024-05-04,3.0,1.0,7,Concluída,Transferência,Sim
953,12,1,110,1,2024-07-23,2024-07-27,4.0,2.0,9,Concluída,Cartão de Crédito,Sim
954,5,2,126,2,2023-03-10,2023-03-12,2.0,1.0,1,Confirmada,Cartão de Débito,Sim
955,7,3,211,2,2023-07-12,2023-07-16,4.0,1.0,9,Confirmada,Dinheiro,Sim
956,1,3,227,2,2024-11-21,2024-11-25,4.0,1.0,7,Confirmada,Transferência,Sim
957,11,3,187,2,2023-04-07,2023-04-14,7.0,3.0,6,Confirmada,Dinheiro,Sim
958,7,1,47,2,2023-04-15,2023-04-16,1.0,2.0,6,Confirmada,Transferência,Sim
959,9,1,284,0,2023-03-20,2023-03-27,7.0,1.0,6,Confirmada,PIX,Sim
960,7,1,191,1,2023-11-14,2023-11-19,5.0,1.0,10,Confirmada,Transferência,Sim
961,6,1,115,2,2024-08-15,2024-08-17,2.0,2.0,6,Cancelada,Transferência,Sim
962,9,3,161,1,2024-07-23,2024-07-26,3.0,2.0,10,Confirmada,Cartão de Débito,Sim
963,5,1,133,2,2023-10-15,2023-10-17,2.0,2.0,3,Confirmada,Transferência,Sim
964,4,2,281,3,2024-07-15,2024-07-19,4.0,2.0,9,Confirmada,Cartão de Débito,Sim
965,11,3,78,1,2024-04-19,2024-04-22,3.0,2.0,6,Confirmada,Dinheiro,Sim
966,4,3,288,2,2024-01-18,2024-01-19,1.0,2.0,6,Confirmada,Cartão de Débito,Sim
967,3,2,28,1,2023-07-15,2023-07-17,2.0,1.0,3,Confirmada,PIX,Sim
968,6,1,126,1,2024-08-04,2024-08-10,6.0,1.0,10,Cancelada,Dinheiro,Sim
969,5,1,260,1,2023-10-15,2023-10-17,2.0,2.0,1,Confirmada,Dinheiro,Sim
970,3,1,148,2,2023-07-15,2023-07-17,2.0,1.0,1,Confirmada,Cartão de Débito,Sim
971,11,2,12,3,2023-04-04,2023-04-11,7.0,2.0,9,No-show,Cartão de Débito,Sim
972,8,3,233,4,2024-06-25,2024-07-01,6.0,3.0,99,Confirmada,PIX,Não
973,7,2,26,4,2024-07-27,2024-07-31,4.0,1.0,99,Confirmada,Cartão de Débito,Não
974,7,1,268,2,2024-06-25,2024-07-01,6.0,1.0,7,Confirmada,Cartão de Débito,Sim
975,1,1,93,2,2024-12-13,2024-12-19,6.0,1.0,99,Concluída,Dinheiro,Não
976,5,2,87,2,2024-01-08,2024-01-10,2.0,2.0,1,Confirmada,Cartão de Crédito,Sim
977,9,3,269,1,2023-04-23,2023-04-25,2.0,3.0,8,Confirmada,PIX,Sim
978,12,2,58,2,2024-03-10,2024-03-13,3.0,2.0,8,Confirmada,PIX,Sim
979,12,2,52,4,2023-05-28,2023-05-29,1.0,1.0,7,Confirmada,PIX,Sim
980,3,1,154,3,2024-01-15,2024-01-17,2.0,2.0,2,Confirmada,Cartão de Crédito,Sim
981,4,3,114,0,2023-03-09,2023-03-12,3.0,2.0,7,No-show,Dinheiro,Sim
982,5,2,223,3,2024-03-10,2024-03-13,3.0,1.0,3,Confirmada,Dinheiro,Sim
983,8,1,77,2,2024-09-08,2024-09-14,6.0,1.0,6,Confirmada,PIX,Sim
984,8,4,16,4,2023-08-07,2023-08-13,6.0,4.0,9,Confirmada,Cartão de Crédito,Sim
985,10,3,281,4,2024-04-09,2024-04-14,5.0,2.0,10,Concluída,Cartão de Débito,Sim
986,8,5,287,2,2024-02-24,2024-02-27,3.0,2.0,8,Cancelada,Cartão de Débito,Sim
987,10,4,300,1,2023-06-19,2023-06-21,2.0,3.0,7,Confirmada,Cartão de Crédito,Sim
988,7,3,269,2,2024-09-18,2024-09-25,7.0,2.0,6,Confirmada,Transferência,Sim
989,2,2,155,3,2024-04-16,2024-04-22,6.0,2.0,10,Confirmada,Dinheiro,Sim
990,7,1,175,0,2024-12-01,2024-12-05,4.0,1.0,7,Cancelada,Cartão de Crédito,Sim
991,5,1,57,1,2023-10-15,2023-10-17,2.0,1.0,2,Confirmada,Dinheiro,Sim
992,12,4,260,1,2024-10-19,2024-10-20,1.0,1.0,99,Cancelada,Cartão de Crédito,Não
993,2,2,298,4,2023-06-22,2023-06-23,1.0,1.0,9,Confirmada,PIX,Sim
994,8,1,22,1,2023-08-13,2023-08-20,7.0,2.0,7,Confirmada,Cartão de Débito,Sim
995,7,3,290,4,2023-12-16,2023-12-17,1.0,3.0,9,Confirmada,Dinheiro,Sim
996,3,2,109,4,2024-01-15,2024-01-17,2.0,1.0,2,Confirmada,Transferência,Sim
997,4,2,268,2,2024-01-08,2024-01-09,1.0,1.0,9,Confirmada,Dinheiro,Sim
998,4,1,64,3,2024-01-08,2024-01-11,3.0,2.0,9,Concluída,Cartão de Débito,Sim
999,5,2,21,3,2024-01-30,2024-01-31,1.0,1.0,1,Confirmada,Dinheiro,Sim
1000,3,2,227,3,2024-01-15,2024-01-17,2.0,2.0,3,Confirmada,Cartão de Débito,Sim
1001,7,2,95,3,2024-02-21,2024-02-23,2.0,2.0,6,Cancelada,Transferência,Sim
1002,1,3,195,2,2024-09-05,2024-09-12,7.0,1.0,8,Confirmada,Transferência,Sim
1003,3,2,52,4,2023-07-15,2023-07-17,2.0,2.0,1,Confirmada,Dinheiro,Sim
1004,9,3,236,2,2024-03-24,2024-03-31,7.0,3.0,9,Confirmada,Transferência,Sim
1005,12,3,131,3,2023-05-29,2023-06-01,3.0,2.0,7,Confirmada,Cartão de Débito,Sim
1006,8,2,91,2,2024-12-31,2025-01-01,1.0,2.0,99,Confirmada,Cartão de Débito,Não
1007,12,3,164,4,2023-03-26,2023-03-27,1.0,3.0,7,Cancelada,Dinheiro,Sim
1008,8,4,271,2,2023-09-23,2023-09-26,3.0,4.0,99,Confirmada,Cartão de Crédito,Não
1009,2,2,167,1,2023-02-27,2023-03-05,6.0,2.0,6,No-show,Transferência,Sim
1010,3,3,146,1,2024-04-07,2024-04-10,3.0,3.0,4,Confirmada,Dinheiro,Sim
1011,3,1,257,4,2023-07-15,2023-07-17,2.0,1.0,1,Confirmada,Cartão de Débito,Sim
1012,12,4,57,1,2023-10-04,2023-10-10,6.0,1.0,6,Confirmada,PIX,Sim
1013,5,2,20,3,2024-06-15,2024-06-17,2.0,2.0,1,Confirmada,Transferência,Sim
1014,12,2,115,4,2023-10-30,2023-11-05,6.0,1.0,8,Confirmada,PIX,Sim
1015,9,1,246,1,2023-09-13,2023-09-15,2.0,2.0,99,Confirmada,Cartão de Crédito,Não
1016,9,1,28,1,2023-09-08,2023-09-09,1.0,2.0,9,Concluída,Transferência,Sim
1017,7,3,190,1,2024-04-23,2024-04-27,4.0,1.0,10,Confirmada,Cartão de Débito,Sim
1018,11,2,43,4,2024-04-11,2024-04-13,2.0,2.0,6,Confirmada,Cartão de Crédito,Sim
1019,9,4,295,4,2023-08-18,2023-08-20,2.0,3.0,9,Confirmada,Transferência,Sim
1020,6,2,62,2,2024-07-24,2024-07-30,6.0,2.0,8,Confirmada,Cartão de Débito,Sim
1021,2,1,15,1,2024-05-21,2024-05-25,4.0,1.0,8,Cancelada,Cartão de Débito,Sim
1022,6,2,198,0,2023-02-22,2023-02-24,2.0,1.0,10,Confirmada,Cartão de Débito,Sim
1023,8,3,233,1,2023-03-21,2023-03-26,5.0,3.0,7,Confirmada,PIX,Sim
1024,3,1,209,2,2024-01-20,2024-01-21,1.0,1.0,4,Concluída,Transferência,Sim
1025,4,5,146,2,2023-12-10,2023-12-11,1.0,3.0,10,Confirmada,Dinheiro,Sim
1026,6,4,257,2,2024-07-07,2024-07-13,6.0,2.0,7,Cancelada,Cartão de Crédito,Sim
1027,5,1,294,1,2024-02-05,2024-02-07,2.0,2.0,3,Cancelada,Cartão de Débito,Sim
1028,3,1,184,2,2024-09-28,2024-09-30,2.0,2.0,4,Confirmada,Cartão de Crédito,Sim
1029,2,3,186,3,2023-05-08,2023-05-14,6.0,1.0,7,Confirmada,Cartão de Crédito,Sim
1030,10,2,236,1,2023-12-07,2023-12-12,5.0,1.0,8,Confirmada,Dinheiro,Sim
1031,9,3,290,4,2023-11-23,2023-11-26,3.0,3.0,8,Confirmada,Cartão de Crédito,Sim
1032,9,3,155,1,2024-07-26,2024-07-29,3.0,2.0,6,Concluída,Transferência,Sim
1033,1,5,11,1,2023-07-12,2023-07-19,7.0,4.0,7,Confirmada,Cartão de Débito,Sim
1034,4,2,28,3,2024-10-17,2024-10-19,2.0,2.0,99,Cancelada,Cartão de Débito,Não
1035,12,3,257,3,2023-03-06,2023-03-07,1.0,3.0,8,Confirmada,Cartão de Débito,Sim
1036,2,2,102,3,2024-08-31,2024-09-06,6.0,2.0,7,Confirmada,PIX,Sim
1037,5,2,145,1,2023-10-15,2023-10-17,2.0,2.0,3,Confirmada,Cartão de Débito,Sim
1038,6,3,245,1,2023-10-10,2023-10-12,2.0,1.0,8,Concluída,Transferência,Sim
1039,2,4,45,2,2024-03-04,2024-03-06,2.0,3.0,10,Concluída,Cartão de Débito,Sim
1040,3,2,51,2,2024-07-29,2024-07-30,1.0,1.0,2,Cancelada,Dinheiro,Sim
1041,2,3,172,3,2024-12-08,2024-12-11,3.0,2.0,10,Confirmada,Cartão de Crédito,Sim
1042,5,1,39,3,2024-12-24,2024-12-25,1.0,1.0,1,Concluída,Cartão de Débito,Sim
1043,11,2,237,2,2024-11-04,2024-11-05,1.0,1.0,10,Confirmada,Cartão de Débito,Sim
1044,2,1,10,2,2024-09-20,2024-09-26,6.0,2.0,99,Confirmada,Dinheiro,Não
1045,9,1,32,1,2023-12-01,2023-12-03,2.0,1.0,7,Concluída,Transferência,Sim
1046,3,1,244,3,2024-04-12,2024-04-15,3.0,1.0,3,Concluída,Dinheiro,Sim
1047,8,5,186,1,2024-02-07,2024-02-11,4.0,1.0,9,Concluída,Dinheiro,Sim
1048,12,3,288,3,2024-04-29,2024-05-02,3.0,3.0,8,Confirmada,Transferência,Sim
1049,8,1,118,0,2024-07-27,2024-08-01,5.0,2.0,9,Confirmada,PIX,Sim
1050,11,2,114,2,2024-08-21,2024-08-22,1.0,2.0,99,Confirmada,Cartão de Débito,Não
1051,2,4,109,0,2024-06-30,2024-07-07,7.0,1.0,99,Confirmada,Cartão de Crédito,Não
1052,3,2,28,2,2023-03-06,2023-03-09,3.0,1.0,3,No-show,PIX,Sim
1053,10,1,163,1,2023-11-19,2023-11-26,7.0,1.0,6,Confirmada,Cartão de Crédito,Sim
1054,11,2,270,2,2023-05-23,2023-05-29,6.0,1.0,9,Confirmada,Transferência,Sim
1055,2,4,233,4,2024-08-30,2024-09-02,3.0,4.0,10,Concluída,Cartão de Débito,Sim
1056,6,3,50,3,2023-06-12,2023-06-17,5.0,2.0,7,Concluída,Dinheiro,Sim
1057,5,2,60,4,2024-06-15,2024-06-17,2.0,1.0,2,Confirmada,PIX,Sim
1058,1,3,289,2,2023-04-04,2023-04-10,6.0,2.0,9,Confirmada,PIX,Sim
1059,5,1,278,3,2023-12-20,2023-12-23,3.0,2.0,3,Confirmada,Transferência,Sim
1060,12,1,161,3,2024-03-24,2024-03-30,6.0,2.0,9,Confirmada,Transferência,Sim
1061,6,2,124,2,2024-12-04,2024-12-08,4.0,1.0,99,Confirmada,Dinheiro,Não
1062,3,1,1,4,2023-07-15,2023-07-17,2.0,2.0,2,Confirmada,Dinheiro,Sim
1063,12,1,75,1,2024-11-08,2024-11-14,6.0,2.0,7,Confirmada,Dinheiro,Sim
1064,2,4,109,1,2023-03-27,2023-03-31,4.0,4.0,9,Confirmada,Cartão de Débito,Sim
1065,8,5,122,1,2024-04-19,2024-04-25,6.0,1.0,10,Confirmada,PIX,Sim
1066,1,1,141,2,2024-06-29,2024-07-05,6.0,1.0,8,No-show,Dinheiro,Sim
1067,6,3,195,2,2024-08-16,2024-08-23,7.0,1.0,6,Confirmada,Dinheiro,Sim
1068,3,2,210,2,2024-01-15,2024-01-17,2.0,1.0,2,Confirmada,Transferência,Sim
1069,7,5,98,4,2023-10-22,2023-10-24,2.0,2.0,7,Cancelada,Cartão de Débito,Sim
1070,12,3,58,4,2023-06-28,2023-06-30,2.0,2.0,6,Confirmada,PIX,Sim
1071,2,5,266,4,2024-02-08,2024-02-13,5.0,1.0,9,Confirmada,Cartão de Débito,Sim
1072,4,1,57,0,2023-07-18,2023-07-21,3.0,2.0,9,Confirmada,Cartão de Débito,Sim
1073,7,1,56,1,2024-12-04,2024-12-08,4.0,1.0,6,Confirmada,Dinheiro,Sim
1074,4,1,271,1,2023-03-18,2023-03-22,4.0,1.0,9,Confirmada,Transferência,Sim
1075,3,2,28,3,2024-01-15,2024-01-17,2.0,1.0,2,Confirmada,Cartão de Débito,Sim
1076,7,1,88,1,2023-07-03,2023-07-08,5.0,2.0,7,Confirmada,PIX,Sim
1077,11,4,27,1,2023-11-24,2023-11-28,4.0,4.0,7,Cancelada,Cartão de Crédito,Sim
1078,3,1,68,2,2024-12-15,2024-12-17,2.0,2.0,2,Cancelada,Dinheiro,Sim
1079,8,1,262,2,2024-01-28,2024-02-04,7.0,1.0,8,Concluída,Cartão de Crédito,Sim
1080,4,4,12,3,2023-09-03,2023-09-09,6.0,2.0,9,Cancelada,Cartão de Débito,Sim
1081,5,3,178,1,2024-12-29,2024-12-30,1.0,2.0,4,Cancelada,Dinheiro,Sim
1082,10,3,219,1,2024-06-08,2024-06-13,5.0,1.0,99,Cancelada,Transferência,Não
1083,4,2,233,2,2023-10-21,2023-10-24,3.0,2.0,7,Confirmada,Cartão de Débito,Sim
1084,11,2,139,3,2023-11-04,2023-11-05,1.0,2.0,9,Cancelada,Dinheiro,Sim
1085,1,2,91,2,2023-02-05,2023-02-11,6.0,2.0,10,Concluída,Transferência,Sim
1086,4,3,279,4,2023-02-01,2023-02-03,2.0,2.0,6,Confirmada,PIX,Sim
1087,2,2,202,1,2023-09-17,2023-09-22,5.0,2.0,6,Confirmada,Cartão de Crédito,Sim
1088,9,2,234,3,2023-07-29,2023-07-30,1.0,2.0,9,Confirmada,Dinheiro,Sim
1089,10,1,12,2,2023-08-10,2023-08-15,5.0,1.0,99,Cancelada,Cartão de Débito,Não
1090,3,2,34,3,2024-01-15,2024-01-17,2.0,2.0,2,Confirmada,Dinheiro,Sim
1091,12,2,37,1,2023-03-12,2023-03-15,3.0,2.0,9,Confirmada,Cartão de Crédito,Sim
1092,5,1,242,2,2024-08-25,2024-08-27,2.0,2.0,1,Confirmada,Transferência,Sim
1093,7,2,84,3,2023-12-28,2023-12-30,2.0,2.0,10,Cancelada,Cartão de Crédito,Sim
1094,8,4,160,3,2024-01-20,2024-01-26,6.0,4.0,9,Confirmada,Cartão de Crédito,Sim
1095,9,2,255,1,2024-11-20,2024-11-23,3.0,1.0,9,Confirmada,Transferência,Sim
1096,3,2,273,3,2024-01-15,2024-01-17,2.0,1.0,3,Confirmada,Dinheiro,Sim
1097,3,4,100,1,2024-03-01,2024-03-03,2.0,1.0,1,Concluída,Cartão de Débito,Sim
1098,12,3,49,1,2024-03-19,2024-03-20,1.0,3.0,8,Confirmada,Cartão de Débito,Sim
1099,5,2,99,3,2024-06-15,2024-06-17,2.0,2.0,3,Confirmada,Transferência,Sim
1100,10,1,142,2,2023-06-12,2023-06-14,2.0,1.0,8,Cancelada,Transferência,Sim
1101,10,2,128,1,2023-01-03,2023-01-04,1.0,1.0,8,No-show,Cartão de Crédito,Sim
1102,11,1,261,2,2024-05-30,2024-06-02,3.0,1.0,7,Confirmada,Cartão de Crédito,Sim
1103,11,4,291,3,2024-07-22,2024-07-28,6.0,2.0,7,Confirmada,Cartão de Crédito,Sim
1104,12,2,97,2,2024-09-28,2024-10-05,7.0,1.0,7,Confirmada,Transferência,Sim
1105,8,3,238,2,2024-10-24,2024-10-31,7.0,2.0,10,Concluída,Cartão de Débito,Sim
1106,7,3,151,4,2023-11-14,2023-11-19,5.0,1.0,7,Confirmada,Cartão de Débito,Sim
1107,12,3,235,2,2024-11-13,2024-11-17,4.0,2.0,10,Confirmada,Cartão de Crédito,Sim
1108,6,3,116,1,2024-09-20,2024-09-26,6.0,3.0,10,Confirmada,Cartão de Débito,Sim
1109,7,2,105,1,2023-12-08,2023-12-12,4.0,1.0,6,Confirmada,Cartão de Crédito,Sim
1110,2,2,241,2,2023-08-19,2023-08-22,3.0,2.0,6,Confirmada,Cartão de Crédito,Sim
1111,12,2,9,2,2024-08-06,2024-08-09,3.0,1.0,6,Cancelada,Cartão de Débito,Sim
1112,6,1,29,1,2024-03-21,2024-03-25,4.0,1.0,9,Confirmada,PIX,Sim
1113,1,1,146,2,2024-10-06,2024-10-11,5.0,1.0,7,Confirmada,Cartão de Crédito,Sim
1114,12,2,270,2,2024-03-10,2024-03-14,4.0,1.0,9,Concluída,PIX,Sim
1115,1,4,4,1,2023-10-18,2023-10-23,5.0,2.0,99,Cancelada,Transferência,Não
1116,4,4,239,4,2023-01-09,2023-01-11,2.0,2.0,6,Confirmada,PIX,Sim
1117,9,2,67,4,2024-11-15,2024-11-17,2.0,2.0,9,Concluída,Cartão de Débito,Sim
1118,8,4,264,2,2023-08-07,2023-08-14,7.0,3.0,9,Cancelada,Transferência,Sim
1119,7,1,21,1,2023-07-02,2023-07-07,5.0,1.0,9,Concluída,Cartão de Crédito,Sim
1120,8,3,237,1,2023-02-13,2023-02-17,4.0,1.0,10,Confirmada,Cartão de Crédito,Sim
1121,10,4,7,4,2023-04-03,2023-04-07,4.0,2.0,7,Concluída,Cartão de Crédito,Sim
1122,8,4,131,1,2023-03-12,2023-03-18,6.0,3.0,6,Cancelada,PIX,Sim
1123,3,1,48,3,2023-07-15,2023-07-17,2.0,2.0,2,Confirmada,Cartão de Débito,Sim
1124,5,1,49,2,2023-04-21,2023-04-23,2.0,1.0,4,Cancelada,Cartão de Crédito,Sim
1125,1,3,151,2,2023-02-25,2023-02-26,1.0,2.0,8,Cancelada,Cartão de Débito,Sim
1126,10,2,295,2,2024-09-14,2024-09-17,3.0,2.0,10,Confirmada,Cartão de Crédito,Sim
1127,5,2,41,3,2023-10-15,2023-10-17,2.0,1.0,2,Confirmada,Cartão de Crédito,Sim
1128,4,5,252,3,2023-06-14,2023-06-17,3.0,2.0,9,Concluída,Transferência,Sim
1129,10,3,38,3,2024-05-07,2024-05-13,6.0,2.0,7,Confirmada,PIX,Sim
1130,8,5,27,1,2024-04-09,2024-04-16,7.0,3.0,10,Concluída,PIX,Sim
1131,11,2,195,4,2023-08-29,2023-08-31,2.0,1.0,8,Confirmada,Cartão de Débito,Sim
1132,9,3,66,1,2023-06-21,2023-06-22,1.0,3.0,99,Confirmada,Transferência,Não
1133,3,2,184,2,2024-07-05,2024-07-06,1.0,1.0,4,Cancelada,Transferência,Sim
1134,5,1,125,4,2023-07-08,2023-07-11,3.0,2.0,2,Cancelada,Transferência,Sim
1135,8,2,207,1,2023-05-25,2023-05-29,4.0,1.0,6,Confirmada,Transferência,Sim
1136,9,3,36,1,2024-06-09,2024-06-13,4.0,1.0,99,No-show,Transferência,Não
1137,9,3,294,2,2024-02-08,2024-02-15,7.0,3.0,7,Concluída,Dinheiro,Sim
1138,3,2,119,1,2024-01-15,2024-01-17,2.0,1.0,3,Confirmada,PIX,Sim
1139,5,4,73,4,2023-11-04,2023-11-07,3.0,2.0,99,Confirmada,PIX,Não
1140,6,2,63,1,2023-02-20,2023-02-24,4.0,2.0,6,Confirmada,Transferência,Sim
1141,3,1,87,2,2024-01-15,2024-01-17,2.0,2.0,1,Confirmada,PIX,Sim
1142,8,4,39,4,2024-03-30,2024-04-06,7.0,3.0,9,Cancelada,Dinheiro,Sim
1143,11,1,77,2,2023-09-04,2023-09-06,2.0,2.0,6,Confirmada,Cartão de Débito,Sim
1144,10,5,209,2,2023-12-05,2023-12-09,4.0,2.0,8,Confirmada,PIX,Sim
1145,1,1,46,2,2023-10-10,2023-10-15,5.0,1.0,10,Cancelada,PIX,Sim
1146,7,1,293,1,2023-07-01,2023-07-08,7.0,2.0,8,Confirmada,Cartão de Débito,Sim
1147,9,4,68,2,2024-11-13,2024-11-20,7.0,3.0,8,Cancelada,PIX,Sim
1148,5,1,221,1,2023-11-01,2023-11-03,2.0,2.0,4,Confirmada,Cartão de Débito,Sim
1149,6,3,297,1,2024-12-28,2025-01-01,4.0,3.0,8,Cancelada,Cartão de Débito,Sim
1150,11,1,166,4,2024-09-22,2024-09-27,5.0,2.0,8,Confirmada,Cartão de Débito,Sim
1151,9,3,147,1,2023-05-05,2023-05-11,6.0,3.0,99,Cancelada,Transferência,Não
1152,5,2,59,4,2023-10-15,2023-10-17,2.0,1.0,3,Confirmada,Transferência,Sim
1153,5,1,215,4,2024-11-15,2024-11-17,2.0,2.0,2,Confirmada,PIX,Sim
1154,3,1,214,2,2023-07-15,2023-07-17,2.0,1.0,2,Confirmada,Cartão de Débito,Sim
1155,6,2,249,1,2023-03-02,2023-03-06,4.0,2.0,10,Confirmada,PIX,Sim
1156,6,3,241,3,2023-08-04,2023-08-05,1.0,3.0,9,Cancelada,Cartão de Débito,Sim
1157,12,4,183,3,2023-08-12,2023-08-18,6.0,2.0,9,Concluída,Cartão de Crédito,Sim
1158,9,3,212,3,2024-11-07,2024-11-12,5.0,1.0,9,Confirmada,PIX,Sim
1159,12,3,106,3,2023-02-26,2023-02-28,2.0,2.0,6,Confirmada,Transferência,Sim
1160,7,2,267,0,2023-03-06,2023-03-08,2.0,1.0,10,Confirmada,Cartão de Crédito,Sim
1161,1,1,295,3,2023-11-09,2023-11-14,5.0,1.0,7,Confirmada,Dinheiro,Sim
1162,5,1,32,3,2023-04-17,2023-04-18,1.0,1.0,2,Confirmada,Dinheiro,Sim
1163,9,5,118,2,2024-03-08,2024-03-10,2.0,1.0,8,Confirmada,Transferência,Sim
1164,1,4,102,1,2024-02-18,2024-02-20,2.0,1.0,7,Cancelada,PIX,Sim
1165,8,3,208,2,2024-01-12,2024-01-19,7.0,2.0,8,Confirmada,Transferência,Sim
1166,9,3,33,2,2023-11-02,2023-11-04,2.0,2.0,9,Confirmada,PIX,Sim
1167,7,3,182,2,2023-01-01,2023-01-04,3.0,3.0,10,Confirmada,Transferência,Sim
1168,7,1,54,4,2023-05-30,2023-06-02,3.0,1.0,8,Confirmada,Dinheiro,Sim
1169,9,3,177,1,2024-05-23,2024-05-26,3.0,2.0,8,Confirmada,Cartão de Débito,Sim
1170,8,3,185,1,2023-11-18,2023-11-25,7.0,3.0,99,Confirmada,Dinheiro,Não
1171,11,2,72,2,2024-07-25,2024-07-27,2.0,1.0,9,Concluída,Cartão de Crédito,Sim
1172,1,3,116,3,2023-01-05,2023-01-06,1.0,1.0,10,Confirmada,Cartão de Débito,Sim
1173,9,2,71,2,2023-11-05,2023-11-06,1.0,1.0,99,Concluída,Dinheiro,Não
1174,9,1,160,2,2023-04-02,2023-04-04,2.0,2.0,99,Cancelada,PIX,Não
1175,3,1,138,4,2024-01-15,2024-01-17,2.0,2.0,1,Confirmada,Dinheiro,Sim
1176,8,2,179,4,2023-01-10,2023-01-14,4.0,1.0,6,Confirmada,PIX,Sim
1177,10,3,142,2,2023-02-21,2023-02-24,3.0,2.0,8,Confirmada,PIX,Sim
1178,4,4,224,1,2024-10-18,2024-10-19,1.0,1.0,99,Confirmada,PIX,Não
1179,7,2,145,4,2024-03-29,2024-04-04,6.0,2.0,8,Confirmada,Transferência,Sim
1180,11,2,244,4,2023-09-25,2023-09-30,5.0,1.0,6,Confirmada,Cartão de Crédito,Sim
1181,3,1,82,2,2024-07-03,2024-07-05,2.0,1.0,99,Confirmada,Dinheiro,Não
1182,8,1,73,3,2023-09-30,2023-10-02,2.0,2.0,6,Confirmada,Transferência,Sim
1183,9,4,2,2,2024-08-29,2024-09-01,3.0,4.0,6,Confirmada,Transferência,Sim
1184,4,3,46,2,2023-06-02,2023-06-08,6.0,1.0,9,Confirmada,Dinheiro,Sim
1185,2,3,148,1,2024-04-20,2024-04-24,4.0,3.0,9,Confirmada,Cartão de Crédito,Sim
1186,4,2,166,4,2023-06-01,2023-06-05,4.0,2.0,6,Confirmada,Cartão de Crédito,Sim
1187,4,1,61,4,2023-10-19,2023-10-20,1.0,2.0,7,Confirmada,PIX,Sim
1188,10,4,227,0,2023-10-27,2023-10-31,4.0,3.0,9,Cancelada,Cartão de Crédito,Sim
1189,7,5,26,2,2024-07-13,2024-07-18,5.0,2.0,6,No-show,Transferência,Sim
1190,5,1,116,2,2023-11-16,2023-11-19,3.0,2.0,99,Cancelada,Transferência,Não
1191,11,2,132,4,2023-02-18,2023-02-21,3.0,1.0,10,Cancelada,Cartão de Débito,Sim
1192,5,1,88,1,2024-03-11,2024-03-14,3.0,1.0,4,No-show,Dinheiro,Sim
1193,1,3,53,1,2023-08-29,2023-08-30,1.0,2.0,99,Confirmada,Cartão de Crédito,Não
1194,4,1,233,1,2024-05-25,2024-05-31,6.0,2.0,7,Confirmada,Cartão de Crédito,Sim
1195,7,3,96,3,2023-05-04,2023-05-10,6.0,3.0,9,Cancelada,Transferência,Sim
1196,10,1,253,1,2024-10-26,2024-11-02,7.0,1.0,10,Confirmada,PIX,Sim
1197,4,4,96,1,2023-01-12,2023-01-18,6.0,1.0,6,Cancelada,PIX,Sim
1198,12,1,85,3,2024-09-13,2024-09-18,5.0,2.0,99,Confirmada,PIX,Não
1199,6,2,62,0,2023-04-10,2023-04-11,1.0,2.0,8,Confirmada,Cartão de Crédito,Sim
1200,3,1,59,4,2024-01-15,2024-01-17,2.0,1.0,1,Confirmada,Dinheiro,Sim
1201,6,3,120,3,2024-11-11,2024-11-12,1.0,2.0,6,Confirmada,Dinheiro,Sim
1202,11,1,59,3,2024-09-30,2024-10-06,6.0,2.0,7,Confirmada,Transferência,Sim
1203,5,2,79,4,2023-10-15,2023-10-17,2.0,1.0,2,Confirmada,Cartão de Crédito,Sim
1204,9,1,35,1,2023-12-23,2023-12-25,2.0,1.0,99,Confirmada,Cartão de Crédito,Não
1205,8,3,229,1,2024-06-30,2024-07-06,6.0,3.0,7,Confirmada,Transferência,Sim
1206,10,2,94,0,2023-06-19,2023-06-23,4.0,1.0,99,Concluída,Dinheiro,Não
1207,11,4,91,2,2023-09-11,2023-09-15,4.0,4.0,7,Confirmada,PIX,Sim
1208,5,3,203,2,2024-12-22,2024-12-24,2.0,3.0,99,Confirmada,Transferência,Não
1209,7,5,61,1,2023-08-29,2023-09-05,7.0,3.0,9,Confirmada,Transferência,Sim
1210,5,2,193,2,2023-09-08,2023-09-09,1.0,2.0,1,Confirmada,Dinheiro,Sim
1211,10,3,74,1,2024-09-05,2024-09-11,6.0,3.0,8,Cancelada,Cartão de Débito,Sim
1212,9,1,13,4,2024-04-24,2024-04-25,1.0,1.0,8,Cancelada,Cartão de Crédito,Sim
1213,4,3,269,1,2024-12-20,2024-12-25,5.0,3.0,10,Confirmada,Cartão de Débito,Sim
1214,1,1,117,3,2024-12-03,2024-12-05,2.0,1.0,99,Confirmada,Transferência,Não
1215,3,2,240,3,2023-07-15,2023-07-17,2.0,1.0,3,Confirmada,Transferência,Sim
1216,6,3,250,3,2023-07-22,2023-07-23,1.0,3.0,7,Confirmada,Cartão de Débito,Sim
1217,3,1,180,1,2024-01-15,2024-01-17,2.0,1.0,1,Confirmada,Cartão de Crédito,Sim
1218,10,2,94,0,2023-09-22,2023-09-24,2.0,1.0,10,No-show,Cartão de Débito,Sim
1219,1,2,129,1,2024-05-14,2024-05-16,2.0,2.0,9,Cancelada,Cartão de Débito,Sim
1220,5,1,190,1,2023-09-24,2023-09-26,2.0,2.0,1,No-show,Cartão de Débito,Sim
1221,2,3,58,4,2023-03-27,2023-03-30,3.0,2.0,6,Confirmada,Cartão de Débito,Sim
1222,1,3,201,3,2023-08-17,2023-08-23,6.0,2.0,8,Confirmada,Transferência,Sim
1223,6,4,289,0,2024-05-05,2024-05-07,2.0,3.0,7,Confirmada,Cartão de Crédito,Sim
1224,9,5,55,2,2024-07-24,2024-07-25,1.0,3.0,8,Confirmada,Cartão de Débito,Sim
1225,12,3,281,4,2023-12-29,2024-01-05,7.0,2.0,8,Confirmada,PIX,Sim
1226,6,1,46,3,2023-06-15,2023-06-16,1.0,1.0,9,Confirmada,Cartão de Crédito,Sim
1227,3,4,97,2,2024-09-08,2024-09-11,3.0,1.0,4,Confirmada,Transferência,Sim
1228,1,3,286,2,2023-11-13,2023-11-19,6.0,1.0,7,Confirmada,Cartão de Crédito,Sim
1229,1,4,250,3,2023-08-27,2023-08-30,3.0,4.0,7,Cancelada,Cartão de Débito,Sim
1230,3,3,113,1,2024-01-22,2024-01-23,1.0,1.0,99,Confirmada,Cartão de Crédito,Não
1231,4,1,150,1,2024-02-08,2024-02-09,1.0,1.0,8,Confirmada,Dinheiro,Sim
1232,10,1,260,2,2024-07-13,2024-07-20,7.0,2.0,6,Confirmada,Dinheiro,Sim
1233,7,4,253,3,2023-09-06,2023-09-07,1.0,3.0,8,Confirmada,Cartão de Crédito,Sim
1234,10,1,138,1,2024-09-27,2024-10-01,4.0,1.0,99,Confirmada,Transferência,Não
1235,7,3,10,1,2023-12-12,2023-12-14,2.0,2.0,6,Confirmada,Dinheiro,Sim
1236,12,3,186,2,2023-07-04,2023-07-06,2.0,1.0,10,Cancelada,PIX,Sim
1237,9,3,198,4,2024-11-24,2024-11-28,4.0,1.0,8,Confirmada,PIX,Sim
1238,10,1,243,4,2023-01-22,2023-01-27,5.0,1.0,8,Confirmada,Cartão de Crédito,Sim
1239,12,2,227,3,2024-05-19,2024-05-25,6.0,2.0,7,Confirmada,Dinheiro,Sim
1240,10,4,261,2,2024-01-08,2024-01-12,4.0,3.0,7,Cancelada,Transferência,Sim
1241,10,1,82,2,2023-02-18,2023-02-21,3.0,1.0,6,Confirmada,Dinheiro,Sim
1242,2,1,104,2,2024-02-20,2024-02-22,2.0,1.0,8,Confirmada,Cartão de Crédito,Sim
1243,3,3,127,1,2024-09-10,2024-09-13,3.0,3.0,2,Confirmada,Dinheiro,Sim
1244,12,2,253,4,2024-03-24,2024-03-31,7.0,1.0,6,Confirmada,PIX,Sim
1245,8,2,201,4,2023-06-10,2023-06-13,3.0,2.0,6,Confirmada,Cartão de Débito,Sim
1246,6,2,186,1,2024-10-03,2024-10-07,4.0,2.0,7,Confirmada,Transferência,Sim
1247,11,1,129,2,2023-02-22,2023-02-23,1.0,2.0,6,Confirmada,Cartão de Crédito,Sim
1248,11,2,72,2,2024-09-23,2024-09-25,2.0,2.0,99,Confirmada,PIX,Não
1249,11,2,164,4,2024-05-05,2024-05-12,7.0,1.0,6,Confirmada,Cartão de Débito,Sim
1250,1,2,100,1,2024-07-14,2024-07-15,1.0,2.0,10,Confirmada,PIX,Sim
1251,5,1,240,1,2024-06-15,2024-06-17,2.0,1.0,2,Confirmada,Cartão de Crédito,Sim
1252,5,3,269,2,2024-05-03,2024-05-06,3.0,3.0,3,Confirmada,Cartão de Débito,Sim
1253,9,4,82,1,2023-03-15,2023-03-20,5.0,4.0,10,Cancelada,Cartão de Débito,Sim
1254,1,4,161,0,2024-09-17,2024-09-21,4.0,2.0,9,Confirmada,PIX,Sim
1255,5,1,299,4,2023-10-15,2023-10-17,2.0,1.0,2,Confirmada,Cartão de Crédito,Sim
1256,10,4,24,3,2024-05-22,2024-05-25,3.0,1.0,10,Confirmada,Cartão de Débito,Sim
1257,9,3,3,4,2024-06-04,2024-06-06,2.0,1.0,10,Confirmada,Dinheiro,Sim
1258,8,2,203,4,2024-02-08,2024-02-14,6.0,2.0,10,Confirmada,Transferência,Sim
1259,1,3,119,1,2023-06-29,2023-07-05,6.0,3.0,10,Confirmada,Transferência,Sim
1260,3,1,263,4,2024-01-15,2024-01-17,2.0,1.0,2,Confirmada,Dinheiro,Sim
1261,6,2,149,1,2024-09-13,2024-09-15,2.0,2.0,9,Confirmada,Cartão de Débito,Sim
1262,11,4,105,1,2023-04-12,2023-04-14,2.0,3.0,9,Confirmada,Transferência,Sim
1263,9,3,47,2,2024-09-05,2024-09-09,4.0,1.0,6,Cancelada,Dinheiro,Sim
1264,7,3,176,2,2023-02-08,2023-02-11,3.0,1.0,7,Concluída,Dinheiro,Sim
1265,8,3,146,3,2024-11-07,2024-11-09,2.0,2.0,6,Confirmada,Cartão de Crédito,Sim
1266,4,3,27,4,2024-06-15,2024-06-22,7.0,1.0,9,Confirmada,Dinheiro,Sim
1267,5,4,90,1,2024-12-01,2024-12-02,1.0,4.0,2,No-show,Cartão de Débito,Sim
1268,1,5,258,1,2024-06-19,2024-06-23,4.0,4.0,7,Confirmada,Cartão de Crédito,Sim
1269,12,3,177,1,2023-03-24,2023-03-27,3.0,1.0,6,Confirmada,PIX,Sim
1270,3,1,118,2,2024-01-15,2024-01-17,2.0,2.0,2,Confirmada,Cartão de Crédito,Sim
1271,2,1,276,3,2024-04-01,2024-04-04,3.0,1.0,7,Cancelada,Cartão de Crédito,Sim
1272,3,1,254,2,2023-06-21,2023-06-24,3.0,2.0,4,Confirmada,Dinheiro,Sim
1273,10,3,187,2,2024-02-12,2024-02-18,6.0,2.0,8,Confirmada,Transferência,Sim
1274,4,2,44,1,2023-08-29,2023-09-04,6.0,1.0,99,Cancelada,PIX,Não
1275,1,3,247,2,2024-09-30,2024-10-04,4.0,3.0,8,Confirmada,Cartão de Crédito,Sim
1276,5,1,170,1,2024-10-18,2024-10-21,3.0,1.0,3,Cancelada,Dinheiro,Sim
1277,6,3,124,2,2024-10-17,2024-10-23,6.0,1.0,10,Cancelada,PIX,Sim
1278,10,2,127,4,2024-01-17,2024-01-24,7.0,1.0,7,Confirmada,Transferência,Sim
1279,2,2,50,1,2024-09-23,2024-09-26,3.0,1.0,9,Confirmada,Dinheiro,Sim
1280,10,4,87,2,2024-06-03,2024-06-04,1.0,4.0,99,Cancelada,Cartão de Crédito,Não
1281,7,2,89,4,2023-03-30,2023-04-06,7.0,1.0,9,Confirmada,Cartão de Débito,Sim
1282,2,2,121,1,2024-03-21,2024-03-25,4.0,1.0,9,Confirmada,Transferência,Sim
1283,4,3,40,1,2023-10-06,2023-10-07,1.0,1.0,9,Confirmada,Transferência,Sim
1284,7,2,277,2,2023-06-03,2023-06-06,3.0,2.0,8,Confirmada,Transferência,Sim
1285,10,4,67,2,2024-03-02,2024-03-09,7.0,2.0,99,Confirmada,Cartão de Crédito,Não
1286,2,1,88,2,2023-04-02,2023-04-06,4.0,1.0,99,Confirmada,PIX,Não
1287,1,3,86,1,2023-09-17,2023-09-21,4.0,1.0,7,Concluída,Cartão de Crédito,Sim
1288,10,2,150,4,2024-04-26,2024-04-30,4.0,2.0,8,Confirmada,Cartão de Débito,Sim
1289,7,3,270,1,2023-01-04,2023-01-09,5.0,3.0,7,No-show,Cartão de Crédito,Sim
1290,6,5,276,1,2024-01-15,2024-01-18,3.0,3.0,6,Concluída,Cartão de Débito,Sim
1291,6,3,245,4,2024-11-12,2024-11-15,3.0,1.0,7,No-show,Dinheiro,Sim
1292,7,3,85,4,2023-04-01,2023-04-06,5.0,2.0,99,Confirmada,Transferência,Não
1293,1,1,26,2,2023-02-02,2023-02-04,2.0,1.0,9,Confirmada,PIX,Sim
1294,10,3,118,1,2023-04-15,2023-04-16,1.0,3.0,8,Confirmada,Transferência,Sim
1295,9,3,257,2,2024-02-28,2024-03-02,3.0,3.0,7,Confirmada,Cartão de Crédito,Sim
1296,7,2,40,4,2024-03-01,2024-03-02,1.0,1.0,6,Confirmada,Dinheiro,Sim
1297,3,1,97,4,2023-07-15,2023-07-17,2.0,1.0,3,Confirmada,Dinheiro,Sim
1298,12,1,196,2,2023-10-04,2023-10-08,4.0,1.0,8,Confirmada,Transferência,Sim
1299,10,2,154,2,2023-08-03,2023-08-06,3.0,1.0,6,Confirmada,Dinheiro,Sim
1300,3,2,56,2,2023-07-15,2023-07-17,2.0,2.0,2,Confirmada,Cartão de Débito,Sim
1301,3,1,81,3,2024-01-15,2024-01-17,2.0,2.0,1,Confirmada,Cartão de Débito,Sim
1302,8,4,254,2,2023-03-18,2023-03-24,6.0,4.0,9,Confirmada,Transferência,Sim
1303,9,5,151,2,2023-10-10,2023-10-11,1.0,4.0,9,No-show,PIX,Sim
1304,3,1,79,3,2024-01-15,2024-01-17,2.0,2.0,2,Confirmada,Cartão de Crédito,Sim
1305,8,4,246,2,2024-05-05,2024-05-10,5.0,2.0,99,Concluída,Transferência,Não
1306,9,3,111,1,2023-07-25,2023-07-27,2.0,1.0,99,Confirmada,Cartão de Crédito,Não
1307,10,2,258,2,2023-07-28,2023-08-03,6.0,1.0,7,Confirmada,Cartão de Crédito,Sim
1308,5,2,204,2,2024-06-15,2024-06-17,2.0,2.0,2,Confirmada,Cartão de Débito,Sim
1309,3,2,120,1,2023-07-15,2023-07-17,2.0,2.0,1,Confirmada,Cartão de Crédito,Sim
1310,6,4,82,1,2024-09-23,2024-09-24,1.0,1.0,8,Concluída,Transferência,Sim
1311,3,2,171,4,2023-07-15,2023-07-17,2.0,2.0,2,Confirmada,Cartão de Crédito,Sim
1312,2,5,68,2,2024-09-12,2024-09-18,6.0,1.0,99,Confirmada,PIX,Não
1313,12,1,93,3,2024-09-28,2024-10-02,4.0,1.0,7,Confirmada,Cartão de Crédito,Sim
1314,5,1,288,4,2024-06-15,2024-06-17,2.0,2.0,1,Confirmada,Cartão de Débito,Sim
1315,8,1,7,2,2024-02-13,2024-02-18,5.0,2.0,9,Confirmada,Cartão de Débito,Sim
1316,3,2,194,3,2023-11-02,2023-11-05,3.0,1.0,3,Cancelada,Cartão de Débito,Sim
1317,9,1,58,1,2024-08-06,2024-08-08,2.0,2.0,10,Confirmada,PIX,Sim
1318,9,3,52,2,2024-01-01,2024-01-04,3.0,2.0,8,Cancelada,Cartão de Crédito,Sim
1319,2,2,112,1,2023-09-29,2023-10-01,2.0,1.0,7,Confirmada,Dinheiro,Sim
1320,9,1,100,2,2023-06-03,2023-06-05,2.0,2.0,8,Confirmada,Cartão de Débito,Sim
1321,6,1,106,1,2024-01-05,2024-01-09,4.0,2.0,6,Confirmada,PIX,Sim
1322,12,3,152,1,2024-07-26,2024-07-29,3.0,2.0,10,Confirmada,Cartão de Crédito,Sim
1323,2,3,104,2,2024-01-27,2024-02-01,5.0,3.0,6,Confirmada,Dinheiro,Sim
1324,5,2,288,4,2024-06-15,2024-06-17,2.0,2.0,3,Confirmada,PIX,Sim
1325,9,4,100,1,2023-04-02,2023-04-08,6.0,1.0,9,Concluída,PIX,Sim
1326,6,3,22,4,2024-06-09,2024-06-10,1.0,2.0,8,Concluída,Dinheiro,Sim
1327,4,1,283,2,2023-08-30,2023-09-03,4.0,1.0,6,Concluída,Cartão de Crédito,Sim
1328,6,1,156,2,2023-07-29,2023-07-31,2.0,1.0,7,Confirmada,Cartão de Débito,Sim
1329,3,1,230,1,2023-03-04,2023-03-07,3.0,2.0,4,No-show,PIX,Sim
1330,4,3,83,4,2023-06-15,2023-06-17,2.0,3.0,99,Cancelada,Cartão de Débito,Não
1331,11,3,129,3,2024-11-20,2024-11-22,2.0,1.0,6,Confirmada,Dinheiro,Sim
1332,6,4,270,3,2023-07-06,2023-07-10,4.0,2.0,99,Confirmada,PIX,Não
1333,6,3,113,1,2023-08-25,2023-08-27,2.0,2.0,8,Cancelada,PIX,Sim
1334,11,5,35,2,2024-05-25,2024-05-29,4.0,3.0,99,Confirmada,Dinheiro,Não
1335,9,5,38,1,2024-09-16,2024-09-18,2.0,3.0,7,Confirmada,Cartão de Crédito,Sim
1336,6,1,269,0,2023-01-30,2023-02-06,7.0,2.0,99,No-show,Dinheiro,Não
1337,5,1,101,1,2024-05-08,2024-05-09,1.0,1.0,3,Confirmada,Cartão de Crédito,Sim
1338,8,2,65,1,2023-03-17,2023-03-22,5.0,2.0,99,Confirmada,PIX,Não
1339,9,5,230,2,2024-01-13,2024-01-19,6.0,4.0,10,No-show,PIX,Sim
1340,7,1,296,2,2024-10-07,2024-10-14,7.0,1.0,10,Confirmada,PIX,Sim
1341,10,3,245,1,2023-09-28,2023-10-04,6.0,3.0,8,Confirmada,Cartão de Débito,Sim
1342,7,4,205,3,2023-08-17,2023-08-24,7.0,2.0,7,Concluída,Dinheiro,Sim
1343,9,1,13,1,2024-01-26,2024-02-01,6.0,1.0,9,Confirmada,Dinheiro,Sim
1344,12,2,41,2,2023-09-23,2023-09-26,3.0,2.0,9,Cancelada,Dinheiro,Sim
1345,11,3,71,2,2024-03-03,2024-03-09,6.0,1.0,6,Confirmada,PIX,Sim
1346,1,1,75,2,2023-10-14,2023-10-18,4.0,1.0,8,Cancelada,Cartão de Débito,Sim
1347,6,2,212,4,2024-10-21,2024-10-24,3.0,1.0,9,Confirmada,Transferência,Sim
1348,11,5,202,1,2023-08-01,2023-08-02,1.0,2.0,9,Confirmada,PIX,Sim
1349,8,2,52,2,2023-10-30,2023-11-01,2.0,1.0,8,Concluída,Cartão de Débito,Sim
1350,7,4,215,1,2023-05-28,2023-05-30,2.0,4.0,7,Confirmada,Cartão de Débito,Sim
1351,2,5,281,1,2023-11-29,2023-12-05,6.0,2.0,6,Cancelada,Cartão de Crédito,Sim
1352,7,2,100,4,2024-09-04,2024-09-07,3.0,2.0,99,Concluída,PIX,Não
1353,4,2,41,1,2023-04-19,2023-04-24,5.0,2.0,9,Cancelada,Dinheiro,Sim
1354,6,2,129,3,2023-02-20,2023-02-24,4.0,2.0,9,Confirmada,Cartão de Crédito,Sim
1355,11,4,56,2,2024-10-19,2024-10-22,3.0,2.0,8,Confirmada,Cartão de Débito,Sim
1356,6,4,223,0,2023-04-08,2023-04-10,2.0,4.0,7,Concluída,PIX,Sim
1357,8,3,298,2,2024-05-14,2024-05-17,3.0,3.0,8,Cancelada,Dinheiro,Sim
1358,12,3,142,4,2024-08-04,2024-08-09,5.0,1.0,99,Confirmada,Dinheiro,Não
1359,1,4,265,1,2023-07-13,2023-07-17,4.0,2.0,9,Cancelada,Cartão de Débito,Sim
1360,2,3,237,2,2023-12-23,2023-12-28,5.0,2.0,6,Confirmada,Transferência,Sim
1361,12,1,226,2,2024-07-18,2024-07-23,5.0,1.0,8,No-show,Transferência,Sim
1362,10,5,81,4,2023-01-05,2023-01-09,4.0,3.0,99,Concluída,PIX,Não
1363,3,1,118,3,2023-07-15,2023-07-17,2.0,1.0,2,Confirmada,Cartão de Crédito,Sim
1364,10,3,257,1,2024-08-28,2024-09-01,4.0,3.0,8,Confirmada,Cartão de Crédito,Sim
1365,12,1,101,0,2023-08-21,2023-08-28,7.0,1.0,6,Confirmada,Dinheiro,Sim
1366,1,3,20,1,2023-09-28,2023-10-02,4.0,2.0,99,Confirmada,Dinheiro,Não
1367,5,1,280,4,2024-01-21,2024-01-23,2.0,2.0,2,Confirmada,PIX,Sim
1368,7,3,273,2,2024-06-20,2024-06-24,4.0,1.0,10,Confirmada,Cartão de Débito,Sim
1369,9,4,183,3,2023-01-29,2023-01-31,2.0,1.0,99,Confirmada,Dinheiro,Não
1370,6,5,250,2,2024-12-28,2025-01-04,7.0,3.0,6,Confirmada,Cartão de Débito,Sim
1371,9,3,210,2,2024-08-06,2024-08-11,5.0,1.0,8,Confirmada,PIX,Sim
1372,1,1,54,0,2024-07-13,2024-07-17,4.0,1.0,6,Cancelada,PIX,Sim
1373,10,1,274,2,2023-05-03,2023-05-08,5.0,1.0,7,Confirmada,Cartão de Crédito,Sim
1374,3,2,161,3,2024-01-15,2024-01-17,2.0,2.0,1,Confirmada,Dinheiro,Sim
1375,10,5,206,1,2023-12-17,2023-12-22,5.0,2.0,9,Confirmada,Cartão de Débito,Sim
1376,8,1,25,2,2024-03-29,2024-04-04,6.0,1.0,10,Confirmada,Cartão de Crédito,Sim
1377,5,1,128,0,2024-07-09,2024-07-11,2.0,2.0,1,Cancelada,Dinheiro,Sim
1378,4,3,248,4,2023-09-17,2023-09-20,3.0,2.0,10,Cancelada,Transferência,Sim
1379,10,3,189,4,2024-02-29,2024-03-07,7.0,2.0,9,Confirmada,Cartão de Crédito,Sim
1380,1,2,296,4,2023-12-09,2023-12-12,3.0,2.0,9,Confirmada,Cartão de Débito,Sim
1381,6,3,135,3,2023-10-31,2023-11-07,7.0,3.0,7,Confirmada,Dinheiro,Sim
1382,2,2,129,2,2024-03-13,2024-03-15,2.0,2.0,8,Confirmada,Dinheiro,Sim
1383,10,3,236,2,2023-11-17,2023-11-24,7.0,1.0,99,Confirmada,Dinheiro,Não
1384,9,3,119,1,2024-04-18,2024-04-23,5.0,1.0,10,Confirmada,Dinheiro,Sim
1385,8,2,8,0,2023-01-02,2023-01-09,7.0,2.0,10,Confirmada,Transferência,Sim
1386,5,2,5,3,2023-10-15,2023-10-17,2.0,1.0,3,Confirmada,Cartão de Débito,Sim
1387,1,1,136,1,2023-07-24,2023-07-25,1.0,2.0,9,Cancelada,Dinheiro,Sim
1388,11,5,13,4,2024-03-20,2024-03-23,3.0,4.0,10,Cancelada,Transferência,Sim
1389,2,3,201,4,2024-04-11,2024-04-14,3.0,2.0,7,Confirmada,PIX,Sim
1390,11,1,211,2,2024-11-14,2024-11-15,1.0,2.0,10,Confirmada,Cartão de Crédito,Sim
1391,11,2,110,4,2024-11-01,2024-11-02,1.0,2.0,8,Confirmada,Cartão de Crédito,Sim
1392,8,1,39,3,2023-11-30,2023-12-02,2.0,1.0,7,Concluída,Transferência,Sim
1393,10,4,110,1,2023-12-27,2023-12-31,4.0,1.0,8,Confirmada,Cartão de Débito,Sim
1394,9,1,60,2,2024-04-10,2024-04-11,1.0,1.0,10,Concluída,Transferência,Sim
1395,6,3,207,2,2024-07-30,2024-08-04,5.0,3.0,8,Confirmada,Dinheiro,Sim
1396,4,4,182,1,2024-10-20,2024-10-25,5.0,4.0,9,Confirmada,PIX,Sim
1397,4,3,79,0,2024-05-10,2024-05-15,5.0,3.0,6,Confirmada,Transferência,Sim
1398,2,3,179,1,2023-03-23,2023-03-28,5.0,3.0,10,Cancelada,Cartão de Crédito,Sim
1399,8,1,261,0,2023-07-09,2023-07-11,2.0,1.0,9,Confirmada,Cartão de Crédito,Sim
1400,2,4,72,3,2023-08-09,2023-08-15,6.0,4.0,8,Confirmada,Dinheiro,Sim
1401,6,4,116,2,2023-11-30,2023-12-06,6.0,4.0,9,Confirmada,Cartão de Crédito,Sim
1402,10,2,243,1,2023-02-23,2023-02-25,2.0,2.0,10,Cancelada,Cartão de Crédito,Sim
1403,5,2,48,1,2023-10-15,2023-10-17,2.0,1.0,3,Confirmada,Transferência,Sim
1404,7,1,257,1,2024-06-18,2024-06-21,3.0,2.0,10,Confirmada,Cartão de Crédito,Sim
1405,4,1,179,3,2024-09-11,2024-09-13,2.0,1.0,7,No-show,PIX,Sim
1406,1,3,189,2,2024-01-11,2024-01-13,2.0,1.0,6,Confirmada,Dinheiro,Sim
1407,3,1,30,4,2024-10-29,2024-10-31,2.0,1.0,3,Confirmada,Cartão de Débito,Sim
1408,6,4,269,1,2023-11-18,2023-11-23,5.0,2.0,10,Confirmada,Cartão de Débito,Sim
1409,12,1,107,4,2023-12-29,2024-01-02,4.0,2.0,9,Confirmada,Dinheiro,Sim
1410,4,1,228,1,2024-02-28,2024-03-05,6.0,2.0,99,Confirmada,PIX,Não
1411,9,4,202,3,2023-10-26,2023-10-31,5.0,4.0,6,Confirmada,Cartão de Débito,Sim
1412,10,3,174,3,2023-07-27,2023-08-02,6.0,3.0,8,Confirmada,Dinheiro,Sim
1413,4,3,113,2,2024-03-04,2024-03-09,5.0,3.0,7,Confirmada,Transferência,Sim
1414,8,1,133,4,2023-05-26,2023-05-29,3.0,2.0,9,Confirmada,Cartão de Crédito,Sim
1415,3,2,2,2,2024-05-12,2024-05-13,1.0,1.0,3,No-show,Dinheiro,Sim
1416,4,2,85,2,2024-03-05,2024-03-10,5.0,1.0,6,No-show,PIX,Sim
1417,3,1,176,3,2024-01-15,2024-01-17,2.0,2.0,3,Confirmada,Dinheiro,Sim
1418,10,1,199,0,2023-04-30,2023-05-02,2.0,1.0,9,Cancelada,Cartão de Crédito,Sim
1419,3,1,194,3,2023-07-15,2023-07-17,2.0,1.0,3,Confirmada,Cartão de Crédito,Sim
1420,6,1,280,4,2024-02-11,2024-02-14,3.0,2.0,10,Confirmada,PIX,Sim
1421,5,1,260,1,2023-10-15,2023-10-17,2.0,1.0,3,Confirmada,Dinheiro,Sim
1422,7,4,137,2,2024-05-14,2024-05-18,4.0,1.0,7,Concluída,Dinheiro,Sim
1423,8,5,276,2,2023-09-10,2023-09-16,6.0,1.0,6,Confirmada,Cartão de Débito,Sim
1424,9,4,84,2,2024-03-05,2024-03-11,6.0,1.0,8,Cancelada,PIX,Sim
1425,4,1,65,1,2023-04-05,2023-04-10,5.0,1.0,6,No-show,Cartão de Crédito,Sim
1426,3,1,199,3,2023-07-15,2023-07-17,2.0,2.0,2,Confirmada,PIX,Sim
1427,1,3,53,1,2024-10-14,2024-10-18,4.0,3.0,8,Confirmada,Cartão de Débito,Sim
1428,3,1,58,4,2023-07-15,2023-07-17,2.0,1.0,3,Confirmada,Transferência,Sim
1429,10,3,233,3,2024-12-26,2024-12-29,3.0,2.0,9,Confirmada,Dinheiro,Sim
1430,3,4,254,1,2024-12-12,2024-12-15,3.0,3.0,4,Confirmada,Cartão de Crédito,Sim
1431,6,4,142,4,2024-06-28,2024-06-30,2.0,1.0,9,Confirmada,Dinheiro,Sim
1432,4,2,232,1,2024-06-10,2024-06-17,7.0,2.0,10,Confirmada,Dinheiro,Sim
1433,8,4,186,3,2024-09-22,2024-09-27,5.0,3.0,7,Concluída,Cartão de Crédito,Sim
1434,2,3,162,2,2023-10-24,2023-10-27,3.0,3.0,7,Cancelada,PIX,Sim
1435,3,3,195,4,2023-02-12,2023-02-13,1.0,3.0,1,Confirmada,PIX,Sim
1436,1,3,249,2,2023-04-11,2023-04-13,2.0,2.0,7,Confirmada,PIX,Sim
1437,11,3,26,2,2023-06-27,2023-07-02,5.0,2.0,8,Confirmada,Cartão de Débito,Sim
1438,5,1,188,3,2024-06-15,2024-06-17,2.0,1.0,2,Confirmada,Cartão de Débito,Sim
1439,1,5,176,4,2024-04-19,2024-04-25,6.0,3.0,10,Confirmada,Cartão de Débito,Sim
1440,9,2,69,2,2024-08-04,2024-08-06,2.0,1.0,99,Confirmada,Cartão de Crédito,Não
1441,9,4,271,3,2024-05-23,2024-05-30,7.0,4.0,6,Confirmada,Cartão de Débito,Sim
1442,5,2,172,4,2023-10-15,2023-10-17,2.0,1.0,2,Confirmada,Dinheiro,Sim
1443,9,4,20,2,2023-12-01,2023-12-04,3.0,2.0,9,Confirmada,Cartão de Débito,Sim
1444,12,5,300,1,2023-09-27,2023-10-01,4.0,3.0,99,Confirmada,Transferência,Não
1445,12,1,267,2,2023-10-15,2023-10-17,2.0,1.0,10,Confirmada,Transferência,Sim
1446,11,1,75,4,2024-03-21,2024-03-26,5.0,2.0,8,Confirmada,Cartão de Débito,Sim
1447,5,1,257,2,2023-05-27,2023-05-28,1.0,1.0,99,No-show,PIX,Não
1448,8,3,52,1,2024-11-01,2024-11-07,6.0,3.0,8,Confirmada,Dinheiro,Sim
1449,10,2,78,2,2023-02-04,2023-02-11,7.0,1.0,6,Confirmada,PIX,Sim
1450,2,2,299,1,2023-05-16,2023-05-19,3.0,1.0,99,Confirmada,Transferência,Não
1451,10,3,131,1,2024-01-01,2024-01-02,1.0,3.0,10,Confirmada,Cartão de Débito,Sim
1452,12,2,73,1,2024-09-11,2024-09-13,2.0,2.0,9,Confirmada,Dinheiro,Sim
1453,9,2,252,0,2024-06-07,2024-06-09,2.0,1.0,7,Cancelada,Cartão de Crédito,Sim
1454,6,3,120,2,2024-01-18,2024-01-25,7.0,3.0,6,Confirmada,PIX,Sim
1455,11,3,92,1,2024-07-15,2024-07-19,4.0,1.0,99,Cancelada,Dinheiro,Não
1456,8,1,31,1,2024-02-02,2024-02-03,1.0,2.0,10,Confirmada,Transferência,Sim
1457,12,1,209,3,2023-02-09,2023-02-11,2.0,1.0,10,Confirmada,Transferência,Sim
1458,11,2,269,2,2024-12-27,2025-01-01,5.0,2.0,9,Confirmada,Dinheiro,Sim
1459,9,1,161,1,2024-02-29,2024-03-06,6.0,1.0,10,Confirmada,Transferência,Sim
1460,3,2,53,4,2023-12-30,2023-12-31,1.0,1.0,4,No-show,Cartão de Crédito,Sim
1461,2,3,123,3,2024-01-07,2024-01-11,4.0,1.0,10,Confirmada,Cartão de Crédito,Sim
1462,5,1,135,3,2024-06-15,2024-06-17,2.0,2.0,2,Confirmada,PIX,Sim
1463,3,1,65,2,2024-01-15,2024-01-17,2.0,1.0,2,Confirmada,Cartão de Crédito,Sim
1464,7,5,216,2,2024-08-10,2024-08-12,2.0,4.0,10,Cancelada,Transferência,Sim
1465,9,5,143,2,2024-05-12,2024-05-17,5.0,1.0,99,No-show,Dinheiro,Não
1466,6,4,154,3,2023-11-23,2023-11-28,5.0,1.0,8,Confirmada,Dinheiro,Sim
1467,5,3,208,2,2024-09-14,2024-09-16,2.0,1.0,2,Cancelada,Transferência,Sim
1468,10,5,272,1,2024-04-05,2024-04-06,1.0,1.0,10,Confirmada,Transferência,Sim
1469,2,1,29,1,2023-06-13,2023-06-16,3.0,2.0,7,Confirmada,Cartão de Crédito,Sim
1470,8,5,78,1,2023-08-12,2023-08-13,1.0,2.0,10,Cancelada,Cartão de Débito,Sim
1471,2,2,86,1,2024-08-07,2024-08-11,4.0,2.0,99,Confirmada,PIX,Não
1472,11,2,280,2,2023-12-07,2023-12-12,5.0,2.0,6,Confirmada,Cartão de Débito,Sim
1473,1,3,136,1,2024-10-31,2024-11-02,2.0,1.0,99,Confirmada,Transferência,Não
1474,6,5,99,2,2024-12-29,2025-01-05,7.0,4.0,99,No-show,PIX,Não
1475,1,1,75,2,2024-01-10,2024-01-13,3.0,1.0,7,Concluída,Dinheiro,Sim
1476,2,3,23,1,2023-06-30,2023-07-02,2.0,3.0,7,Confirmada,Dinheiro,Sim
1477,12,2,276,2,2023-10-14,2023-10-21,7.0,2.0,9,No-show,Dinheiro,Sim
1478,5,3,56,1,2024-06-11,2024-06-14,3.0,2.0,2,Cancelada,PIX,Sim
1479,6,3,44,1,2024-03-10,2024-03-14,4.0,2.0,10,Confirmada,Dinheiro,Sim
1480,2,3,272,1,2024-09-02,2024-09-04,2.0,1.0,8,Confirmada,Cartão de Crédito,Sim
1481,6,2,292,3,2023-05-30,2023-06-05,6.0,1.0,6,Cancelada,PIX,Sim
1482,1,2,274,4,2023-11-12,2023-11-15,3.0,1.0,99,Cancelada,Dinheiro,Não
1483,2,3,194,0,2023-02-08,2023-02-12,4.0,3.0,8,Confirmada,PIX,Sim
1484,4,2,223,1,2024-12-16,2024-12-20,4.0,1.0,9,Confirmada,Cartão de Débito,Sim
1485,3,1,227,2,2023-07-15,2023-07-17,2.0,1.0,2,Confirmada,Cartão de Crédito,Sim
1486,10,3,251,1,2024-04-30,2024-05-07,7.0,1.0,6,Confirmada,Dinheiro,Sim
1487,4,3,89,1,2024-04-26,2024-04-30,4.0,3.0,8,Confirmada,Transferência,Sim
1488,1,5,192,2,2023-01-09,2023-01-15,6.0,4.0,9,Cancelada,Transferência,Sim
1489,1,2,30,2,2023-04-01,2023-04-02,1.0,1.0,9,Confirmada,Transferência,Sim
1490,4,2,178,3,2024-04-30,2024-05-07,7.0,1.0,99,Confirmada,Transferência,Não
1491,2,2,280,3,2023-04-23,2023-04-30,7.0,2.0,9,Confirmada,Dinheiro,Sim
1492,5,2,76,4,2024-08-12,2024-08-15,3.0,2.0,1,No-show,Transferência,Sim
1493,5,2,146,2,2023-10-15,2023-10-17,2.0,2.0,2,Confirmada,Cartão de Crédito,Sim
1494,12,3,45,2,2023-02-23,2023-03-02,7.0,1.0,99,Confirmada,Cartão de Crédito,Não
1495,9,2,206,1,2023-06-04,2023-06-09,5.0,2.0,7,Confirmada,Transferência,Sim
1496,2,4,154,2,2024-10-15,2024-10-20,5.0,4.0,6,Confirmada,Cartão de Débito,Sim
1497,8,1,114,2,2023-07-08,2023-07-11,3.0,1.0,7,Confirmada,Cartão de Débito,Sim
1498,11,2,61,1,2024-10-14,2024-10-18,4.0,2.0,99,Confirmada,Cartão de Débito,Não
1499,9,3,131,2,2024-03-24,2024-03-29,5.0,3.0,99,Cancelada,Dinheiro,Não
1500,10,3,45,4,2023-11-29,2023-11-30,1.0,3.0,9,Cancelada,Transferência,Sim
1501,3,2,299,3,2023-07-15,2023-07-17,2.0,2.0,2,Confirmada,Dinheiro,Sim
1502,5,1,108,2,2023-03-02,2023-03-04,2.0,1.0,99,Cancelada,PIX,Não
1503,6,3,283,2,2023-08-20,2023-08-24,4.0,1.0,6,No-show,Transferência,Sim
1504,2,3,7,0,2023-11-12,2023-11-15,3.0,2.0,6,No-show,PIX,Sim
1505,11,3,41,2,2024-04-16,2024-04-18,2.0,3.0,8,Confirmada,Transferência,Sim
1506,4,4,239,4,2023-01-09,2023-01-11,2.0,2.0,6,Confirmada,PIX,Sim
1507,6,4,171,2,2024-04-23,2024-04-26,3.0,4.0,9,Confirmada,Cartão de Débito,Sim
1508,4,3,84,2,2023-07-28,2023-07-29,1.0,3.0,7,Cancelada,Transferência,Sim
1509,10,2,255,3,2023-01-28,2023-01-29,1.0,1.0,99,Confirmada,Dinheiro,Não
1510,10,2,230,1,2023-01-03,2023-01-06,3.0,2.0,99,Confirmada,Transferência,Não
1511,4,2,6,1,2024-01-12,2024-01-18,6.0,1.0,9,Confirmada,Dinheiro,Sim
1512,1,1,31,4,2024-06-23,2024-06-27,4.0,1.0,8,Cancelada,PIX,Sim
1513,10,3,141,1,2024-08-27,2024-08-29,2.0,2.0,99,Confirmada,PIX,Não
1514,3,3,127,2,2024-05-04,2024-05-05,1.0,1.0,2,Confirmada,PIX,Sim
1515,8,2,97,2,2024-01-06,2024-01-07,1.0,2.0,6,Confirmada,PIX,Sim
1516,1,2,183,1,2023-12-11,2023-12-14,3.0,2.0,9,Confirmada,Transferência,Sim
1517,11,2,174,1,2023-01-22,2023-01-27,5.0,2.0,9,Cancelada,Transferência,Sim
1518,12,5,113,0,2024-08-30,2024-09-04,5.0,2.0,10,Cancelada,Transferência,Sim
1519,4,2,87,3,2023-08-21,2023-08-25,4.0,2.0,9,Confirmada,Dinheiro,Sim
1520,2,5,73,2,2023-10-03,2023-10-07,4.0,1.0,10,Confirmada,Cartão de Crédito,Sim
1521,7,5,295,3,2023-03-06,2023-03-11,5.0,3.0,7,Cancelada,Transferência,Sim
1522,4,2,52,2,2023-07-01,2023-07-08,7.0,1.0,99,Confirmada,Dinheiro,Não
1523,2,5,133,1,2024-03-13,2024-03-19,6.0,3.0,6,Confirmada,Cartão de Crédito,Sim
1524,6,5,222,1,2024-06-09,2024-06-12,3.0,1.0,7,Confirmada,Dinheiro,Sim
1525,10,3,10,3,2023-07-02,2023-07-03,1.0,3.0,7,Confirmada,Dinheiro,Sim
1526,7,1,115,2,2023-06-21,2023-06-26,5.0,1.0,7,Confirmada,Cartão de Crédito,Sim
1527,10,2,71,3,2023-12-14,2023-12-16,2.0,1.0,9,Confirmada,Cartão de Débito,Sim
1528,11,1,233,4,2024-08-26,2024-08-31,5.0,1.0,10,Confirmada,Transferência,Sim
1529,3,2,255,4,2024-01-15,2024-01-17,2.0,1.0,1,Confirmada,Transferência,Sim
1530,6,2,287,1,2024-12-25,2024-12-29,4.0,2.0,7,Confirmada,Transferência,Sim
1531,9,2,253,2,2023-05-08,2023-05-10,2.0,1.0,10,Confirmada,Cartão de Crédito,Sim
1532,5,1,190,3,2024-06-15,2024-06-17,2.0,2.0,2,Confirmada,Dinheiro,Sim
1533,10,2,274,0,2023-09-02,2023-09-07,5.0,2.0,8,Confirmada,Dinheiro,Sim
1534,9,1,237,1,2023-01-31,2023-02-01,1.0,2.0,10,Concluída,Transferência,Sim
1535,2,1,78,1,2024-04-13,2024-04-14,1.0,2.0,6,Confirmada,Dinheiro,Sim
1536,4,2,11,2,2024-05-05,2024-05-07,2.0,1.0,7,Confirmada,Cartão de Débito,Sim
1537,10,2,183,1,2024-03-06,2024-03-08,2.0,2.0,6,Cancelada,Transferência,Sim
1538,12,1,31,3,2024-04-23,2024-04-26,3.0,2.0,0,Confirmada,Cartão de Débito,Sim
1539,3,2,119,2,2024-01-15,2024-01-17,2.0,1.0,2,Confirmada,Dinheiro,Sim
1540,10,1,216,2,2024-07-07,2024-07-12,5.0,2.0,8,Confirmada,Cartão de Crédito,Sim
1541,2,2,252,3,2024-01-28,2024-02-01,4.0,2.0,99,Confirmada,Cartão de Débito,Não
1542,9,3,9,3,2023-08-06,2023-08-07,1.0,3.0,10,No-show,Cartão de Débito,Sim
1543,8,4,214,2,2024-08-04,2024-08-05,1.0,1.0,6,Confirmada,PIX,Sim
1544,10,5,34,2,2023-08-17,2023-08-18,1.0,3.0,7,Confirmada,Dinheiro,Sim
1545,5,3,119,2,2023-03-27,2023-03-28,1.0,3.0,3,Confirmada,Cartão de Crédito,Sim
1546,9,1,57,4,2023-01-03,2023-01-04,1.0,2.0,8,Cancelada,Transferência,Sim
1547,4,4,144,1,2023-05-10,2023-05-13,3.0,4.0,6,Confirmada,Dinheiro,Sim
1548,3,1,195,0,2023-09-26,2023-09-29,3.0,1.0,99,No-show,Cartão de Débito,Não
1549,4,4,186,4,2024-10-15,2024-10-20,5.0,1.0,99,Confirmada,Dinheiro,Não
1550,5,1,38,1,2024-06-15,2024-06-17,2.0,2.0,3,Confirmada,PIX,Sim
1551,11,2,20,0,2023-10-12,2023-10-16,4.0,1.0,10,Confirmada,Cartão de Crédito,Sim
1552,4,1,234,3,2023-01-04,2023-01-05,1.0,2.0,7,Confirmada,PIX,Sim
1553,10,2,230,2,2024-01-25,2024-01-26,1.0,1.0,7,Confirmada,PIX,Sim
1554,9,1,218,4,2023-03-25,2023-03-29,4.0,2.0,8,Concluída,Cartão de Débito,Sim
1555,9,3,180,4,2023-01-31,2023-02-01,1.0,1.0,7,Confirmada,Cartão de Crédito,Sim
1556,2,3,257,2,2024-09-30,2024-10-02,2.0,2.0,7,Confirmada,Cartão de Débito,Sim
1557,10,1,281,2,2023-09-09,2023-09-11,2.0,2.0,6,Cancelada,Cartão de Crédito,Sim
1558,7,4,262,1,2023-11-29,2023-12-06,7.0,4.0,8,Confirmada,PIX,Sim
1559,11,3,156,1,2024-10-20,2024-10-21,1.0,1.0,9,Confirmada,Transferência,Sim
1560,12,3,101,2,2023-08-05,2023-08-11,6.0,3.0,7,Confirmada,Cartão de Débito,Sim
1561,1,1,103,3,2024-04-08,2024-04-15,7.0,2.0,10,No-show,Cartão de Débito,Sim
1562,12,1,59,0,2024-08-15,2024-08-16,1.0,1.0,8,Confirmada,Transferência,Sim
1563,1,1,46,1,2024-12-13,2024-12-19,6.0,1.0,9,Cancelada,Transferência,Sim
1564,8,2,79,1,2024-01-28,2024-02-02,5.0,2.0,99,Confirmada,Cartão de Crédito,Não
1565,12,3,178,1,2023-05-15,2023-05-22,7.0,3.0,9,Confirmada,PIX,Sim
1566,1,4,129,1,2024-04-19,2024-04-25,6.0,2.0,99,Cancelada,Cartão de Débito,Não
1567,4,2,69,1,2023-10-31,2023-11-06,6.0,1.0,99,Confirmada,PIX,Não
1568,6,2,78,2,2024-09-02,2024-09-09,7.0,2.0,9,Cancelada,Transferência,Sim
1569,10,2,156,3,2024-10-24,2024-10-29,5.0,2.0,6,Confirmada,Cartão de Débito,Sim
1570,9,3,192,4,2023-04-18,2023-04-22,4.0,2.0,99,No-show,Cartão de Débito,Não
1571,1,4,276,1,2024-11-24,2024-12-01,7.0,1.0,10,Confirmada,Dinheiro,Sim
1572,8,4,28,1,2024-10-10,2024-10-12,2.0,3.0,99,Confirmada,Cartão de Débito,Não
1573,3,1,93,2,2024-01-15,2024-01-17,2.0,2.0,2,Confirmada,Cartão de Crédito,Sim
1574,11,5,179,4,2024-04-14,2024-04-20,6.0,1.0,7,Confirmada,Cartão de Crédito,Sim
1575,10,3,110,4,2024-12-07,2024-12-12,5.0,1.0,99,Confirmada,Cartão de Débito,Não
1576,10,1,135,2,2024-01-02,2024-01-07,5.0,2.0,9,Confirmada,Cartão de Crédito,Sim
1577,4,4,187,4,2024-01-12,2024-01-14,2.0,1.0,10,Confirmada,PIX,Sim
1578,3,2,188,3,2023-07-15,2023-07-17,2.0,1.0,1,Confirmada,Transferência,Sim
1579,5,1,51,4,2023-10-15,2023-10-17,2.0,2.0,3,Confirmada,Transferência,Sim
1580,12,4,204,1,2024-04-13,2024-04-17,4.0,2.0,6,Confirmada,Transferência,Sim
1581,10,3,280,2,2024-03-12,2024-03-16,4.0,3.0,10,Concluída,Transferência,Sim
1582,12,4,123,3,2023-01-21,2023-01-23,2.0,4.0,9,Confirmada,PIX,Sim
1583,5,2,237,2,2024-06-15,2024-06-17,2.0,1.0,3,Confirmada,Cartão de Crédito,Sim
1584,10,4,215,1,2023-03-31,2023-04-06,6.0,3.0,10,Confirmada,Transferência,Sim
1585,2,3,24,1,2023-12-30,2024-01-02,3.0,1.0,99,Confirmada,Dinheiro,Não
1586,5,1,208,1,2024-11-22,2024-11-24,2.0,1.0,1,Confirmada,Cartão de Crédito,Sim
1587,10,2,243,1,2024-04-07,2024-04-10,3.0,2.0,7,Confirmada,Dinheiro,Sim
1588,7,2,129,1,2023-05-17,2023-05-24,7.0,2.0,10,No-show,Cartão de Débito,Sim
1589,7,3,243,2,2024-04-10,2024-04-16,6.0,2.0,99,Confirmada,Cartão de Crédito,Não
1590,11,3,76,2,2024-02-16,2024-02-20,4.0,3.0,99,Confirmada,Dinheiro,Não
1591,8,1,143,4,2023-01-02,2023-01-03,1.0,2.0,7,Confirmada,Cartão de Crédito,Sim
1592,12,4,234,1,2024-01-02,2024-01-05,3.0,4.0,9,Confirmada,Dinheiro,Sim
1593,10,5,231,1,2024-12-04,2024-12-09,5.0,2.0,10,Confirmada,Transferência,Sim
1594,4,2,40,2,2024-03-25,2024-03-27,2.0,1.0,7,Confirmada,Cartão de Crédito,Sim
1595,2,3,245,1,2023-07-09,2023-07-10,1.0,3.0,99,Confirmada,Cartão de Débito,Não
1596,12,3,54,3,2024-04-27,2024-05-04,7.0,1.0,99,Confirmada,Transferência,Não
1597,8,5,209,1,2023-03-17,2023-03-19,2.0,2.0,10,Confirmada,Cartão de Débito,Sim
1598,1,4,21,2,2024-07-28,2024-08-04,7.0,1.0,9,Confirmada,Cartão de Débito,Sim
1599,1,4,283,2,2023-10-08,2023-10-11,3.0,1.0,7,Confirmada,Dinheiro,Sim
1600,3,1,137,2,2024-10-13,2024-10-14,1.0,1.0,2,Confirmada,Cartão de Crédito,Sim
1601,4,1,209,1,2023-08-23,2023-08-24,1.0,1.0,9,Confirmada,Dinheiro,Sim
1602,5,2,143,4,2023-05-01,2023-05-02,1.0,2.0,3,Confirmada,Cartão de Débito,Sim
1603,1,4,128,3,2023-01-13,2023-01-19,6.0,2.0,8,Confirmada,Dinheiro,Sim
1604,4,3,237,4,2023-09-06,2023-09-11,5.0,3.0,8,Confirmada,Cartão de Crédito,Sim
1605,2,3,179,3,2024-09-08,2024-09-10,2.0,3.0,6,Confirmada,Transferência,Sim
1606,5,3,129,4,2023-11-27,2023-11-30,3.0,2.0,2,No-show,Transferência,Sim
1607,11,3,52,4,2023-12-13,2023-12-16,3.0,2.0,6,Cancelada,Cartão de Débito,Sim
1608,4,1,269,2,2024-04-30,2024-05-05,5.0,2.0,99,Cancelada,Cartão de Débito,Não
1609,1,1,178,1,2024-08-04,2024-08-05,1.0,1.0,6,Concluída,Cartão de Débito,Sim
1610,8,3,51,2,2023-02-18,2023-02-25,7.0,3.0,7,Confirmada,PIX,Sim
1611,6,1,179,4,2023-07-13,2023-07-20,7.0,1.0,99,Confirmada,Transferência,Não
1612,7,3,48,0,2024-08-14,2024-08-21,7.0,3.0,6,No-show,Dinheiro,Sim
1613,2,1,83,1,2023-10-08,2023-10-15,7.0,2.0,9,Concluída,Cartão de Crédito,Sim
1614,10,4,106,0,2024-02-17,2024-02-19,2.0,3.0,9,Confirmada,Dinheiro,Sim
1615,1,4,104,2,2024-03-04,2024-03-11,7.0,1.0,6,Confirmada,Transferência,Sim
1616,12,2,100,1,2023-03-17,2023-03-19,2.0,2.0,7,Cancelada,Cartão de Crédito,Sim
1617,1,3,43,1,2023-08-23,2023-08-30,7.0,2.0,10,Confirmada,Cartão de Débito,Sim
1618,2,2,28,4,2024-06-13,2024-06-16,3.0,2.0,7,Confirmada,Dinheiro,Sim
1619,7,2,58,1,2024-02-20,2024-02-23,3.0,1.0,6,Cancelada,Transferência,Sim
1620,2,2,93,2,2023-12-10,2023-12-13,3.0,2.0,7,Cancelada,PIX,Sim
1621,2,1,229,2,2024-03-30,2024-03-31,1.0,1.0,99,Confirmada,Transferência,Não
1622,7,3,121,3,2024-12-20,2024-12-25,5.0,2.0,6,Confirmada,Dinheiro,Sim
1623,3,1,49,3,2024-01-15,2024-01-17,2.0,1.0,3,Confirmada,Cartão de Crédito,Sim
1624,10,1,38,1,2023-02-21,2023-02-24,3.0,1.0,9,Confirmada,Dinheiro,Sim
1625,6,3,69,2,2023-10-14,2023-10-19,5.0,1.0,8,Confirmada,Dinheiro,Sim
1626,7,1,81,4,2024-03-17,2024-03-19,2.0,2.0,99,No-show,Dinheiro,Não
1627,10,3,96,4,2023-07-10,2023-07-17,7.0,1.0,9,Concluída,Transferência,Sim
1628,10,3,252,2,2023-07-16,2023-07-23,7.0,3.0,6,Confirmada,Cartão de Débito,Sim
1629,3,2,127,1,2023-07-15,2023-07-17,2.0,1.0,3,Confirmada,Dinheiro,Sim
1630,2,3,182,1,2024-12-31,2025-01-04,4.0,2.0,99,Confirmada,Dinheiro,Não
1631,4,2,135,1,2024-03-20,2024-03-24,4.0,2.0,7,Cancelada,Cartão de Crédito,Sim
1632,2,4,144,4,2024-11-03,2024-11-06,3.0,3.0,7,Confirmada,Cartão de Débito,Sim
1633,4,3,253,2,2023-05-26,2023-06-02,7.0,3.0,10,Confirmada,Cartão de Crédito,Sim
1634,11,2,235,1,2023-12-14,2023-12-20,6.0,2.0,10,Confirmada,Cartão de Débito,Sim
1635,12,2,249,2,2023-12-21,2023-12-24,3.0,1.0,10,Confirmada,Dinheiro,Sim
1636,9,3,256,4,2023-01-02,2023-01-08,6.0,2.0,9,No-show,Transferência,Sim
1637,4,3,254,3,2024-09-05,2024-09-08,3.0,1.0,6,Cancelada,Dinheiro,Sim
1638,12,4,294,3,2023-10-01,2023-10-07,6.0,2.0,6,Confirmada,PIX,Sim
1639,4,2,110,0,2023-07-10,2023-07-13,3.0,2.0,8,Confirmada,PIX,Sim
1640,9,3,264,1,2023-06-17,2023-06-18,1.0,2.0,8,Concluída,PIX,Sim
1641,10,3,240,4,2024-08-27,2024-08-29,2.0,3.0,99,Confirmada,Cartão de Crédito,Não
1642,9,1,149,2,2023-04-15,2023-04-17,2.0,2.0,7,Confirmada,PIX,Sim
1643,7,1,154,3,2023-08-03,2023-08-05,2.0,2.0,7,Confirmada,PIX,Sim
1644,11,3,22,1,2023-07-15,2023-07-20,5.0,3.0,9,Confirmada,Cartão de Débito,Sim
1645,1,1,59,3,2024-01-08,2024-01-15,7.0,2.0,10,Confirmada,Dinheiro,Sim
1646,11,4,95,1,2023-12-23,2023-12-26,3.0,2.0,99,Confirmada,Dinheiro,Não
1647,1,4,109,4,2023-09-27,2023-10-03,6.0,1.0,10,Confirmada,Transferência,Sim
1648,4,2,150,1,2023-09-14,2023-09-19,5.0,2.0,7,Confirmada,Transferência,Sim
1649,12,3,55,1,2023-05-07,2023-05-09,2.0,3.0,7,Confirmada,PIX,Sim
1650,3,2,112,1,2023-07-15,2023-07-17,2.0,1.0,2,Confirmada,Dinheiro,Sim
1651,2,3,83,1,2023-12-28,2023-12-31,3.0,1.0,8,Confirmada,Cartão de Débito,Sim
1652,10,3,219,1,2023-04-04,2023-04-08,4.0,3.0,6,Confirmada,PIX,Sim
1653,2,2,270,2,2024-09-20,2024-09-22,2.0,1.0,9,Confirmada,Dinheiro,Sim
1654,10,2,213,2,2024-04-01,2024-04-02,1.0,1.0,6,Confirmada,Transferência,Sim
1655,9,3,273,4,2024-08-04,2024-08-11,7.0,1.0,99,Confirmada,Transferência,Não
1656,9,5,203,3,2023-09-26,2023-10-03,7.0,2.0,8,Cancelada,Cartão de Crédito,Sim
1657,10,1,145,2,2023-08-19,2023-08-24,5.0,1.0,10,Confirmada,PIX,Sim
1658,6,2,221,3,2024-08-04,2024-08-06,2.0,2.0,9,Cancelada,PIX,Sim
1659,8,4,289,4,2024-12-19,2024-12-25,6.0,1.0,99,Confirmada,Dinheiro,Não
1660,12,4,64,4,2024-08-13,2024-08-17,4.0,4.0,6,Confirmada,Dinheiro,Sim
1661,1,5,52,2,2024-05-10,2024-05-13,3.0,4.0,6,Cancelada,Cartão de Débito,Sim
1662,1,2,269,1,2024-12-11,2024-12-14,3.0,2.0,6,Confirmada,Transferência,Sim
1663,1,2,206,2,2023-07-11,2023-07-16,5.0,2.0,9,Confirmada,PIX,Sim
1664,2,4,107,3,2024-04-18,2024-04-25,7.0,1.0,8,Confirmada,Cartão de Crédito,Sim
1665,9,3,224,1,2023-01-31,2023-02-03,3.0,2.0,8,Confirmada,Transferência,Sim
1666,1,2,68,2,2023-07-07,2023-07-08,1.0,2.0,9,Cancelada,Cartão de Crédito,Sim
1667,4,3,279,1,2023-07-27,2023-07-29,2.0,2.0,8,Confirmada,PIX,Sim
1668,1,4,55,4,2024-12-28,2024-12-29,1.0,4.0,10,Confirmada,Transferência,Sim
1669,9,5,38,1,2024-09-16,2024-09-18,2.0,3.0,7,Confirmada,Cartão de Crédito,Sim
1670,11,3,161,4,2024-07-21,2024-07-24,3.0,1.0,6,Cancelada,Cartão de Crédito,Sim
1671,12,4,122,4,2024-10-05,2024-10-09,4.0,2.0,6,Confirmada,Dinheiro,Sim
1672,11,2,110,2,2024-07-01,2024-07-04,3.0,1.0,7,Confirmada,Cartão de Crédito,Sim
1673,9,5,78,2,2024-03-01,2024-03-08,7.0,1.0,6,No-show,Cartão de Débito,Sim
1674,1,1,119,2,2023-06-05,2023-06-12,7.0,1.0,10,Confirmada,Transferência,Sim
1675,1,3,227,1,2024-08-28,2024-09-02,5.0,3.0,10,Confirmada,Cartão de Crédito,Sim
1676,6,2,6,1,2023-12-12,2023-12-13,1.0,2.0,8,Confirmada,Transferência,Sim
1677,6,4,12,3,2024-04-01,2024-04-07,6.0,4.0,8,Confirmada,PIX,Sim
1678,1,2,267,2,2023-08-22,2023-08-25,3.0,2.0,9,Confirmada,PIX,Sim
1679,1,1,37,1,2023-01-08,2023-01-14,6.0,1.0,9,Cancelada,Dinheiro,Sim
1680,10,1,52,1,2023-08-14,2023-08-15,1.0,2.0,6,Cancelada,Cartão de Débito,Sim
1681,12,3,170,2,2023-05-10,2023-05-16,6.0,3.0,10,Cancelada,Dinheiro,Sim
1682,5,1,146,2,2024-12-11,2024-12-12,1.0,2.0,2,Confirmada,Cartão de Débito,Sim
1683,4,3,84,1,2024-05-05,2024-05-06,1.0,1.0,9,Concluída,PIX,Sim
1684,7,3,270,2,2023-03-26,2023-03-27,1.0,1.0,9,Cancelada,PIX,Sim
1685,12,1,114,2,2023-11-12,2023-11-16,4.0,2.0,9,Confirmada,PIX,Sim
1686,6,5,64,2,2023-06-25,2023-07-02,7.0,1.0,6,Confirmada,Dinheiro,Sim
1687,3,1,82,1,2024-01-15,2024-01-17,2.0,1.0,3,Confirmada,Dinheiro,Sim
1688,1,3,172,2,2024-12-07,2024-12-13,6.0,3.0,6,Cancelada,Cartão de Crédito,Sim
1689,2,1,250,4,2024-10-25,2024-10-27,2.0,2.0,8,Confirmada,PIX,Sim
1690,8,2,292,2,2024-08-02,2024-08-03,1.0,2.0,8,Confirmada,PIX,Sim
1691,3,1,237,2,2024-02-26,2024-02-29,3.0,2.0,2,Confirmada,Cartão de Crédito,Sim
1692,10,2,37,4,2023-03-05,2023-03-07,2.0,1.0,7,Confirmada,Transferência,Sim
1693,6,1,192,1,2024-11-30,2024-12-03,3.0,1.0,99,Confirmada,Transferência,Não
1694,8,3,159,4,2024-11-14,2024-11-17,3.0,1.0,7,Concluída,PIX,Sim
1695,11,2,161,3,2024-11-18,2024-11-23,5.0,2.0,8,Confirmada,PIX,Sim
1696,1,2,129,3,2024-10-10,2024-10-17,7.0,1.0,9,Confirmada,Transferência,Sim
1697,10,1,294,3,2024-12-15,2024-12-22,7.0,1.0,7,Confirmada,Cartão de Crédito,Sim
1698,6,4,195,4,2023-01-28,2023-01-30,2.0,1.0,9,Confirmada,Cartão de Débito,Sim
1699,5,2,292,3,2024-05-16,2024-05-18,2.0,2.0,2,Confirmada,Transferência,Sim
1700,11,2,78,3,2023-04-04,2023-04-05,1.0,1.0,6,Cancelada,Cartão de Crédito,Sim
1701,3,1,54,1,2023-07-15,2023-07-17,2.0,1.0,2,Confirmada,Transferência,Sim
1702,1,2,262,3,2023-03-29,2023-03-31,2.0,2.0,9,Confirmada,Cartão de Débito,Sim
1703,3,3,204,2,2023-11-03,2023-11-05,2.0,2.0,1,Confirmada,Cartão de Débito,Sim
1704,1,2,155,2,2024-08-21,2024-08-28,7.0,1.0,99,Concluída,Transferência,Não
1705,4,1,232,1,2023-08-05,2023-08-12,7.0,2.0,7,Confirmada,PIX,Sim
1706,10,3,57,1,2024-09-13,2024-09-17,4.0,3.0,7,Cancelada,PIX,Sim
1707,11,4,279,1,2024-07-30,2024-08-04,5.0,1.0,9,Confirmada,PIX,Sim
1708,8,3,217,2,2023-04-04,2023-04-11,7.0,1.0,9,Confirmada,Transferência,Sim
1709,6,5,294,3,2023-11-17,2023-11-23,6.0,3.0,10,Cancelada,PIX,Sim
1710,8,5,96,4,2024-11-25,2024-11-28,3.0,4.0,10,Confirmada,Transferência,Sim
1711,3,2,158,2,2024-01-15,2024-01-17,2.0,1.0,1,Confirmada,Transferência,Sim
1712,3,2,160,3,2024-01-15,2024-01-17,2.0,1.0,1,Confirmada,Cartão de Crédito,Sim
1713,3,1,155,3,2023-07-15,2023-07-17,2.0,1.0,3,Confirmada,PIX,Sim
1714,5,2,86,2,2024-10-08,2024-10-10,2.0,2.0,3,Confirmada,Transferência,Sim
1715,7,3,246,1,2024-01-26,2024-01-27,1.0,2.0,99,Confirmada,PIX,Não
1716,3,1,287,0,2024-03-02,2024-03-03,1.0,1.0,1,Cancelada,Cartão de Débito,Sim
1717,2,2,86,1,2023-09-01,2023-09-07,6.0,1.0,8,Confirmada,Cartão de Crédito,Sim
1718,12,1,54,4,2024-07-20,2024-07-21,1.0,1.0,3,Confirmada,Dinheiro,Sim
1719,2,3,259,0,2023-12-02,2023-12-06,4.0,3.0,10,No-show,Dinheiro,Sim
1720,8,1,51,1,2023-01-02,2023-01-06,4.0,1.0,10,Confirmada,Cartão de Débito,Sim
1721,5,2,81,2,2023-10-15,2023-10-17,2.0,2.0,1,Confirmada,Dinheiro,Sim
1722,1,4,236,3,2023-12-15,2023-12-16,1.0,3.0,9,Confirmada,Dinheiro,Sim
1723,3,2,291,1,2024-03-11,2024-03-14,3.0,2.0,1,Cancelada,PIX,Sim
1724,4,3,144,4,2024-04-19,2024-04-23,4.0,3.0,9,Confirmada,Cartão de Crédito,Sim
1725,2,2,256,2,2023-03-28,2023-04-03,6.0,1.0,10,Confirmada,PIX,Sim
1726,12,2,259,4,2023-01-03,2023-01-05,2.0,1.0,99,No-show,Cartão de Débito,Não
1727,10,5,269,2,2023-06-09,2023-06-16,7.0,1.0,8,Confirmada,Dinheiro,Sim
1728,6,4,223,0,2023-04-08,2023-04-10,2.0,4.0,7,Concluída,PIX,Sim
1729,1,3,264,4,2024-04-20,2024-04-25,5.0,3.0,99,Confirmada,Cartão de Débito,Não
1730,11,1,149,1,2024-01-02,2024-01-03,1.0,2.0,9,Confirmada,Cartão de Crédito,Sim
1731,1,3,299,2,2024-11-07,2024-11-10,3.0,3.0,8,Confirmada,Cartão de Crédito,Sim
1732,12,4,97,1,2023-11-15,2023-11-20,5.0,1.0,7,Concluída,Dinheiro,Sim
1733,3,1,100,2,2024-01-15,2024-01-17,2.0,1.0,2,Confirmada,Cartão de Crédito,Sim
1734,3,1,274,2,2024-07-15,2024-07-18,3.0,2.0,2,No-show,Cartão de Crédito,Sim
1735,9,4,68,1,2023-04-26,2023-05-02,6.0,1.0,99,Confirmada,PIX,Não
1736,5,1,88,1,2024-03-11,2024-03-14,3.0,1.0,4,No-show,Dinheiro,Sim
1737,11,2,2,3,2024-02-02,2024-02-03,1.0,2.0,8,Confirmada,Cartão de Crédito,Sim
1738,12,2,52,3,2023-10-23,2023-10-29,6.0,1.0,8,Confirmada,Transferência,Sim
1739,1,2,91,4,2023-09-11,2023-09-17,6.0,1.0,7,Confirmada,Cartão de Débito,Sim
1740,12,3,59,2,2024-05-13,2024-05-19,6.0,2.0,6,Cancelada,Cartão de Débito,Sim
1741,7,5,73,4,2023-08-10,2023-08-12,2.0,2.0,8,Confirmada,Cartão de Débito,Sim
1742,7,3,209,0,2024-10-16,2024-10-23,7.0,2.0,9,Confirmada,Cartão de Débito,Sim
1743,12,1,144,3,2024-06-01,2024-06-02,1.0,1.0,6,Confirmada,Cartão de Débito,Sim
1744,1,2,33,2,2023-09-22,2023-09-26,4.0,2.0,9,Confirmada,Transferência,Sim
1745,9,2,64,0,2023-07-24,2023-07-27,3.0,1.0,99,Confirmada,Cartão de Débito,Não
1746,12,4,174,2,2024-06-17,2024-06-18,1.0,3.0,99,Confirmada,Cartão de Crédito,Não
1747,4,3,93,2,2024-10-15,2024-10-22,7.0,3.0,8,No-show,Dinheiro,Sim
1748,11,5,83,0,2024-07-09,2024-07-16,7.0,2.0,10,Concluída,Dinheiro,Sim
1749,12,5,249,2,2024-03-08,2024-03-10,2.0,1.0,7,No-show,PIX,Sim
1750,7,2,14,1,2023-06-06,2023-06-09,3.0,1.0,8,Confirmada,Cartão de Crédito,Sim
1751,9,3,55,3,2023-04-26,2023-04-30,4.0,2.0,8,Confirmada,Transferência,Sim
1752,5,2,241,1,2024-04-17,2024-04-20,3.0,1.0,1,Confirmada,Transferência,Sim
1753,10,4,121,1,2024-03-09,2024-03-16,7.0,2.0,8,Confirmada,Transferência,Sim
1754,3,2,153,3,2024-01-15,2024-01-17,2.0,2.0,1,Confirmada,Dinheiro,Sim
1755,11,1,205,1,2024-11-10,2024-11-15,5.0,1.0,99,Confirmada,Dinheiro,Não
1756,4,2,211,1,2023-04-20,2023-04-21,1.0,2.0,6,Confirmada,Cartão de Débito,Sim
1757,6,1,49,2,2024-04-12,2024-04-18,6.0,2.0,99,Confirmada,Cartão de Débito,Não
1758,3,1,202,2,2024-09-05,2024-09-07,2.0,1.0,1,Concluída,Dinheiro,Sim
1759,3,1,230,2,2024-08-29,2024-08-31,2.0,1.0,3,Confirmada,Cartão de Crédito,Sim
1760,11,2,230,1,2023-05-13,2023-05-18,5.0,2.0,7,Cancelada,Cartão de Débito,Sim
1761,12,1,95,0,2023-03-24,2023-03-30,6.0,2.0,99,No-show,Transferência,Não
1762,1,2,48,4,2024-05-31,2024-06-06,6.0,1.0,10,Confirmada,Cartão de Crédito,Sim
1763,10,3,224,3,2024-06-16,2024-06-19,3.0,2.0,10,Confirmada,PIX,Sim
1764,5,1,179,3,2023-10-15,2023-10-17,2.0,2.0,2,Confirmada,Cartão de Débito,Sim
1765,4,1,38,0,2023-01-16,2023-01-18,2.0,2.0,7,No-show,Cartão de Débito,Sim
1766,11,1,19,4,2024-10-01,2024-10-07,6.0,2.0,9,Confirmada,PIX,Sim
1767,6,3,143,4,2023-06-12,2023-06-13,1.0,3.0,7,Confirmada,Cartão de Débito,Sim
1768,8,2,206,1,2023-04-21,2023-04-23,2.0,1.0,7,Confirmada,Cartão de Crédito,Sim
1769,1,3,98,4,2023-05-24,2023-05-31,7.0,1.0,7,Confirmada,Dinheiro,Sim
1770,8,3,113,2,2023-06-05,2023-06-09,4.0,2.0,9,Confirmada,Transferência,Sim
1771,6,3,170,1,2024-12-31,2025-01-05,5.0,1.0,7,Confirmada,PIX,Sim
1772,12,1,176,3,2024-11-14,2024-11-17,3.0,2.0,10,Confirmada,PIX,Sim
1773,8,2,17,3,2024-06-10,2024-06-12,2.0,1.0,8,Confirmada,Cartão de Crédito,Sim
1774,2,3,184,2,2024-08-19,2024-08-20,1.0,1.0,6,Confirmada,Transferência,Sim
1775,1,1,267,4,2024-01-26,2024-02-02,7.0,1.0,9,Confirmada,Cartão de Crédito,Sim
1776,7,3,46,1,2024-06-03,2024-06-07,4.0,1.0,99,Confirmada,PIX,Não
1777,3,1,183,4,2023-06-27,2023-06-28,1.0,2.0,2,Cancelada,PIX,Sim
1778,3,1,99,1,2023-07-15,2023-07-17,2.0,2.0,2,Confirmada,Transferência,Sim
1779,7,3,277,3,2024-03-05,2024-03-07,2.0,2.0,10,Confirmada,Cartão de Débito,Sim
1780,5,2,235,2,2023-10-15,2023-10-17,2.0,2.0,1,Confirmada,PIX,Sim
1781,12,3,253,1,2024-12-03,2024-12-04,1.0,3.0,7,Confirmada,Cartão de Crédito,Sim
1782,8,3,116,1,2023-04-02,2023-04-09,7.0,3.0,8,Confirmada,Transferência,Sim
1783,8,5,16,3,2024-04-06,2024-04-10,4.0,2.0,8,Confirmada,Cartão de Débito,Sim
1784,3,2,290,1,2023-07-15,2023-07-17,2.0,1.0,2,Confirmada,Transferência,Sim
1785,11,5,57,2,2024-11-19,2024-11-22,3.0,1.0,10,Confirmada,Transferência,Sim
1786,1,1,180,4,2023-09-20,2023-09-27,7.0,2.0,9,Concluída,Dinheiro,Sim
1787,3,1,227,1,2024-02-05,2024-02-06,1.0,1.0,2,Confirmada,Cartão de Débito,Sim
1788,5,2,206,2,2024-05-28,2024-05-30,2.0,1.0,2,Confirmada,Dinheiro,Sim
1789,2,2,21,2,2024-08-30,2024-09-01,2.0,1.0,7,Confirmada,Transferência,Sim
1790,6,2,79,4,2024-12-03,2024-12-08,5.0,1.0,10,Confirmada,Dinheiro,Sim
1791,10,4,79,1,2023-08-19,2023-08-21,2.0,2.0,7,Confirmada,Cartão de Crédito,Sim
1792,3,2,151,2,2024-01-14,2024-01-15,1.0,2.0,99,Confirmada,PIX,Não
1793,11,3,4,4,2023-05-09,2023-05-16,7.0,2.0,99,Confirmada,Cartão de Débito,Não
1794,5,1,150,2,2023-10-15,2023-10-17,2.0,2.0,1,Confirmada,Transferência,Sim
1795,10,1,133,3,2024-02-09,2024-02-11,2.0,2.0,9,Confirmada,Dinheiro,Sim
1796,6,3,145,2,2024-09-07,2024-09-11,4.0,2.0,8,Cancelada,PIX,Sim
1797,6,4,234,2,2024-01-13,2024-01-17,4.0,4.0,10,Confirmada,PIX,Sim
1798,5,2,92,3,2024-03-11,2024-03-13,2.0,2.0,4,Cancelada,Cartão de Crédito,Sim
1799,11,2,265,1,2023-07-29,2023-08-01,3.0,2.0,99,Confirmada,Dinheiro,Não
1800,3,1,260,3,2023-03-13,2023-03-14,1.0,1.0,99,Cancelada,Cartão de Débito,Não
1801,10,5,186,0,2024-06-02,2024-06-08,6.0,4.0,9,Confirmada,Transferência,Sim
1802,11,4,31,4,2023-09-24,2023-09-25,1.0,1.0,6,Concluída,Transferência,Sim
1803,8,3,133,1,2023-01-27,2023-01-29,2.0,3.0,6,Confirmada,Cartão de Crédito,Sim
1804,7,4,30,4,2024-06-23,2024-06-28,5.0,2.0,8,Confirmada,Dinheiro,Sim
1805,6,1,300,2,2024-06-02,2024-06-06,4.0,2.0,9,Cancelada,PIX,Sim
1806,4,1,217,2,2023-02-07,2023-02-09,2.0,1.0,10,Confirmada,Transferência,Sim
1807,10,2,169,2,2023-10-30,2023-11-05,6.0,1.0,99,Confirmada,PIX,Não
1808,5,2,54,2,2023-02-02,2023-02-03,1.0,2.0,3,Cancelada,PIX,Sim
1809,1,1,197,2,2024-08-13,2024-08-20,7.0,1.0,99,Confirmada,Dinheiro,Não
1810,6,3,8,2,2023-08-08,2023-08-09,1.0,1.0,6,Cancelada,Transferência,Sim
1811,5,3,188,2,2023-11-18,2023-11-19,1.0,3.0,1,Confirmada,Cartão de Débito,Sim
1812,4,5,283,3,2023-08-13,2023-08-19,6.0,1.0,10,Confirmada,PIX,Sim
1813,8,3,61,1,2023-08-08,2023-08-14,6.0,1.0,10,Confirmada,Dinheiro,Sim
1814,8,1,119,3,2023-05-14,2023-05-19,5.0,1.0,9,Confirmada,PIX,Sim
1815,5,2,163,1,2023-12-01,2023-12-02,1.0,1.0,3,No-show,Transferência,Sim
1816,11,1,150,0,2024-03-12,2024-03-14,2.0,1.0,7,Confirmada,Transferência,Sim
1817,3,2,159,3,2024-01-15,2024-01-17,2.0,1.0,2,Confirmada,Cartão de Crédito,Sim
1818,12,3,130,2,2024-04-02,2024-04-08,6.0,2.0,9,Confirmada,Transferência,Sim
1819,9,2,24,4,2023-08-19,2023-08-21,2.0,2.0,9,Confirmada,Dinheiro,Sim
1820,7,4,93,1,2024-02-19,2024-02-24,5.0,1.0,6,Confirmada,Cartão de Débito,Sim
1821,7,5,118,1,2024-03-03,2024-03-07,4.0,2.0,10,Confirmada,Cartão de Crédito,Sim
1822,3,2,67,2,2023-10-28,2023-10-31,3.0,2.0,2,Cancelada,Dinheiro,Sim
1823,4,3,249,4,2024-10-31,2024-11-02,2.0,3.0,6,Confirmada,Transferência,Sim
1824,9,2,291,3,2024-09-04,2024-09-10,6.0,1.0,9,Confirmada,PIX,Sim
1825,12,2,240,2,2024-05-27,2024-05-30,3.0,2.0,9,Confirmada,PIX,Sim
1826,2,5,68,4,2024-10-24,2024-10-31,7.0,3.0,9,Cancelada,Transferência,Sim
1827,6,1,245,2,2024-05-05,2024-05-07,2.0,1.0,99,Confirmada,Cartão de Crédito,Não
1828,5,1,100,4,2023-03-27,2023-03-29,2.0,2.0,1,Cancelada,Dinheiro,Sim
1829,5,1,147,2,2023-08-11,2023-08-14,3.0,1.0,2,Cancelada,Dinheiro,Sim
1830,8,3,289,2,2024-02-16,2024-02-21,5.0,2.0,8,Concluída,PIX,Sim
1831,7,1,87,1,2024-11-02,2024-11-04,2.0,2.0,9,Confirmada,PIX,Sim
1832,6,4,34,1,2024-02-21,2024-02-27,6.0,2.0,8,Confirmada,Dinheiro,Sim
1833,3,2,1,1,2024-10-13,2024-10-16,3.0,1.0,4,Cancelada,Dinheiro,Sim
1834,4,4,287,2,2024-08-04,2024-08-09,5.0,4.0,7,Confirmada,Transferência,Sim
1835,3,2,120,1,2024-01-15,2024-01-17,2.0,2.0,3,Confirmada,Cartão de Crédito,Sim
1836,3,2,247,4,2024-01-15,2024-01-17,2.0,1.0,2,Confirmada,Cartão de Débito,Sim
1837,9,3,170,2,2024-09-27,2024-10-04,7.0,2.0,8,Concluída,PIX,Sim
1838,9,2,252,4,2024-06-22,2024-06-25,3.0,1.0,10,Concluída,Cartão de Crédito,Sim
1839,11,3,21,1,2023-10-19,2023-10-25,6.0,2.0,99,Confirmada,Cartão de Crédito,Não
1840,12,2,233,4,2023-12-21,2023-12-23,2.0,1.0,6,Confirmada,Dinheiro,Sim
1841,9,2,49,2,2024-04-02,2024-04-05,3.0,2.0,8,No-show,Cartão de Crédito,Sim
1842,8,3,65,0,2024-12-11,2024-12-13,2.0,1.0,99,Confirmada,Transferência,Não
1843,12,3,49,1,2023-12-29,2023-12-30,1.0,3.0,99,Concluída,Transferência,Não
1844,12,3,166,2,2024-05-06,2024-05-09,3.0,3.0,7,Confirmada,Dinheiro,Sim
1845,9,3,253,3,2023-12-27,2023-12-28,1.0,2.0,7,Confirmada,Cartão de Crédito,Sim
1846,9,3,55,2,2023-07-14,2023-07-21,7.0,2.0,10,Confirmada,PIX,Sim
1847,9,1,45,2,2024-04-20,2024-04-25,5.0,2.0,6,Confirmada,Dinheiro,Sim
1848,12,3,120,4,2023-06-22,2023-06-28,6.0,3.0,6,Confirmada,PIX,Sim
1849,8,1,193,2,2024-01-24,2024-01-28,4.0,2.0,8,Confirmada,PIX,Sim
1850,10,2,4,3,2024-09-22,2024-09-26,4.0,2.0,9,Confirmada,PIX,Sim
1851,8,4,114,3,2023-11-19,2023-11-23,4.0,4.0,6,Confirmada,PIX,Sim
1852,5,2,270,2,2024-06-15,2024-06-17,2.0,1.0,1,Confirmada,Cartão de Débito,Sim
1853,3,1,291,3,2024-01-15,2024-01-17,2.0,1.0,3,Confirmada,Cartão de Crédito,Sim
1854,8,1,1,2,2024-07-28,2024-07-31,3.0,2.0,7,Cancelada,Cartão de Débito,Sim
1855,6,4,272,1,2024-02-20,2024-02-24,4.0,4.0,9,Confirmada,Cartão de Débito,Sim
1856,1,3,274,1,2024-06-04,2024-06-08,4.0,3.0,10,Confirmada,Transferência,Sim
1857,7,4,167,1,2023-02-13,2023-02-15,2.0,2.0,7,Confirmada,Cartão de Crédito,Sim
1858,6,1,275,1,2023-06-23,2023-06-25,2.0,1.0,99,Concluída,Dinheiro,Não
1859,11,4,21,4,2024-06-26,2024-07-01,5.0,4.0,9,Concluída,Cartão de Crédito,Sim
1860,11,3,91,1,2023-06-11,2023-06-12,1.0,3.0,99,Confirmada,Transferência,Não
1861,4,2,111,1,2023-02-23,2023-03-01,6.0,2.0,10,Cancelada,PIX,Sim
1862,12,1,206,1,2024-10-05,2024-10-11,6.0,1.0,8,Confirmada,PIX,Sim
1863,5,1,28,4,2024-06-15,2024-06-17,2.0,2.0,1,Confirmada,Cartão de Crédito,Sim
1864,1,3,207,1,2024-04-25,2024-05-02,7.0,2.0,8,Concluída,Dinheiro,Sim
1865,1,1,204,3,2024-04-06,2024-04-10,4.0,1.0,8,Concluída,Cartão de Débito,Sim
1866,7,3,263,4,2024-04-07,2024-04-09,2.0,2.0,0,Concluída,Dinheiro,Sim
1867,6,1,132,1,2024-02-11,2024-02-13,2.0,2.0,8,Confirmada,Transferência,Sim
1868,6,2,269,1,2023-06-17,2023-06-23,6.0,2.0,9,Confirmada,Cartão de Crédito,Sim
1869,6,4,259,2,2023-08-21,2023-08-25,4.0,3.0,99,Confirmada,Cartão de Crédito,Não
1870,9,2,81,1,2023-06-07,2023-06-08,1.0,2.0,7,Cancelada,Transferência,Sim
1871,3,2,2,4,2023-07-15,2023-07-17,2.0,2.0,3,Confirmada,Dinheiro,Sim
1872,9,4,193,2,2024-08-24,2024-08-27,3.0,1.0,8,Cancelada,Cartão de Débito,Sim
1873,8,3,207,1,2024-12-21,2024-12-25,4.0,1.0,99,Confirmada,Cartão de Débito,Não
1874,4,1,209,1,2024-03-05,2024-03-12,7.0,2.0,10,Confirmada,Transferência,Sim
1875,5,1,25,1,2024-06-15,2024-06-17,2.0,1.0,3,Confirmada,Cartão de Crédito,Sim
1876,2,3,222,1,2024-07-26,2024-07-27,1.0,3.0,8,No-show,Transferência,Sim
1877,3,1,218,3,2024-06-16,2024-06-19,3.0,2.0,2,Cancelada,Cartão de Crédito,Sim
1878,7,3,99,3,2023-05-06,2023-05-12,6.0,3.0,7,No-show,Dinheiro,Sim
1879,9,3,207,4,2024-09-29,2024-10-06,7.0,3.0,7,Confirmada,Dinheiro,Sim
1880,6,4,300,4,2023-02-10,2023-02-12,2.0,4.0,6,Confirmada,Dinheiro,Sim
1881,6,3,125,2,2024-12-26,2024-12-31,5.0,3.0,6,Confirmada,Cartão de Débito,Sim
1882,5,1,179,4,2024-06-15,2024-06-17,2.0,2.0,1,Confirmada,Cartão de Crédito,Sim
1883,3,3,2,4,2024-01-15,2024-01-18,3.0,2.0,4,Cancelada,Cartão de Crédito,Sim
1884,10,2,158,1,2024-12-22,2024-12-23,1.0,2.0,99,Concluída,Cartão de Débito,Não
1885,3,1,272,1,2023-07-15,2023-07-17,2.0,2.0,1,Confirmada,Dinheiro,Sim
1886,3,1,6,1,2024-01-15,2024-01-17,2.0,2.0,1,Confirmada,Transferência,Sim
1887,12,1,274,1,2023-01-04,2023-01-10,6.0,2.0,8,No-show,Cartão de Débito,Sim
1888,12,5,86,4,2023-02-06,2023-02-12,6.0,4.0,9,Confirmada,Cartão de Débito,Sim
1889,4,2,56,4,2023-03-05,2023-03-10,5.0,1.0,8,Confirmada,PIX,Sim
1890,1,5,148,1,2024-03-27,2024-03-28,1.0,3.0,6,Confirmada,Cartão de Débito,Sim
1891,9,1,171,4,2023-12-01,2023-12-03,2.0,1.0,8,Confirmada,PIX,Sim
1892,7,2,260,3,2023-02-08,2023-02-15,7.0,1.0,10,Confirmada,PIX,Sim
1893,1,1,74,2,2023-11-02,2023-11-06,4.0,1.0,8,Confirmada,Dinheiro,Sim
1894,9,5,32,4,2024-12-04,2024-12-08,4.0,3.0,6,Confirmada,Cartão de Crédito,Sim
1895,5,1,202,3,2024-06-15,2024-06-17,2.0,1.0,1,Confirmada,Dinheiro,Sim
1896,5,1,120,2,2024-07-28,2024-07-29,1.0,1.0,99,Cancelada,Transferência,Não
1897,1,2,229,3,2023-09-10,2023-09-17,7.0,2.0,8,Confirmada,Dinheiro,Sim
1898,1,2,28,4,2023-12-23,2023-12-30,7.0,1.0,7,Cancelada,Dinheiro,Sim
1899,8,2,114,1,2023-05-10,2023-05-17,7.0,1.0,8,Concluída,Cartão de Crédito,Sim
1900,6,3,190,3,2023-02-06,2023-02-10,4.0,1.0,7,Confirmada,Dinheiro,Sim
1901,12,2,115,3,2023-11-16,2023-11-18,2.0,1.0,10,Confirmada,Cartão de Débito,Sim
1902,12,3,122,3,2023-08-14,2023-08-19,5.0,3.0,9,Confirmada,Transferência,Sim
1903,3,2,10,1,2024-01-15,2024-01-17,2.0,2.0,1,Confirmada,Dinheiro,Sim
1904,6,2,208,2,2023-12-09,2023-12-11,2.0,1.0,9,Confirmada,Transferência,Sim
1905,7,3,97,4,2023-09-25,2023-10-01,6.0,3.0,9,Confirmada,Dinheiro,Sim
1906,11,1,91,4,2023-05-25,2023-05-27,2.0,1.0,99,Confirmada,Cartão de Débito,Não
1907,7,4,234,2,2024-11-29,2024-12-05,6.0,3.0,8,Cancelada,PIX,Sim
1908,8,4,285,1,2023-11-12,2023-11-15,3.0,1.0,9,Cancelada,Transferência,Sim
1909,12,2,232,1,2023-03-19,2023-03-26,7.0,2.0,9,Confirmada,Transferência,Sim
1910,8,5,116,3,2023-05-18,2023-05-24,6.0,4.0,7,No-show,Cartão de Débito,Sim
1911,4,2,41,2,2024-04-24,2024-04-29,5.0,1.0,6,Concluída,Cartão de Crédito,Sim
1912,10,2,42,3,2023-10-03,2023-10-05,2.0,1.0,8,Concluída,Cartão de Crédito,Sim
1913,4,2,274,1,2023-05-08,2023-05-13,5.0,1.0,6,Confirmada,PIX,Sim
1914,12,1,31,3,2023-09-21,2023-09-22,1.0,2.0,10,Concluída,Cartão de Crédito,Sim
1915,11,5,285,1,2024-11-29,2024-12-02,3.0,2.0,9,Confirmada,Transferência,Sim
1916,9,1,94,3,2023-04-29,2023-05-04,5.0,2.0,6,Concluída,PIX,Sim
1917,9,2,283,1,2023-10-02,2023-10-09,7.0,2.0,8,Confirmada,Cartão de Débito,Sim
1918,10,2,239,3,2023-06-16,2023-06-19,3.0,2.0,7,Cancelada,Cartão de Crédito,Sim
1919,2,4,67,1,2024-10-07,2024-10-11,4.0,4.0,8,Confirmada,Transferência,Sim
1920,3,2,177,2,2023-07-15,2023-07-17,2.0,1.0,2,Confirmada,Dinheiro,Sim
1921,8,1,281,3,2024-06-15,2024-06-17,2.0,1.0,99,Confirmada,Cartão de Crédito,Não
1922,1,1,114,4,2023-12-25,2023-12-28,3.0,1.0,9,Confirmada,Cartão de Débito,Sim
1923,9,3,112,0,2023-07-24,2023-07-30,6.0,3.0,99,Confirmada,Cartão de Débito,Não
1924,8,1,20,3,2024-10-03,2024-10-08,5.0,1.0,99,Confirmada,PIX,Não
1925,11,2,73,0,2024-07-05,2024-07-08,3.0,1.0,9,Confirmada,Cartão de Crédito,Sim
1926,6,5,168,1,2023-03-17,2023-03-20,3.0,2.0,10,Confirmada,Cartão de Débito,Sim
1927,6,3,191,1,2023-06-17,2023-06-20,3.0,3.0,8,Cancelada,Dinheiro,Sim
1928,9,2,15,1,2023-10-12,2023-10-18,6.0,1.0,10,Confirmada,Cartão de Débito,Sim
1929,1,2,288,2,2023-09-26,2023-09-27,1.0,1.0,9,Confirmada,Cartão de Débito,Sim
1930,12,5,178,1,2024-01-28,2024-02-02,5.0,3.0,99,Confirmada,Transferência,Não
1931,10,3,76,1,2024-07-17,2024-07-19,2.0,2.0,8,Cancelada,Dinheiro,Sim
1932,8,1,7,2,2024-03-24,2024-03-26,2.0,1.0,99,Confirmada,Transferência,Não
1933,9,1,197,0,2024-09-18,2024-09-19,1.0,1.0,99,Confirmada,Cartão de Crédito,Não
1934,8,3,67,2,2023-07-16,2023-07-23,7.0,2.0,99,No-show,Dinheiro,Não
1935,8,5,8,1,2024-08-03,2024-08-05,2.0,1.0,10,Concluída,Cartão de Crédito,Sim
1936,6,4,196,1,2024-04-19,2024-04-26,7.0,2.0,9,Confirmada,PIX,Sim
1937,4,2,219,3,2023-05-29,2023-05-31,2.0,1.0,10,Confirmada,Dinheiro,Sim
1938,6,3,156,1,2023-03-10,2023-03-13,3.0,2.0,6,Confirmada,Cartão de Débito,Sim
1939,7,2,151,2,2023-12-30,2024-01-06,7.0,1.0,7,Cancelada,Cartão de Débito,Sim
1940,7,2,25,2,2024-11-15,2024-11-20,5.0,1.0,99,Concluída,Dinheiro,Não
1941,4,2,138,2,2024-04-25,2024-04-26,1.0,2.0,9,Confirmada,PIX,Sim
1942,5,1,156,2,2023-01-13,2023-01-14,1.0,2.0,99,Cancelada,Cartão de Crédito,Não
1943,4,3,81,1,2023-08-25,2023-08-26,1.0,1.0,8,Concluída,Cartão de Crédito,Sim
1944,11,5,93,2,2023-10-29,2023-11-05,7.0,1.0,6,Concluída,Dinheiro,Sim
1945,2,3,197,1,2023-07-05,2023-07-12,7.0,1.0,10,Concluída,Dinheiro,Sim
1946,5,3,43,3,2024-06-12,2024-06-13,1.0,3.0,99,Confirmada,PIX,Não
1947,11,4,95,1,2023-12-23,2023-12-26,3.0,2.0,99,Confirmada,Dinheiro,Não
1948,8,3,127,2,2023-07-04,2023-07-08,4.0,3.0,7,Confirmada,PIX,Sim
1949,7,1,94,1,2024-08-05,2024-08-06,1.0,2.0,7,Cancelada,PIX,Sim
1950,12,3,167,3,2024-01-05,2024-01-10,5.0,2.0,9,Cancelada,PIX,Sim
1951,8,3,134,4,2024-12-14,2024-12-19,5.0,3.0,8,Confirmada,Transferência,Sim
1952,3,1,152,3,2023-07-15,2023-07-17,2.0,2.0,3,Confirmada,Cartão de Crédito,Sim
1953,6,2,208,2,2023-12-09,2023-12-11,2.0,1.0,9,Confirmada,Transferência,Sim
1954,8,4,118,4,2024-07-22,2024-07-23,1.0,1.0,99,Confirmada,Transferência,Não
1955,7,3,290,4,2023-12-16,2023-12-17,1.0,3.0,9,Confirmada,Dinheiro,Sim
1956,10,1,288,1,2023-03-22,2023-03-23,1.0,1.0,9,Confirmada,PIX,Sim
1957,1,2,217,2,2024-01-20,2024-01-26,6.0,2.0,7,Confirmada,Transferência,Sim
1958,7,1,11,2,2024-10-19,2024-10-21,2.0,2.0,8,No-show,Dinheiro,Sim
1959,4,3,74,4,2024-12-30,2025-01-06,7.0,3.0,7,Confirmada,Cartão de Crédito,Sim
1960,7,3,264,1,2023-05-05,2023-05-11,6.0,1.0,7,Cancelada,Cartão de Débito,Sim
1961,7,2,217,2,2023-10-18,2023-10-21,3.0,2.0,10,Concluída,Cartão de Débito,Sim
1962,10,3,133,3,2023-08-27,2023-08-30,3.0,2.0,99,Confirmada,Dinheiro,Não
1963,9,2,54,3,2023-12-18,2023-12-20,2.0,2.0,8,Confirmada,Cartão de Crédito,Sim
1964,9,3,232,1,2023-03-15,2023-03-19,4.0,3.0,6,Cancelada,Transferência,Sim
1965,6,5,170,1,2023-05-14,2023-05-21,7.0,1.0,6,Confirmada,Cartão de Crédito,Sim
1966,6,3,175,4,2024-01-03,2024-01-09,6.0,3.0,6,Confirmada,Cartão de Débito,Sim
1967,7,1,282,3,2023-11-22,2023-11-23,1.0,1.0,8,Confirmada,Cartão de Crédito,Sim
1968,3,1,290,4,2024-01-15,2024-01-17,2.0,1.0,2,Confirmada,Transferência,Sim
1969,12,1,195,1,2024-04-14,2024-04-15,1.0,2.0,6,Confirmada,PIX,Sim
1970,3,2,130,3,2024-01-15,2024-01-17,2.0,1.0,1,Confirmada,Cartão de Débito,Sim
1971,6,4,107,4,2023-01-22,2023-01-26,4.0,4.0,10,No-show,PIX,Sim
1972,1,1,191,1,2023-10-16,2023-10-19,3.0,1.0,7,Confirmada,Dinheiro,Sim
1973,5,2,110,4,2024-06-15,2024-06-17,2.0,1.0,3,Confirmada,Transferência,Sim
1974,12,2,19,2,2023-05-08,2023-05-13,5.0,2.0,10,Cancelada,Dinheiro,Sim
1975,6,3,230,4,2024-04-21,2024-04-24,3.0,3.0,10,Confirmada,Transferência,Sim
1976,10,2,169,1,2024-01-13,2024-01-14,1.0,2.0,9,Cancelada,Transferência,Sim
1977,9,3,18,2,2023-08-17,2023-08-22,5.0,1.0,7,Confirmada,Cartão de Débito,Sim
1978,5,2,6,2,2024-12-14,2024-12-15,1.0,1.0,1,Confirmada,Cartão de Débito,Sim
1979,5,1,268,4,2024-10-03,2024-10-06,3.0,2.0,99,Confirmada,PIX,Não
1980,5,1,269,1,2023-10-15,2023-10-17,2.0,1.0,2,Confirmada,Cartão de Débito,Sim
1981,3,3,88,3,2023-02-14,2023-02-15,1.0,2.0,1,Cancelada,Transferência,Sim
1982,2,2,235,1,2023-07-18,2023-07-24,6.0,2.0,99,Confirmada,Dinheiro,Não
1983,1,3,213,2,2024-05-17,2024-05-24,7.0,3.0,7,Concluída,Cartão de Crédito,Sim
1984,11,3,241,2,2023-07-18,2023-07-21,3.0,3.0,8,Cancelada,Dinheiro,Sim
1985,8,3,52,1,2024-05-04,2024-05-10,6.0,1.0,10,Confirmada,PIX,Sim
1986,3,3,49,4,2024-02-05,2024-02-08,3.0,1.0,4,Confirmada,Transferência,Sim
1987,3,2,12,2,2023-01-20,2023-01-22,2.0,2.0,99,Confirmada,Dinheiro,Não
1988,12,1,260,3,2024-09-28,2024-10-03,5.0,1.0,8,Cancelada,PIX,Sim
1989,1,2,273,3,2023-04-21,2023-04-22,1.0,2.0,9,Confirmada,Dinheiro,Sim
1990,7,3,191,1,2024-07-24,2024-07-31,7.0,2.0,6,Confirmada,Cartão de Crédito,Sim
1991,3,2,75,4,2024-01-15,2024-01-17,2.0,2.0,1,Confirmada,PIX,Sim
1992,3,1,131,2,2023-12-15,2023-12-17,2.0,2.0,1,Concluída,Cartão de Débito,Sim
1993,9,3,34,2,2024-01-12,2024-01-15,3.0,1.0,99,Concluída,Cartão de Débito,Não
1994,12,3,157,3,2023-06-22,2023-06-27,5.0,2.0,7,Cancelada,Transferência,Sim
1995,11,2,107,3,2023-01-30,2023-02-05,6.0,1.0,10,Confirmada,Cartão de Crédito,Sim
1996,4,1,161,1,2023-08-01,2023-08-05,4.0,2.0,99,Concluída,Dinheiro,Não
1997,1,3,253,2,2023-04-10,2023-04-17,7.0,2.0,8,Confirmada,Cartão de Débito,Sim
1998,11,2,53,2,2023-05-27,2023-05-30,3.0,2.0,7,Confirmada,PIX,Sim
1999,8,4,94,2,2024-09-17,2024-09-20,3.0,3.0,99,Confirmada,Transferência,Não
2000,11,3,234,2,2023-08-23,2023-08-27,4.0,3.0,99,Cancelada,Transferência,Não
2001,6,1,60,3,2023-09-17,2023-09-22,5.0,1.0,9,Confirmada,Cartão de Crédito,Sim
2002,6,1,15,2,2024-06-24,2024-07-01,7.0,2.0,10,Confirmada,Transferência,Sim
2003,2,5,145,1,2023-07-07,2023-07-13,6.0,3.0,6,Confirmada,Cartão de Débito,Sim
2004,2,1,281,3,2023-07-13,2023-07-14,1.0,2.0,8,Confirmada,Transferência,Sim
2005,9,2,16,3,2023-07-13,2023-07-19,6.0,1.0,99,Confirmada,Dinheiro,Não
2006,10,2,246,1,2023-05-31,2023-06-01,1.0,2.0,9,Confirmada,PIX,Sim
2007,9,2,241,1,2024-01-30,2024-02-02,3.0,2.0,6,Confirmada,Cartão de Débito,Sim
2008,11,2,218,4,2024-10-09,2024-10-14,5.0,1.0,9,Confirmada,Cartão de Crédito,Sim
2009,1,2,241,2,2023-08-16,2023-08-19,3.0,2.0,8,Confirmada,Cartão de Crédito,Sim
2010,3,1,112,3,2024-01-15,2024-01-17,2.0,2.0,2,Confirmada,PIX,Sim
2011,8,1,219,4,2024-02-15,2024-02-17,2.0,1.0,7,Confirmada,Dinheiro,Sim
2012,4,4,221,1,2023-02-26,2023-02-27,1.0,4.0,6,Confirmada,Cartão de Débito,Sim
2013,5,1,265,1,2023-10-15,2023-10-17,2.0,1.0,3,Confirmada,Cartão de Crédito,Sim
2014,5,2,252,1,2023-10-15,2023-10-17,2.0,1.0,2,Confirmada,PIX,Sim
2015,12,3,69,1,2023-10-15,2023-10-21,6.0,2.0,9,Confirmada,PIX,Sim
2016,6,4,37,2,2023-07-07,2023-07-13,6.0,4.0,8,Concluída,PIX,Sim
2017,10,5,104,4,2023-01-05,2023-01-12,7.0,1.0,10,Confirmada,Cartão de Crédito,Sim
2018,7,5,235,2,2023-05-25,2023-06-01,7.0,1.0,6,Concluída,Cartão de Crédito,Sim
2019,10,1,106,1,2024-07-07,2024-07-08,1.0,2.0,99,Concluída,Transferência,Não
2020,5,1,134,3,2023-08-04,2023-08-07,3.0,2.0,3,Confirmada,Dinheiro,Sim
2021,2,3,194,4,2023-04-04,2023-04-05,1.0,1.0,9,Cancelada,Cartão de Débito,Sim
2022,6,3,76,1,2023-08-23,2023-08-29,6.0,1.0,9,No-show,Dinheiro,Sim
2023,3,2,41,2,2024-04-04,2024-04-06,2.0,1.0,1,Confirmada,Transferência,Sim
2024,11,1,251,1,2023-07-09,2023-07-11,2.0,1.0,99,Confirmada,Cartão de Débito,Não
2025,9,3,9,2,2023-08-10,2023-08-13,3.0,1.0,99,Confirmada,Transferência,Não
2026,4,3,246,2,2023-05-08,2023-05-11,3.0,2.0,9,Confirmada,PIX,Sim
2027,5,1,175,2,2023-01-19,2023-01-22,3.0,2.0,3,Confirmada,PIX,Sim
2028,5,2,221,1,2023-10-15,2023-10-17,2.0,2.0,3,Confirmada,Transferência,Sim
2029,3,2,78,2,2023-07-15,2023-07-17,2.0,2.0,3,Confirmada,Transferência,Sim
2030,5,2,204,1,2023-07-19,2023-07-20,1.0,2.0,1,Cancelada,Dinheiro,Sim
2031,3,2,166,2,2023-07-15,2023-07-17,2.0,2.0,1,Confirmada,Cartão de Débito,Sim
2032,9,3,66,1,2023-09-28,2023-09-29,1.0,3.0,7,Confirmada,Dinheiro,Sim
2033,3,1,160,4,2024-02-06,2024-02-07,1.0,1.0,4,Concluída,PIX,Sim
2034,7,5,272,1,2023-07-16,2023-07-23,7.0,1.0,8,Confirmada,Transferência,Sim
2035,9,2,179,0,2023-08-08,2023-08-12,4.0,1.0,6,Confirmada,Cartão de Crédito,Sim
2036,10,3,172,1,2023-06-22,2023-06-25,3.0,2.0,6,Cancelada,Dinheiro,Sim
2037,9,3,201,1,2023-01-13,2023-01-15,2.0,3.0,7,Cancelada,Cartão de Débito,Sim
2038,6,1,192,3,2024-09-07,2024-09-14,7.0,1.0,8,Confirmada,Cartão de Débito,Sim
2039,12,2,259,1,2024-09-18,2024-09-22,4.0,1.0,6,Concluída,PIX,Sim
2040,11,1,53,2,2023-04-04,2023-04-09,5.0,1.0,10,Confirmada,Dinheiro,Sim
2041,4,2,76,4,2024-09-27,2024-10-02,5.0,1.0,7,Confirmada,Cartão de Crédito,Sim
2042,1,3,203,4,2024-09-21,2024-09-23,2.0,3.0,99,Confirmada,PIX,Não
2043,3,3,294,2,2023-12-14,2023-12-17,3.0,2.0,1,Confirmada,Cartão de Débito,Sim
2044,5,2,27,1,2024-06-15,2024-06-17,2.0,2.0,3,Confirmada,Cartão de Crédito,Sim
2045,10,4,14,2,2023-05-12,2023-05-16,4.0,3.0,10,Confirmada,Cartão de Débito,Sim
2046,6,2,261,1,2023-11-25,2023-12-02,7.0,2.0,10,Cancelada,Dinheiro,Sim
2047,11,2,113,2,2023-02-03,2023-02-05,2.0,1.0,9,Concluída,Cartão de Débito,Sim
2048,4,4,39,1,2024-04-21,2024-04-26,5.0,1.0,10,Confirmada,Transferência,Sim
2049,5,1,120,3,2024-06-15,2024-06-17,2.0,1.0,1,Confirmada,Cartão de Crédito,Sim
2050,1,3,161,1,2024-04-06,2024-04-09,3.0,3.0,10,Confirmada,Cartão de Crédito,Sim
2051,5,1,13,2,2023-02-19,2023-02-21,2.0,2.0,99,Cancelada,PIX,Não
2052,10,3,155,2,2024-07-12,2024-07-14,2.0,3.0,10,Cancelada,Cartão de Crédito,Sim
2053,1,1,221,4,2023-03-17,2023-03-20,3.0,1.0,6,Confirmada,Cartão de Crédito,Sim
2054,2,5,113,2,2024-08-01,2024-08-07,6.0,1.0,6,Confirmada,Dinheiro,Sim
2055,7,1,273,1,2024-07-31,2024-08-03,3.0,1.0,8,Confirmada,Cartão de Débito,Sim
2056,8,5,178,2,2023-01-18,2023-01-21,3.0,4.0,10,No-show,Cartão de Crédito,Sim
2057,9,2,224,3,2023-10-16,2023-10-23,7.0,1.0,7,Confirmada,Cartão de Débito,Sim
2058,3,1,206,4,2024-01-15,2024-01-17,2.0,1.0,3,Confirmada,Cartão de Crédito,Sim
2059,3,2,134,1,2024-01-15,2024-01-17,2.0,2.0,1,Confirmada,Cartão de Crédito,Sim
2060,3,2,281,4,2023-07-15,2023-07-17,2.0,1.0,3,Confirmada,Dinheiro,Sim
2061,9,2,215,3,2023-11-11,2023-11-13,2.0,2.0,10,Cancelada,PIX,Sim
2062,12,1,196,3,2024-05-30,2024-06-01,2.0,2.0,9,Confirmada,Transferência,Sim
2063,10,3,70,4,2024-02-22,2024-02-25,3.0,3.0,9,Concluída,Cartão de Débito,Sim
2064,6,1,15,4,2024-07-26,2024-08-01,6.0,1.0,99,Confirmada,PIX,Não
2065,6,2,36,1,2024-08-08,2024-08-10,2.0,2.0,10,Confirmada,PIX,Sim
2066,4,1,251,4,2024-08-08,2024-08-10,2.0,1.0,6,Confirmada,Transferência,Sim
2067,10,3,230,1,2023-08-22,2023-08-26,4.0,1.0,9,Confirmada,Transferência,Sim
2068,2,1,18,2,2023-09-19,2023-09-22,3.0,1.0,7,Concluída,Dinheiro,Sim
2069,4,4,157,3,2024-07-06,2024-07-13,7.0,3.0,8,Confirmada,Cartão de Débito,Sim
2070,8,4,209,2,2024-11-26,2024-12-01,5.0,1.0,9,Concluída,Cartão de Crédito,Sim
2071,7,3,110,4,2023-06-07,2023-06-11,4.0,2.0,99,Confirmada,Dinheiro,Não
2072,3,2,120,3,2024-01-15,2024-01-17,2.0,2.0,1,Confirmada,Cartão de Débito,Sim
2073,10,1,88,2,2023-06-06,2023-06-08,2.0,1.0,1,Confirmada,Cartão de Débito,Sim
2074,11,2,108,2,2024-08-20,2024-08-21,1.0,2.0,10,Cancelada,Transferência,Sim
2075,12,4,145,3,2024-05-01,2024-05-02,1.0,4.0,99,Concluída,PIX,Não
2076,2,1,146,4,2024-09-08,2024-09-12,4.0,1.0,9,Confirmada,Dinheiro,Sim
2077,5,2,156,3,2023-10-15,2023-10-17,2.0,1.0,1,Confirmada,Cartão de Débito,Sim
2078,8,5,6,4,2024-11-29,2024-12-01,2.0,2.0,8,Cancelada,Cartão de Crédito,Sim
2079,10,5,94,2,2024-01-07,2024-01-10,3.0,3.0,6,Cancelada,Cartão de Débito,Sim
2080,4,5,164,4,2023-04-17,2023-04-20,3.0,3.0,6,Cancelada,Cartão de Débito,Sim
2081,8,5,268,2,2023-03-14,2023-03-19,5.0,3.0,7,Cancelada,PIX,Sim
2082,3,2,194,2,2023-07-15,2023-07-17,2.0,2.0,1,Confirmada,Cartão de Crédito,Sim
2083,6,3,15,0,2023-12-12,2023-12-14,2.0,2.0,9,Confirmada,Cartão de Débito,Sim
2084,10,5,72,4,2023-05-24,2023-05-30,6.0,3.0,6,Cancelada,Transferência,Sim
2085,7,2,84,0,2024-08-05,2024-08-07,2.0,1.0,10,Confirmada,Cartão de Crédito,Sim
2086,7,1,3,1,2023-05-09,2023-05-10,1.0,1.0,8,Cancelada,Transferência,Sim
2087,3,1,175,2,2023-07-15,2023-07-17,2.0,2.0,1,Confirmada,Cartão de Débito,Sim
2088,7,2,70,0,2024-08-10,2024-08-17,7.0,1.0,7,Confirmada,Dinheiro,Sim
2089,10,4,144,2,2024-06-27,2024-06-29,2.0,1.0,7,Concluída,PIX,Sim
2090,1,3,255,2,2023-07-09,2023-07-10,1.0,3.0,6,Confirmada,Transferência,Sim
2091,4,1,163,4,2024-09-03,2024-09-05,2.0,1.0,8,Confirmada,Dinheiro,Sim
2092,9,5,85,4,2024-09-07,2024-09-12,5.0,3.0,9,Confirmada,PIX,Sim
2093,5,2,211,3,2024-09-07,2024-09-09,2.0,1.0,4,Confirmada,PIX,Sim
2094,8,3,103,2,2023-09-10,2023-09-11,1.0,1.0,8,Confirmada,PIX,Sim
2095,6,3,150,4,2023-07-01,2023-07-03,2.0,1.0,99,Concluída,PIX,Não
2096,4,3,116,4,2024-12-24,2024-12-29,5.0,2.0,9,Confirmada,Cartão de Débito,Sim
2097,4,1,81,2,2024-05-30,2024-06-01,2.0,2.0,8,Concluída,Dinheiro,Sim
2098,7,1,266,1,2023-06-24,2023-06-26,2.0,1.0,10,Confirmada,PIX,Sim
2099,7,4,46,3,2024-10-01,2024-10-06,5.0,3.0,10,Cancelada,Dinheiro,Sim
2100,4,5,218,2,2024-11-24,2024-11-29,5.0,4.0,10,Confirmada,Cartão de Crédito,Sim
2101,4,4,149,3,2023-12-25,2023-12-28,3.0,2.0,8,Confirmada,Cartão de Crédito,Sim
2102,12,2,69,1,2024-06-01,2024-06-04,3.0,2.0,6,Concluída,Dinheiro,Sim
2103,10,2,280,4,2024-11-17,2024-11-23,6.0,1.0,6,Confirmada,Cartão de Crédito,Sim
2104,7,5,285,4,2023-10-06,2023-10-09,3.0,4.0,99,Confirmada,Cartão de Débito,Não
2105,11,1,220,1,2024-11-06,2024-11-08,2.0,2.0,6,Confirmada,Dinheiro,Sim
2106,7,1,178,2,2023-10-26,2023-11-01,6.0,2.0,10,Confirmada,PIX,Sim
2107,3,2,164,2,2024-01-15,2024-01-17,2.0,1.0,3,Confirmada,PIX,Sim
2108,1,3,151,2,2023-10-11,2023-10-13,2.0,2.0,8,Confirmada,Transferência,Sim
2109,5,3,96,2,2024-10-06,2024-10-08,2.0,2.0,1,Confirmada,Transferência,Sim
2110,3,1,245,3,2024-01-15,2024-01-17,2.0,1.0,3,Confirmada,Cartão de Crédito,Sim
2111,12,3,157,3,2024-04-25,2024-05-02,7.0,1.0,8,Confirmada,PIX,Sim
2112,7,3,282,2,2024-06-04,2024-06-11,7.0,1.0,6,Confirmada,PIX,Sim
2113,11,3,9,4,2024-09-20,2024-09-25,5.0,1.0,9,Confirmada,Transferência,Sim
2114,6,1,242,2,2024-08-22,2024-08-28,6.0,2.0,6,Confirmada,Transferência,Sim
2115,1,3,244,4,2024-07-02,2024-07-03,1.0,2.0,99,Confirmada,Cartão de Débito,Não
2116,4,1,256,3,2023-05-22,2023-05-29,7.0,2.0,10,Confirmada,Cartão de Crédito,Sim
2117,5,2,209,1,2024-06-15,2024-06-17,2.0,1.0,2,Confirmada,Cartão de Débito,Sim
2118,3,2,155,2,2023-07-15,2023-07-17,2.0,2.0,2,Confirmada,Cartão de Crédito,Sim
2119,5,1,57,1,2024-06-15,2024-06-17,2.0,2.0,1,Confirmada,Transferência,Sim
2120,4,2,44,2,2023-06-27,2023-07-02,5.0,1.0,7,Confirmada,PIX,Sim
2121,2,3,250,2,2024-03-01,2024-03-08,7.0,3.0,8,Confirmada,Transferência,Sim
2122,2,3,112,1,2023-02-04,2023-02-08,4.0,3.0,9,Confirmada,Dinheiro,Sim
2123,1,3,71,1,2023-09-16,2023-09-20,4.0,3.0,8,Confirmada,Transferência,Sim
2124,7,3,118,1,2024-09-22,2024-09-28,6.0,3.0,9,Confirmada,Cartão de Débito,Sim
2125,6,1,23,1,2024-03-24,2024-03-30,6.0,1.0,10,Cancelada,PIX,Sim
2126,5,2,126,2,2024-01-11,2024-01-13,2.0,2.0,1,Confirmada,Dinheiro,Sim
2127,8,2,153,2,2023-01-04,2023-01-07,3.0,1.0,7,Confirmada,Transferência,Sim
2128,7,1,51,1,2024-11-07,2024-11-10,3.0,2.0,6,Concluída,Dinheiro,Sim
2129,1,3,52,2,2023-01-23,2023-01-25,2.0,1.0,8,Concluída,Dinheiro,Sim
2130,10,4,271,1,2023-11-05,2023-11-10,5.0,2.0,7,Confirmada,Dinheiro,Sim
2131,7,5,230,2,2024-11-24,2024-11-29,5.0,3.0,7,Cancelada,Cartão de Débito,Sim
2132,6,3,14,1,2024-02-08,2024-02-14,6.0,2.0,10,No-show,Dinheiro,Sim
2133,4,2,14,1,2024-02-22,2024-02-28,6.0,2.0,7,Confirmada,Transferência,Sim
2134,10,3,114,4,2023-02-12,2023-02-18,6.0,3.0,99,Cancelada,PIX,Não
2135,7,3,65,3,2024-07-24,2024-07-29,5.0,1.0,10,Confirmada,Cartão de Débito,Sim
2136,4,3,103,4,2024-04-24,2024-04-30,6.0,1.0,99,Cancelada,Dinheiro,Não
2137,1,1,24,1,2024-04-20,2024-04-21,1.0,1.0,8,Cancelada,Cartão de Crédito,Sim
2138,6,4,28,3,2023-08-27,2023-09-01,5.0,4.0,99,Confirmada,Cartão de Crédito,Não
2139,12,1,162,4,2023-02-22,2023-02-26,4.0,1.0,9,Confirmada,Cartão de Débito,Sim
2140,11,1,7,1,2024-10-29,2024-11-05,7.0,1.0,6,Confirmada,Cartão de Débito,Sim
2141,6,4,129,1,2023-09-05,2023-09-12,7.0,4.0,6,No-show,PIX,Sim
2142,7,2,100,2,2024-06-21,2024-06-28,7.0,1.0,99,Confirmada,Dinheiro,Não
2143,7,2,271,2,2023-01-17,2023-01-22,5.0,1.0,6,Confirmada,Transferência,Sim
2144,11,1,228,2,2023-02-12,2023-02-13,1.0,1.0,8,Confirmada,Dinheiro,Sim
2145,6,3,156,1,2024-07-29,2024-07-30,1.0,3.0,99,Confirmada,PIX,Não
2146,3,1,291,2,2023-03-09,2023-03-11,2.0,1.0,1,Confirmada,PIX,Sim
2147,1,2,45,1,2023-05-10,2023-05-11,1.0,2.0,7,Cancelada,Cartão de Crédito,Sim
2148,4,3,119,1,2024-11-06,2024-11-11,5.0,1.0,8,Concluída,PIX,Sim
2149,1,1,46,1,2023-07-05,2023-07-08,3.0,2.0,10,Cancelada,PIX,Sim
2150,5,2,257,3,2023-10-15,2023-10-17,2.0,2.0,3,Confirmada,Dinheiro,Sim
2151,4,3,77,2,2024-12-18,2024-12-20,2.0,2.0,6,Cancelada,Transferência,Sim
2152,6,1,187,1,2024-09-30,2024-10-03,3.0,2.0,99,Confirmada,Cartão de Débito,Não
2153,11,2,49,3,2023-04-01,2023-04-02,1.0,1.0,9,Confirmada,Cartão de Crédito,Sim
2154,11,3,65,0,2023-05-03,2023-05-06,3.0,2.0,7,Confirmada,Cartão de Débito,Sim
2155,4,4,189,1,2023-10-04,2023-10-11,7.0,2.0,7,Confirmada,Transferência,Sim
2156,10,5,286,2,2023-11-19,2023-11-20,1.0,4.0,6,Cancelada,Cartão de Crédito,Sim
2157,5,2,102,2,2024-06-15,2024-06-17,2.0,1.0,2,Confirmada,Transferência,Sim
2158,2,3,264,1,2024-05-24,2024-05-26,2.0,1.0,8,Confirmada,Cartão de Crédito,Sim
2159,5,2,154,2,2024-08-26,2024-08-29,3.0,2.0,4,Cancelada,PIX,Sim
2160,9,3,73,1,2024-05-31,2024-06-06,6.0,2.0,10,Cancelada,PIX,Sim
2161,1,3,92,1,2024-07-18,2024-07-20,2.0,3.0,6,Confirmada,Cartão de Débito,Sim
2162,10,5,271,1,2024-01-14,2024-01-17,3.0,2.0,7,Confirmada,Dinheiro,Sim
2163,4,4,250,3,2024-05-30,2024-06-01,2.0,1.0,8,Confirmada,PIX,Sim
2164,5,2,116,1,2023-10-15,2023-10-17,2.0,2.0,3,Confirmada,PIX,Sim
2165,8,2,46,1,2023-08-19,2023-08-24,5.0,2.0,7,Confirmada,Cartão de Crédito,Sim
2166,4,4,296,4,2023-11-13,2023-11-18,5.0,1.0,9,Confirmada,PIX,Sim
2167,10,3,280,4,2024-04-17,2024-04-23,6.0,3.0,3,Confirmada,Transferência,Sim
2168,11,2,241,2,2023-10-23,2023-10-29,6.0,2.0,99,Confirmada,PIX,Não
2169,12,1,29,4,2024-07-28,2024-08-01,4.0,1.0,9,Confirmada,PIX,Sim
2170,1,4,250,2,2023-06-03,2023-06-07,4.0,4.0,99,No-show,PIX,Não
2171,5,1,42,4,2024-06-15,2024-06-17,2.0,2.0,1,Confirmada,Dinheiro,Sim
2172,12,3,278,3,2023-10-07,2023-10-11,4.0,2.0,6,Confirmada,Dinheiro,Sim
2173,6,1,50,1,2023-11-17,2023-11-18,1.0,1.0,99,Confirmada,Cartão de Débito,Não
2174,2,2,64,1,2023-05-19,2023-05-23,4.0,1.0,7,No-show,Cartão de Débito,Sim
2175,7,3,122,1,2023-06-22,2023-06-29,7.0,2.0,6,Concluída,Cartão de Crédito,Sim
2176,7,1,148,3,2024-02-24,2024-02-27,3.0,1.0,10,Confirmada,Cartão de Débito,Sim
2177,5,2,92,1,2024-05-11,2024-05-12,1.0,1.0,2,Confirmada,Cartão de Débito,Sim
2178,4,3,3,1,2023-05-03,2023-05-04,1.0,3.0,10,Confirmada,Transferência,Sim
2179,1,1,71,1,2023-09-04,2023-09-09,5.0,2.0,7,Confirmada,Cartão de Débito,Sim
2180,2,4,64,0,2023-04-21,2023-04-22,1.0,1.0,8,Confirmada,Cartão de Crédito,Sim
2181,7,2,245,1,2023-10-14,2023-10-16,2.0,1.0,8,Confirmada,PIX,Sim
2182,3,1,128,3,2024-01-15,2024-01-17,2.0,1.0,2,Confirmada,Cartão de Débito,Sim
2183,5,1,225,4,2023-10-15,2023-10-17,2.0,2.0,2,Confirmada,Dinheiro,Sim
2184,7,2,48,2,2023-04-10,2023-04-11,1.0,2.0,99,Confirmada,Cartão de Débito,Não
2185,8,3,206,2,2023-03-08,2023-03-15,7.0,3.0,10,Confirmada,Cartão de Crédito,Sim
2186,1,4,199,3,2023-03-05,2023-03-07,2.0,1.0,10,Confirmada,Cartão de Crédito,Sim
2187,5,2,260,2,2024-06-15,2024-06-17,2.0,2.0,3,Confirmada,Transferência,Sim
2188,4,4,13,0,2023-05-07,2023-05-08,1.0,3.0,99,No-show,Cartão de Débito,Não
2189,4,3,299,2,2023-10-22,2023-10-23,1.0,3.0,10,Confirmada,Cartão de Crédito,Sim
2190,3,2,215,3,2023-07-15,2023-07-17,2.0,2.0,1,Confirmada,Transferência,Sim
2191,3,2,104,1,2024-01-15,2024-01-17,2.0,2.0,1,Confirmada,PIX,Sim
2192,9,5,250,2,2024-01-11,2024-01-17,6.0,2.0,99,Confirmada,Transferência,Não
2193,6,3,40,2,2023-05-01,2023-05-07,6.0,2.0,7,Confirmada,Cartão de Débito,Sim
2194,6,3,224,4,2023-05-24,2023-05-25,1.0,2.0,10,Confirmada,Transferência,Sim
2195,2,1,69,1,2023-08-05,2023-08-11,6.0,2.0,8,Cancelada,Cartão de Débito,Sim
2196,12,1,140,4,2023-11-17,2023-11-23,6.0,2.0,8,Cancelada,Transferência,Sim
2197,11,3,76,4,2024-09-19,2024-09-22,3.0,3.0,6,Confirmada,Cartão de Débito,Sim
2198,5,1,169,1,2024-06-15,2024-06-17,2.0,1.0,2,Confirmada,Cartão de Crédito,Sim
2199,12,2,119,1,2024-01-13,2024-01-17,4.0,2.0,99,Confirmada,Cartão de Débito,Não
2200,10,2,117,3,2023-03-10,2023-03-13,3.0,2.0,7,Cancelada,PIX,Sim
2201,7,2,195,4,2024-07-03,2024-07-10,7.0,1.0,99,Confirmada,PIX,Não
2202,3,3,56,2,2024-03-09,2024-03-10,1.0,3.0,4,Cancelada,Cartão de Crédito,Sim
2203,6,3,243,2,2024-03-14,2024-03-19,5.0,3.0,9,Concluída,PIX,Sim
2204,5,1,37,2,2024-06-15,2024-06-17,2.0,1.0,1,Confirmada,Dinheiro,Sim
2205,4,4,170,1,2024-06-14,2024-06-18,4.0,3.0,6,Confirmada,Dinheiro,Sim
2206,3,1,116,3,2024-01-15,2024-01-17,2.0,1.0,3,Confirmada,PIX,Sim
2207,8,3,294,3,2023-01-21,2023-01-27,6.0,3.0,10,Confirmada,PIX,Sim
2208,7,2,175,4,2024-08-12,2024-08-19,7.0,1.0,7,Confirmada,Cartão de Crédito,Sim
2209,9,1,89,3,2024-01-09,2024-01-16,7.0,1.0,10,Confirmada,Cartão de Crédito,Sim
2210,3,2,240,2,2023-07-15,2023-07-17,2.0,2.0,0,Confirmada,Cartão de Crédito,Sim
2211,9,4,261,2,2023-04-02,2023-04-04,2.0,4.0,6,Confirmada,Cartão de Crédito,Sim
2212,5,1,42,1,2024-06-15,2024-06-17,2.0,2.0,3,Confirmada,PIX,Sim
2213,8,1,259,2,2023-07-24,2023-07-25,1.0,2.0,6,Confirmada,Cartão de Crédito,Sim
2214,5,2,165,1,2023-10-15,2023-10-17,2.0,1.0,2,Confirmada,PIX,Sim
2215,10,2,190,1,2024-04-11,2024-04-17,6.0,1.0,7,Confirmada,Dinheiro,Sim
2216,1,3,110,1,2023-12-27,2023-12-30,3.0,2.0,9,Cancelada,Transferência,Sim
2217,10,3,116,4,2024-04-04,2024-04-07,3.0,2.0,6,Confirmada,Cartão de Débito,Sim
2218,6,5,195,3,2024-05-14,2024-05-21,7.0,1.0,99,Cancelada,Dinheiro,Não
2219,5,2,2,2,2024-06-15,2024-06-17,2.0,1.0,3,Confirmada,Cartão de Crédito,Sim
2220,6,5,79,4,2024-08-05,2024-08-06,1.0,3.0,8,Confirmada,Dinheiro,Sim
2221,11,3,147,2,2023-06-20,2023-06-26,6.0,3.0,6,Confirmada,PIX,Sim
2222,11,2,41,2,2023-01-10,2023-01-15,5.0,1.0,7,Confirmada,PIX,Sim
2223,3,2,235,4,2023-07-15,2023-07-17,2.0,2.0,1,Confirmada,Cartão de Crédito,Sim
2224,1,3,85,1,2024-01-21,2024-01-23,2.0,2.0,9,No-show,Dinheiro,Sim
2225,5,1,1,4,2023-10-15,2023-10-17,2.0,2.0,1,Confirmada,PIX,Sim
2226,2,4,219,2,2024-09-17,2024-09-19,2.0,1.0,99,Confirmada,Cartão de Débito,Não
2227,1,3,268,2,2023-09-28,2023-09-30,2.0,2.0,6,Confirmada,Cartão de Débito,Sim
2228,9,2,121,1,2023-07-18,2023-07-23,5.0,1.0,6,Confirmada,Transferência,Sim
2229,9,3,217,1,2024-08-12,2024-08-18,6.0,3.0,6,Cancelada,Dinheiro,Sim
2230,10,3,22,2,2023-12-15,2023-12-16,1.0,1.0,9,Confirmada,Cartão de Débito,Sim
2231,4,1,101,3,2024-09-30,2024-10-05,5.0,1.0,9,Confirmada,Cartão de Crédito,Sim
2232,4,3,255,1,2023-04-26,2023-04-29,3.0,1.0,99,Confirmada,PIX,Não
2233,10,2,249,1,2023-10-31,2023-11-01,1.0,1.0,99,Confirmada,Transferência,Não
2234,12,4,137,4,2023-11-07,2023-11-08,1.0,2.0,6,Confirmada,Transferência,Sim
2235,3,2,287,3,2023-07-15,2023-07-17,2.0,1.0,3,Confirmada,Dinheiro,Sim
2236,3,1,236,2,2023-10-14,2023-10-16,2.0,2.0,4,Confirmada,Cartão de Débito,Sim
2237,7,3,96,1,2023-05-13,2023-05-16,3.0,3.0,99,Confirmada,Dinheiro,Não
2238,10,5,208,2,2024-08-22,2024-08-23,1.0,2.0,7,Confirmada,Dinheiro,Sim
2239,12,4,217,4,2023-06-17,2023-06-24,7.0,3.0,9,Cancelada,Dinheiro,Sim
2240,5,2,80,2,2023-10-15,2023-10-17,2.0,2.0,1,Confirmada,PIX,Sim
2241,3,1,203,1,2023-04-09,2023-04-12,3.0,1.0,3,Cancelada,Transferência,Sim
2242,8,3,5,4,2023-03-31,2023-04-02,2.0,2.0,9,Confirmada,Cartão de Débito,Sim
2243,12,5,90,2,2023-03-19,2023-03-25,6.0,1.0,8,Confirmada,Transferência,Sim
2244,6,1,62,1,2023-11-26,2023-11-29,3.0,1.0,99,Confirmada,Transferência,Não
2245,5,2,37,1,2024-06-15,2024-06-17,2.0,2.0,1,Confirmada,Cartão de Débito,Sim
2246,4,3,181,1,2023-05-26,2023-05-27,1.0,1.0,8,No-show,Cartão de Crédito,Sim
2247,3,2,231,2,2024-01-15,2024-01-17,2.0,2.0,3,Confirmada,Dinheiro,Sim
2248,11,3,280,4,2024-08-30,2024-09-03,4.0,3.0,10,Confirmada,Transferência,Sim
2249,2,1,193,1,2023-11-30,2023-12-04,4.0,2.0,6,Confirmada,Cartão de Débito,Sim
2250,10,3,87,2,2024-12-28,2025-01-04,7.0,1.0,99,Confirmada,Transferência,Não
2251,9,1,1,1,2023-11-02,2023-11-03,1.0,2.0,10,Confirmada,Cartão de Débito,Sim
2252,3,1,285,3,2023-07-15,2023-07-17,2.0,1.0,1,Confirmada,Dinheiro,Sim
2253,12,3,120,2,2023-09-26,2023-09-29,3.0,3.0,10,Cancelada,Cartão de Crédito,Sim
2254,11,5,177,3,2024-02-03,2024-02-04,1.0,3.0,9,Cancelada,Cartão de Crédito,Sim
2255,4,3,115,2,2023-03-04,2023-03-05,1.0,3.0,7,Confirmada,Cartão de Débito,Sim
2256,5,2,40,3,2023-10-15,2023-10-17,2.0,1.0,3,Confirmada,Cartão de Débito,Sim
2257,11,1,183,2,2023-10-25,2023-10-27,2.0,1.0,7,Confirmada,Dinheiro,Sim
2258,4,1,12,4,2024-12-18,2024-12-24,6.0,1.0,9,Confirmada,Cartão de Débito,Sim
2259,11,5,166,3,2023-05-01,2023-05-03,2.0,4.0,10,Cancelada,Cartão de Débito,Sim
2260,10,3,299,3,2023-11-11,2023-11-15,4.0,2.0,8,Confirmada,Dinheiro,Sim
2261,1,3,63,1,2024-11-12,2024-11-14,2.0,2.0,7,Confirmada,Transferência,Sim
2262,9,3,275,2,2023-04-19,2023-04-24,5.0,3.0,6,Confirmada,PIX,Sim
2263,12,4,181,4,2024-05-18,2024-05-23,5.0,2.0,99,Cancelada,Cartão de Débito,Não
2264,9,2,117,2,2023-05-11,2023-05-17,6.0,1.0,7,Confirmada,Dinheiro,Sim
2265,5,2,172,4,2024-06-15,2024-06-17,2.0,2.0,2,Confirmada,Cartão de Débito,Sim
2266,4,3,32,1,2024-04-27,2024-04-30,3.0,2.0,8,No-show,PIX,Sim
2267,11,3,158,1,2024-06-12,2024-06-15,3.0,1.0,10,Confirmada,Cartão de Crédito,Sim
2268,2,4,161,3,2023-07-01,2023-07-05,4.0,3.0,7,Confirmada,Dinheiro,Sim
2269,7,1,21,1,2024-02-19,2024-02-24,5.0,1.0,99,Confirmada,Dinheiro,Não
2270,4,2,253,1,2023-11-05,2023-11-08,3.0,1.0,8,Confirmada,Dinheiro,Sim
2271,3,1,42,3,2023-07-15,2023-07-17,2.0,1.0,1,Confirmada,Cartão de Débito,Sim
2272,11,2,205,2,2024-01-14,2024-01-16,2.0,1.0,10,Cancelada,Dinheiro,Sim
2273,2,5,219,1,2024-07-29,2024-07-31,2.0,3.0,6,Cancelada,Cartão de Crédito,Sim
2274,2,3,84,0,2024-08-18,2024-08-22,4.0,3.0,6,Confirmada,PIX,Sim
2275,5,1,97,2,2023-06-10,2023-06-11,1.0,2.0,1,Confirmada,Dinheiro,Sim
2276,3,1,232,2,2024-02-21,2024-02-23,2.0,1.0,2,No-show,Transferência,Sim
2277,1,4,144,2,2024-07-08,2024-07-09,1.0,3.0,10,No-show,Transferência,Sim
2278,2,1,15,1,2023-09-18,2023-09-25,7.0,2.0,6,Confirmada,Transferência,Sim
2279,6,2,22,2,2023-08-15,2023-08-20,5.0,2.0,10,Confirmada,Dinheiro,Sim
2280,9,2,206,4,2023-02-13,2023-02-20,7.0,2.0,10,Confirmada,Dinheiro,Sim
2281,10,2,168,1,2023-04-07,2023-04-10,3.0,2.0,8,Confirmada,Cartão de Débito,Sim
2282,10,3,70,4,2024-10-12,2024-10-19,7.0,3.0,9,Confirmada,Cartão de Débito,Sim
2283,10,4,165,3,2023-02-07,2023-02-12,5.0,3.0,8,Confirmada,Cartão de Crédito,Sim
2284,5,2,28,4,2024-06-15,2024-06-17,2.0,2.0,1,Confirmada,Cartão de Débito,Sim
2285,7,5,79,2,2024-10-04,2024-10-10,6.0,4.0,7,No-show,Dinheiro,Sim
2286,10,3,261,2,2023-05-19,2023-05-21,2.0,2.0,8,Cancelada,Dinheiro,Sim
2287,10,1,131,2,2024-10-26,2024-10-30,4.0,2.0,99,Confirmada,Cartão de Débito,Não
2288,6,2,92,1,2024-12-30,2025-01-06,7.0,1.0,10,Confirmada,Transferência,Sim
2289,10,3,71,1,2023-06-09,2023-06-13,4.0,2.0,6,Confirmada,Cartão de Crédito,Sim
2290,3,1,159,2,2024-01-15,2024-01-17,2.0,2.0,3,Confirmada,Dinheiro,Sim
2291,4,4,1,2,2024-11-22,2024-11-28,6.0,3.0,6,Cancelada,Cartão de Crédito,Sim
2292,1,2,289,2,2023-08-31,2023-09-05,5.0,2.0,6,Cancelada,Cartão de Débito,Sim
2293,12,1,194,2,2023-04-01,2023-04-08,7.0,1.0,7,Confirmada,Cartão de Débito,Sim
2294,5,2,78,2,2023-07-14,2023-07-17,3.0,1.0,4,No-show,Dinheiro,Sim
2295,10,4,283,4,2023-12-25,2023-12-26,1.0,3.0,9,Confirmada,Cartão de Débito,Sim
2296,8,3,71,1,2023-10-31,2023-11-04,4.0,1.0,10,Confirmada,Dinheiro,Sim
2297,5,2,206,2,2023-10-15,2023-10-17,2.0,2.0,1,Confirmada,Cartão de Crédito,Sim
2298,9,1,239,1,2024-10-20,2024-10-21,1.0,2.0,99,Confirmada,Transferência,Não
2299,11,1,108,1,2023-09-10,2023-09-13,3.0,1.0,8,Confirmada,Cartão de Crédito,Sim
2300,7,2,53,1,2023-06-25,2023-06-27,2.0,1.0,6,Confirmada,Cartão de Débito,Sim
2301,5,2,4,4,2023-10-15,2023-10-17,2.0,1.0,1,Confirmada,PIX,Sim
2302,10,3,286,1,2024-07-09,2024-07-13,4.0,3.0,10,Confirmada,Cartão de Débito,Sim
2303,12,2,20,2,2023-10-20,2023-10-26,6.0,1.0,7,Confirmada,Cartão de Crédito,Sim
2304,4,3,119,1,2024-12-19,2024-12-23,4.0,1.0,8,Confirmada,Cartão de Débito,Sim
2305,4,3,242,1,2023-03-21,2023-03-23,2.0,3.0,9,Confirmada,Cartão de Crédito,Sim
2306,8,5,8,0,2023-04-05,2023-04-08,3.0,3.0,10,Confirmada,Transferência,Sim
2307,2,2,180,2,2023-05-12,2023-05-19,7.0,1.0,8,Confirmada,Dinheiro,Sim
2308,4,3,193,1,2023-12-14,2023-12-18,4.0,2.0,8,Concluída,Dinheiro,Sim
2309,9,2,22,3,2023-08-27,2023-08-31,4.0,1.0,7,Cancelada,Cartão de Débito,Sim
2310,9,3,153,2,2024-01-07,2024-01-10,3.0,2.0,9,Confirmada,Cartão de Débito,Sim
2311,5,3,49,2,2023-05-15,2023-05-18,3.0,3.0,4,Confirmada,Cartão de Débito,Sim
2312,8,2,138,4,2024-08-25,2024-08-29,4.0,1.0,6,Confirmada,Dinheiro,Sim
2313,10,5,274,3,2023-10-02,2023-10-04,2.0,4.0,99,Confirmada,Transferência,Não
2314,6,2,294,4,2024-07-02,2024-07-07,5.0,2.0,9,Cancelada,Transferência,Sim
2315,8,5,208,2,2023-09-15,2023-09-18,3.0,3.0,8,Cancelada,PIX,Sim
2316,9,3,52,4,2024-09-11,2024-09-17,6.0,3.0,10,Confirmada,PIX,Sim
2317,9,2,213,1,2023-09-12,2023-09-14,2.0,2.0,6,Confirmada,Transferência,Sim
2318,3,1,87,1,2023-07-15,2023-07-17,2.0,1.0,1,Confirmada,Dinheiro,Sim
2319,9,3,86,4,2023-10-09,2023-10-12,3.0,1.0,10,Confirmada,Transferência,Sim
2320,12,2,27,1,2024-09-04,2024-09-07,3.0,1.0,10,Confirmada,Cartão de Débito,Sim
2321,9,1,116,1,2023-04-25,2023-04-29,4.0,1.0,6,Confirmada,Cartão de Débito,Sim
2322,10,1,12,1,2024-11-27,2024-12-04,7.0,2.0,6,Cancelada,PIX,Sim
2323,8,2,176,4,2024-04-28,2024-05-05,7.0,2.0,6,Confirmada,Cartão de Débito,Sim
2324,5,2,226,3,2024-06-15,2024-06-17,2.0,2.0,2,Confirmada,Transferência,Sim
2325,5,2,219,2,2024-06-15,2024-06-17,2.0,2.0,3,Confirmada,Dinheiro,Sim
2326,10,1,217,1,2024-03-22,2024-03-29,7.0,2.0,99,Confirmada,PIX,Não
2327,7,3,54,1,2024-01-05,2024-01-09,4.0,3.0,7,Confirmada,Transferência,Sim
2328,6,4,185,1,2024-08-09,2024-08-14,5.0,3.0,7,Cancelada,PIX,Sim
2329,10,5,71,4,2023-05-28,2023-06-01,4.0,2.0,7,Cancelada,Dinheiro,Sim
2330,11,2,258,1,2023-01-15,2023-01-20,5.0,2.0,9,Confirmada,PIX,Sim
2331,10,5,5,1,2023-01-07,2023-01-09,2.0,1.0,6,Confirmada,Dinheiro,Sim
2332,8,2,277,3,2024-10-17,2024-10-20,3.0,1.0,8,Confirmada,Transferência,Sim
2333,7,1,146,2,2024-03-19,2024-03-23,4.0,1.0,10,Confirmada,Cartão de Débito,Sim
2334,4,2,76,1,2023-07-31,2023-08-07,7.0,1.0,9,Confirmada,PIX,Sim
2335,10,1,17,2,2024-08-29,2024-09-04,6.0,2.0,7,Cancelada,Transferência,Sim
2336,5,1,250,3,2023-10-15,2023-10-17,2.0,2.0,2,Confirmada,Transferência,Sim
2337,10,3,204,4,2023-07-17,2023-07-24,7.0,2.0,8,Confirmada,PIX,Sim
2338,11,1,170,4,2023-09-19,2023-09-25,6.0,2.0,8,Confirmada,Cartão de Débito,Sim
2339,1,1,33,1,2023-05-24,2023-05-28,4.0,1.0,9,Concluída,Cartão de Débito,Sim
2340,7,3,115,3,2023-03-15,2023-03-22,7.0,2.0,8,Confirmada,Dinheiro,Sim
2341,4,3,24,2,2023-11-13,2023-11-15,2.0,1.0,6,Concluída,Dinheiro,Sim
2342,6,2,270,2,2024-02-18,2024-02-19,1.0,2.0,10,Confirmada,PIX,Sim
2343,9,4,109,2,2023-01-10,2023-01-13,3.0,3.0,8,Confirmada,PIX,Sim
2344,11,4,215,2,2023-08-28,2023-09-01,4.0,1.0,99,Confirmada,Cartão de Débito,Não
2345,7,3,48,2,2023-04-27,2023-05-04,7.0,3.0,6,Confirmada,PIX,Sim
2346,2,3,45,0,2023-06-19,2023-06-24,5.0,1.0,8,Cancelada,Dinheiro,Sim
2347,3,2,120,2,2023-05-22,2023-05-25,3.0,1.0,3,Confirmada,Dinheiro,Sim
2348,6,5,293,3,2023-08-22,2023-08-25,3.0,2.0,99,Confirmada,Dinheiro,Não
2349,3,1,133,1,2023-04-02,2023-04-03,1.0,2.0,1,Confirmada,PIX,Sim
2350,5,2,207,1,2023-10-15,2023-10-17,2.0,1.0,1,Confirmada,Cartão de Débito,Sim
2351,7,1,104,1,2023-07-04,2023-07-08,4.0,2.0,10,Confirmada,Transferência,Sim
2352,9,2,97,1,2023-12-02,2023-12-08,6.0,1.0,99,Confirmada,Dinheiro,Não
2353,6,3,299,1,2023-07-23,2023-07-27,4.0,3.0,7,Cancelada,PIX,Sim
2354,10,3,218,2,2023-11-15,2023-11-17,2.0,3.0,6,Confirmada,Transferência,Sim
2355,11,5,70,1,2024-04-05,2024-04-10,5.0,2.0,8,Cancelada,Cartão de Débito,Sim
2356,12,3,135,2,2024-05-12,2024-05-18,6.0,2.0,6,Confirmada,Transferência,Sim
2357,6,4,182,1,2023-03-12,2023-03-15,3.0,2.0,7,Confirmada,Cartão de Débito,Sim
2358,10,4,107,2,2024-10-11,2024-10-18,7.0,3.0,6,Confirmada,Dinheiro,Sim
2359,4,2,275,3,2023-03-18,2023-03-23,5.0,1.0,6,Concluída,Cartão de Débito,Sim
2360,5,1,260,2,2024-01-01,2024-01-03,2.0,1.0,3,Cancelada,PIX,Sim
2361,11,2,222,2,2024-01-03,2024-01-07,4.0,1.0,6,Confirmada,PIX,Sim
2362,2,3,239,0,2024-05-23,2024-05-28,5.0,1.0,7,Cancelada,Cartão de Crédito,Sim
2363,3,2,6,4,2023-07-15,2023-07-17,2.0,2.0,1,Confirmada,Cartão de Crédito,Sim
2364,12,4,66,1,2023-11-11,2023-11-15,4.0,1.0,10,Confirmada,PIX,Sim
2365,3,2,182,4,2024-01-15,2024-01-17,2.0,1.0,2,Confirmada,Dinheiro,Sim
2366,11,4,276,4,2023-11-29,2023-12-05,6.0,1.0,10,Confirmada,Dinheiro,Sim
2367,3,1,71,3,2023-10-21,2023-10-24,3.0,2.0,2,Confirmada,Cartão de Débito,Sim
2368,5,2,199,4,2023-10-15,2023-10-17,2.0,2.0,3,Confirmada,Cartão de Crédito,Sim
2369,3,2,263,1,2023-05-10,2023-05-13,3.0,2.0,2,No-show,Dinheiro,Sim
2370,10,5,230,2,2023-02-04,2023-02-10,6.0,2.0,6,Confirmada,Cartão de Crédito,Sim
2371,3,1,68,2,2023-05-06,2023-05-09,3.0,2.0,3,No-show,Transferência,Sim
2372,9,4,215,3,2023-03-22,2023-03-26,4.0,2.0,8,Cancelada,Cartão de Débito,Sim
2373,7,2,296,1,2023-01-17,2023-01-22,5.0,2.0,7,Confirmada,Transferência,Sim
2374,9,4,41,4,2024-05-29,2024-06-01,3.0,1.0,10,Confirmada,Transferência,Sim
2375,12,3,5,1,2023-04-24,2023-04-27,3.0,2.0,8,Confirmada,Cartão de Crédito,Sim
2376,7,3,33,2,2024-04-03,2024-04-07,4.0,3.0,10,Confirmada,Transferência,Sim
2377,9,4,79,1,2024-02-12,2024-02-17,5.0,4.0,6,Confirmada,PIX,Sim
2378,1,1,199,1,2024-06-27,2024-07-03,6.0,2.0,7,Confirmada,Cartão de Crédito,Sim
2379,12,3,289,2,2023-11-30,2023-12-01,1.0,3.0,6,Confirmada,PIX,Sim
2380,7,1,226,1,2023-02-03,2023-02-06,3.0,2.0,10,Confirmada,Cartão de Débito,Sim
2381,4,1,223,1,2024-11-26,2024-12-03,7.0,2.0,7,Concluída,PIX,Sim
2382,3,3,36,2,2024-03-15,2024-03-17,2.0,3.0,3,Concluída,Transferência,Sim
2383,3,2,286,4,2023-07-15,2023-07-17,2.0,2.0,3,Confirmada,Dinheiro,Sim
2384,5,2,64,2,2024-10-01,2024-10-03,2.0,2.0,4,Concluída,Dinheiro,Sim
2385,3,2,275,3,2024-01-15,2024-01-17,2.0,2.0,1,Confirmada,Cartão de Crédito,Sim
2386,5,1,258,2,2024-11-08,2024-11-11,3.0,2.0,3,Cancelada,Transferência,Sim
2387,7,1,285,4,2023-03-28,2023-04-04,7.0,2.0,99,Confirmada,Transferência,Não
2388,6,1,271,2,2023-10-26,2023-10-31,5.0,1.0,9,Confirmada,Transferência,Sim
2389,2,3,95,0,2024-12-16,2024-12-19,3.0,3.0,10,Cancelada,Cartão de Crédito,Sim
2390,5,1,241,4,2023-10-15,2023-10-17,2.0,2.0,1,Confirmada,Cartão de Crédito,Sim
2391,7,4,43,2,2024-02-20,2024-02-24,4.0,2.0,10,Confirmada,Cartão de Crédito,Sim
2392,8,1,81,3,2024-08-29,2024-09-02,4.0,1.0,6,Concluída,Dinheiro,Sim
2393,3,2,300,2,2023-09-15,2023-09-16,1.0,1.0,3,Concluída,Cartão de Crédito,Sim
2394,6,4,188,1,2024-03-26,2024-03-28,2.0,1.0,9,No-show,Transferência,Sim
2395,3,1,39,3,2024-01-15,2024-01-17,2.0,2.0,1,Confirmada,PIX,Sim
2396,7,4,189,1,2023-10-06,2023-10-11,5.0,1.0,7,Confirmada,Transferência,Sim
2397,12,3,5,2,2023-01-25,2023-02-01,7.0,1.0,6,Confirmada,Cartão de Débito,Sim
2398,2,1,145,4,2024-10-02,2024-10-09,7.0,2.0,8,Confirmada,Cartão de Débito,Sim
2399,1,3,9,0,2024-01-20,2024-01-27,7.0,2.0,9,Concluída,PIX,Sim
2400,10,2,188,0,2023-08-21,2023-08-22,1.0,1.0,6,Confirmada,Transferência,Sim
2401,5,1,251,2,2024-04-02,2024-04-04,2.0,2.0,3,Cancelada,Dinheiro,Sim
2402,9,2,168,1,2024-08-10,2024-08-14,4.0,2.0,7,Cancelada,Transferência,Sim
2403,7,1,258,1,2023-08-18,2023-08-19,1.0,2.0,9,Confirmada,Dinheiro,Sim
2404,7,1,215,2,2024-12-06,2024-12-09,3.0,1.0,9,Confirmada,Dinheiro,Sim
2405,10,2,34,1,2023-10-16,2023-10-23,7.0,1.0,7,Confirmada,Transferência,Sim
2406,11,2,274,1,2024-09-28,2024-10-04,6.0,1.0,9,Confirmada,Cartão de Débito,Sim
2407,3,1,104,1,2024-01-15,2024-01-17,2.0,2.0,3,Confirmada,Dinheiro,Sim
2408,1,4,286,3,2024-12-26,2024-12-31,5.0,2.0,9,Concluída,Cartão de Débito,Sim
2409,5,2,76,1,2024-07-31,2024-08-02,2.0,2.0,4,Cancelada,Cartão de Débito,Sim
2410,9,1,25,1,2023-04-14,2023-04-18,4.0,2.0,6,Confirmada,Transferência,Sim
2411,9,4,159,4,2024-10-17,2024-10-21,4.0,1.0,6,Confirmada,PIX,Sim
2412,12,2,135,2,2024-05-02,2024-05-05,3.0,2.0,10,No-show,PIX,Sim
2413,9,4,100,2,2023-12-16,2023-12-22,6.0,4.0,7,Confirmada,Cartão de Débito,Sim
2414,12,3,111,2,2024-12-20,2024-12-21,1.0,1.0,6,Confirmada,Cartão de Débito,Sim
2415,2,2,142,2,2024-09-11,2024-09-13,2.0,1.0,7,Confirmada,Dinheiro,Sim
2416,12,3,222,2,2023-08-09,2023-08-16,7.0,3.0,9,Confirmada,Dinheiro,Sim
2417,5,2,221,1,2023-10-15,2023-10-17,2.0,1.0,1,Confirmada,Cartão de Débito,Sim
2418,4,4,250,2,2023-07-22,2023-07-28,6.0,4.0,99,Cancelada,Cartão de Débito,Não
2419,8,2,4,2,2023-06-14,2023-06-20,6.0,1.0,99,Confirmada,PIX,Não
2420,3,1,297,1,2023-07-15,2023-07-17,2.0,2.0,3,Confirmada,Dinheiro,Sim
2421,12,3,107,2,2023-08-15,2023-08-16,1.0,1.0,7,Confirmada,Cartão de Crédito,Sim
2422,4,1,142,4,2024-08-17,2024-08-20,3.0,2.0,99,Concluída,Dinheiro,Não
2423,9,3,209,1,2024-04-28,2024-04-29,1.0,1.0,99,Cancelada,PIX,Não
2424,8,1,258,3,2023-09-10,2023-09-17,7.0,1.0,99,Confirmada,Transferência,Não
2425,11,4,31,1,2023-05-09,2023-05-10,1.0,1.0,8,Confirmada,Transferência,Sim
2426,4,2,6,2,2023-04-17,2023-04-18,1.0,2.0,99,Confirmada,Transferência,Não
2427,2,2,280,2,2023-06-20,2023-06-24,4.0,2.0,9,Confirmada,Transferência,Sim
2428,11,4,104,1,2024-12-11,2024-12-15,4.0,2.0,7,Confirmada,Cartão de Débito,Sim
2429,6,2,278,3,2024-11-23,2024-11-27,4.0,1.0,7,Cancelada,PIX,Sim
2430,12,3,240,2,2023-10-08,2023-10-09,1.0,1.0,8,Confirmada,Cartão de Débito,Sim
2431,7,1,227,3,2023-05-20,2023-05-27,7.0,1.0,99,Cancelada,Cartão de Débito,Não
2432,3,2,173,2,2023-01-08,2023-01-11,3.0,1.0,3,Concluída,Dinheiro,Sim
2433,5,1,204,2,2024-06-30,2024-07-01,1.0,1.0,2,No-show,Cartão de Crédito,Sim
2434,3,1,128,1,2024-01-15,2024-01-17,2.0,1.0,1,Confirmada,Cartão de Crédito,Sim
2435,1,1,211,3,2024-02-29,2024-03-02,2.0,1.0,10,Cancelada,PIX,Sim
2436,3,1,252,1,2023-07-30,2023-08-02,3.0,1.0,4,Confirmada,Cartão de Crédito,Sim
2437,8,3,113,2,2023-07-28,2023-07-31,3.0,2.0,99,Cancelada,Dinheiro,Não
2438,5,1,249,1,2023-10-15,2023-10-17,2.0,1.0,1,Confirmada,PIX,Sim
2439,6,3,20,3,2024-01-28,2024-02-04,7.0,3.0,8,Concluída,Dinheiro,Sim
2440,8,4,269,1,2023-06-10,2023-06-17,7.0,3.0,9,Confirmada,Cartão de Crédito,Sim
2441,5,1,253,4,2024-06-15,2024-06-17,2.0,1.0,3,Confirmada,Dinheiro,Sim
2442,9,4,120,3,2024-08-27,2024-09-01,5.0,4.0,9,Confirmada,Cartão de Débito,Sim
2443,5,1,219,4,2024-06-15,2024-06-17,2.0,2.0,1,Confirmada,Cartão de Crédito,Sim
2444,5,3,91,2,2024-04-28,2024-05-01,3.0,1.0,4,Confirmada,Cartão de Débito,Sim
2445,10,2,266,2,2023-09-06,2023-09-13,7.0,1.0,99,No-show,Cartão de Débito,Não
2446,1,3,147,3,2024-08-12,2024-08-18,6.0,2.0,10,Confirmada,Dinheiro,Sim
2447,12,1,137,2,2023-11-24,2023-11-29,5.0,2.0,8,Confirmada,Transferência,Sim
2448,9,2,219,2,2024-06-26,2024-06-28,2.0,1.0,7,Cancelada,Cartão de Débito,Sim
2449,2,3,161,4,2024-08-07,2024-08-13,6.0,3.0,10,Confirmada,Cartão de Crédito,Sim
2450,8,3,154,1,2023-09-22,2023-09-26,4.0,3.0,10,Confirmada,Cartão de Crédito,Sim
2451,3,2,125,2,2024-03-22,2024-03-24,2.0,2.0,3,Cancelada,Cartão de Débito,Sim
2452,3,2,24,1,2023-07-15,2023-07-17,2.0,2.0,3,Confirmada,Dinheiro,Sim
2453,10,3,210,4,2023-10-22,2023-10-27,5.0,1.0,9,Confirmada,Cartão de Débito,Sim
2454,7,3,271,2,2024-08-08,2024-08-14,6.0,2.0,6,Confirmada,PIX,Sim
2455,7,1,143,1,2023-07-26,2023-07-27,1.0,2.0,6,Confirmada,Transferência,Sim
2456,8,4,176,1,2023-05-10,2023-05-17,7.0,1.0,6,Concluída,Cartão de Débito,Sim
2457,6,3,160,1,2023-07-01,2023-07-05,4.0,1.0,9,Confirmada,Cartão de Crédito,Sim
3787,11,2,42,4,2025-09-23,2025-09-25,2.0,2.0,8,Concluída,Cartão de Crédito,Sim
3638,10,2,17,4,2025-03-12,2025-03-13,1.0,3.0,99,Confirmada,PIX,Não
2950,4,3,275,2,2025-06-25,2025-07-01,6.0,3.0,10,Concluída,Dinheiro,Sim
2582,1,4,81,1,2025-10-02,2025-10-03,1.0,2.0,8,Cancelada,Transferência,Sim
3084,6,2,4,1,2026-01-14,2026-01-19,5.0,2.0,8,Confirmada,Transferência,Sim
3241,7,3,218,2,2026-01-02,2026-01-08,6.0,1.0,7,Concluída,Cartão de Débito,Sim
3377,8,4,292,3,2025-08-21,2025-08-25,4.0,4.0,8,Confirmada,Transferência,Sim
4159,3,2,88,4,2025-04-01,2025-04-03,2.0,2.0,2,Confirmada,Cartão de Crédito,Sim
4057,12,3,223,3,2025-05-11,2025-05-14,3.0,4.0,7,Confirmada,Dinheiro,Sim
3189,7,4,124,2,2026-08-28,2026-08-29,1.0,1.0,99,Confirmada,Cartão de Débito,Não
3740,10,2,30,4,2026-07-02,2026-07-04,2.0,1.0,8,Confirmada,Cartão de Crédito,Sim
2578,1,3,286,4,2025-03-28,2025-03-29,1.0,3.0,99,Confirmada,Cartão de Crédito,Não
3387,8,4,126,1,2026-08-28,2026-09-02,5.0,3.0,8,Concluída,Cartão de Débito,Sim
2635,1,3,270,1,2025-08-15,2025-08-18,3.0,4.0,5,Concluída,Dinheiro,Sim
2997,6,2,228,3,2025-04-29,2025-04-30,1.0,4.0,99,Confirmada,Transferência,Não
4123,3,2,79,1,2025-04-01,2025-04-03,2.0,1.0,1,Confirmada,Transferência,Sim
3295,8,1,201,3,2025-09-07,2025-09-09,2.0,2.0,8,Cancelada,Cartão de Crédito,Sim
4427,5,1,259,2,2026-02-05,2026-02-08,3.0,2.0,2,Confirmada,Transferência,Sim
2804,2,3,236,2,2025-05-26,2025-05-29,3.0,3.0,7,Concluída,Transferência,Sim
4501,5,1,62,0,2026-04-20,2026-04-21,1.0,3.0,2,Concluída,Cartão de Débito,Sim
3214,7,4,184,3,2026-08-28,2026-08-29,1.0,3.0,8,Cancelada,Cartão de Crédito,Sim
4041,12,1,125,1,2025-12-03,2025-12-06,3.0,2.0,8,Confirmada,Cartão de Débito,Sim
4109,12,1,138,2,2025-02-26,2025-02-28,2.0,1.0,99,Cancelada,Dinheiro,Não
4169,3,3,226,3,2025-04-01,2025-04-05,4.0,2.0,1,Confirmada,PIX,Sim
4443,5,3,219,0,2025-01-01,2025-01-05,4.0,3.0,1,Confirmada,Cartão de Crédito,Sim
3811,11,3,75,3,2025-12-18,2025-12-21,3.0,2.0,10,Confirmada,PIX,Sim
4534,13,6,108,1,2025-07-20,2025-07-25,5.0,2.0,7,Confirmada,Transferência,Sim
3315,8,2,293,3,2025-08-12,2025-08-13,1.0,4.0,6,Confirmada,Dinheiro,Sim
4615,13,8,275,3,2025-10-09,2025-10-10,1.0,4.0,10,No-show,Cartão de Débito,Sim
4110,3,1,189,4,2025-04-01,2025-04-03,2.0,4.0,3,Confirmada,Transferência,Sim
4570,13,6,82,4,2026-04-16,2026-04-17,1.0,3.0,7,Confirmada,PIX,Sim
3017,6,5,19,1,2026-06-04,2026-06-07,3.0,1.0,7,Confirmada,Transferência,Sim
4231,3,2,128,4,2025-11-07,2025-11-11,4.0,1.0,99,Confirmada,Cartão de Débito,Não
3453,8,2,239,2,2025-11-07,2025-11-14,7.0,2.0,8,Confirmada,Cartão de Crédito,Sim
2921,4,3,186,1,2026-06-25,2026-06-28,3.0,4.0,99,Confirmada,Transferência,Não
4507,5,2,90,3,2025-06-27,2025-07-01,4.0,4.0,1,Cancelada,Cartão de Débito,Sim
3908,11,2,75,2,2025-03-22,2025-03-24,2.0,1.0,99,Confirmada,Cartão de Débito,Não
4241,3,2,245,3,2026-03-27,2026-04-03,7.0,3.0,2,Confirmada,Dinheiro,Sim
4074,12,4,81,3,2025-03-27,2025-04-01,5.0,4.0,7,Concluída,PIX,Sim
3509,9,3,157,2,2025-09-10,2025-09-17,7.0,3.0,8,Confirmada,Dinheiro,Sim
3210,7,5,23,1,2025-04-07,2025-04-09,2.0,4.0,9,Concluída,Cartão de Crédito,Sim
4007,12,3,50,0,2026-07-13,2026-07-14,1.0,3.0,99,Concluída,Dinheiro,Não
3026,6,1,33,4,2025-01-08,2025-01-13,5.0,3.0,8,Confirmada,PIX,Sim
3466,9,4,148,2,2025-01-13,2025-01-14,1.0,1.0,99,Concluída,Dinheiro,Não
3874,11,5,214,1,2025-04-18,2025-04-20,2.0,3.0,8,Confirmada,Dinheiro,Sim
3869,11,4,71,2,2025-11-20,2025-11-24,4.0,4.0,6,Confirmada,PIX,Sim
3031,6,1,180,0,2026-07-20,2026-07-23,3.0,1.0,8,Confirmada,PIX,Sim
3734,10,2,38,3,2026-03-06,2026-03-09,3.0,1.0,4,Concluída,Dinheiro,Sim
2743,2,1,292,1,2026-03-27,2026-03-30,3.0,2.0,10,Confirmada,Cartão de Débito,Sim
3485,9,4,199,4,2026-06-27,2026-06-28,1.0,1.0,7,Confirmada,PIX,Sim
3458,8,3,268,4,2025-07-04,2025-07-09,5.0,2.0,10,Concluída,Transferência,Sim
4425,5,2,206,2,2026-02-05,2026-02-09,4.0,4.0,1,Confirmada,Dinheiro,Sim
4337,5,3,125,2,2025-05-31,2025-06-03,3.0,4.0,4,Confirmada,Transferência,Sim
2675,2,1,225,2,2026-01-05,2026-01-09,4.0,3.0,8,Cancelada,PIX,Sim
4624,13,8,307,2,2025-01-08,2025-01-13,5.0,2.0,9,No-show,Dinheiro,Sim
3527,9,3,252,4,2026-03-24,2026-03-28,4.0,2.0,7,Concluída,PIX,Sim
3944,12,4,94,0,2025-02-07,2025-02-12,5.0,4.0,7,Cancelada,Cartão de Crédito,Sim
3211,7,4,135,3,2026-08-29,2026-08-30,1.0,4.0,8,Cancelada,Transferência,Sim
4558,13,8,110,1,2025-07-20,2025-07-22,2.0,2.0,8,Confirmada,Cartão de Débito,Sim
2636,1,4,263,2,2025-07-30,2025-08-02,3.0,3.0,8,Confirmada,Cartão de Crédito,Sim
2875,4,1,169,1,2025-01-09,2025-01-10,1.0,1.0,8,Confirmada,Cartão de Débito,Sim
4082,12,5,175,2,2026-08-26,2026-08-31,5.0,4.0,8,Confirmada,Cartão de Débito,Sim
4319,3,2,281,4,2025-07-26,2025-07-29,3.0,2.0,1,Cancelada,Cartão de Crédito,Sim
4116,3,2,96,0,2025-04-01,2025-04-04,3.0,2.0,2,Confirmada,Cartão de Crédito,Sim
4212,3,3,9,4,2025-11-07,2025-11-11,4.0,4.0,2,Confirmada,PIX,Sim
3825,11,2,68,3,2025-10-31,2025-11-02,2.0,3.0,7,Cancelada,Transferência,Sim
2891,4,3,236,4,2026-01-04,2026-01-08,4.0,2.0,8,Concluída,PIX,Sim
2940,4,2,75,4,2026-05-19,2026-05-20,1.0,4.0,9,Confirmada,Cartão de Crédito,Sim
2959,4,5,81,4,2025-04-22,2025-04-28,6.0,3.0,7,Confirmada,PIX,Sim
4408,5,3,104,2,2026-02-05,2026-02-07,2.0,1.0,1,Confirmada,Cartão de Débito,Sim
2614,1,3,181,4,2025-12-28,2026-01-01,4.0,3.0,7,Concluída,Cartão de Débito,Sim
2890,4,4,264,4,2026-08-07,2026-08-08,1.0,3.0,5,Confirmada,Cartão de Débito,Sim
2910,4,2,125,1,2026-01-16,2026-01-18,2.0,3.0,6,Confirmada,Dinheiro,Sim
2705,2,1,263,1,2025-02-04,2025-02-09,5.0,4.0,8,Confirmada,PIX,Sim
4332,5,3,41,2,2025-05-31,2025-06-06,6.0,3.0,1,Confirmada,Cartão de Débito,Sim
3282,7,4,103,1,2026-03-31,2026-04-02,2.0,3.0,7,Cancelada,PIX,Sim
2604,1,4,216,1,2025-01-19,2025-01-20,1.0,3.0,7,Confirmada,Transferência,Sim
3225,7,2,258,4,2025-04-28,2025-04-29,1.0,3.0,7,Confirmada,Transferência,Sim
4338,5,1,178,1,2025-05-31,2025-06-03,3.0,4.0,3,Confirmada,Cartão de Débito,Sim
3647,10,5,81,2,2026-01-06,2026-01-09,3.0,1.0,9,Confirmada,Transferência,Sim
2523,1,2,20,3,2025-12-25,2025-12-27,2.0,3.0,7,Concluída,Dinheiro,Sim
3548,9,4,165,3,2026-06-14,2026-06-15,1.0,1.0,99,Concluída,PIX,Não
2753,2,1,276,2,2026-06-28,2026-06-30,2.0,1.0,9,Confirmada,Dinheiro,Sim
2641,1,3,5,3,2026-07-11,2026-07-15,4.0,3.0,99,Confirmada,PIX,Não
2751,2,4,84,4,2025-06-16,2025-06-22,6.0,3.0,99,Confirmada,Transferência,Não
4125,3,3,146,1,2025-04-01,2025-04-03,2.0,1.0,4,Confirmada,Cartão de Crédito,Sim
4522,13,8,319,1,2025-07-20,2025-07-23,3.0,2.0,7,Confirmada,PIX,Sim
4623,13,7,312,1,2026-05-26,2026-05-30,4.0,4.0,7,No-show,Dinheiro,Sim
2544,1,2,200,3,2025-12-01,2025-12-06,5.0,4.0,99,Confirmada,PIX,Não
3590,9,3,46,1,2026-03-25,2026-03-26,1.0,2.0,8,Confirmada,Dinheiro,Sim
4126,3,1,257,1,2025-04-01,2025-04-02,1.0,2.0,3,Confirmada,Cartão de Crédito,Sim
2933,4,2,24,0,2026-05-03,2026-05-08,5.0,1.0,8,Confirmada,Cartão de Débito,Sim
3749,10,5,241,3,2026-03-18,2026-03-25,7.0,2.0,8,Concluída,Dinheiro,Sim
2784,2,4,174,3,2025-08-20,2025-08-26,6.0,3.0,99,Concluída,PIX,Não
4370,5,1,188,3,2025-05-31,2025-06-03,3.0,1.0,1,Confirmada,Cartão de Débito,Sim
4203,3,3,104,4,2025-11-07,2025-11-11,4.0,3.0,4,Confirmada,Cartão de Débito,Sim
3514,9,2,110,2,2025-09-25,2025-09-30,5.0,1.0,9,Confirmada,Dinheiro,Sim
2597,1,3,293,2,2025-08-12,2025-08-17,5.0,2.0,99,Confirmada,Dinheiro,Não
3446,8,2,73,2,2026-08-27,2026-08-28,1.0,1.0,8,Concluída,PIX,Sim
4311,3,2,191,2,2025-07-08,2025-07-10,2.0,2.0,2,Confirmada,Dinheiro,Sim
3785,11,3,263,2,2025-04-08,2025-04-12,4.0,1.0,99,Confirmada,PIX,Não
2529,1,4,94,0,2025-07-20,2025-07-21,1.0,2.0,6,Confirmada,Cartão de Crédito,Sim
3431,8,1,185,1,2025-11-22,2025-11-25,3.0,1.0,99,Cancelada,Cartão de Débito,Não
3060,6,5,93,2,2026-07-18,2026-07-22,4.0,2.0,9,Confirmada,Cartão de Débito,Sim
2741,2,5,195,0,2026-08-23,2026-08-28,5.0,1.0,9,Confirmada,Transferência,Sim
3087,6,5,42,2,2025-02-10,2025-02-13,3.0,1.0,9,No-show,Transferência,Sim
3658,10,3,228,4,2026-07-14,2026-07-19,5.0,3.0,9,Confirmada,PIX,Sim
3494,9,4,241,4,2026-04-10,2026-04-14,4.0,1.0,6,Cancelada,Transferência,Sim
3951,12,4,143,1,2026-05-08,2026-05-10,2.0,3.0,7,Confirmada,Cartão de Débito,Sim
2927,4,2,160,4,2025-07-08,2025-07-13,5.0,3.0,9,Confirmada,Transferência,Sim
3472,9,1,141,1,2025-03-02,2025-03-03,1.0,1.0,99,Confirmada,Dinheiro,Não
3661,10,4,134,1,2026-02-23,2026-02-26,3.0,3.0,99,Confirmada,Dinheiro,Não
2591,1,3,247,4,2025-05-08,2025-05-12,4.0,2.0,7,Cancelada,PIX,Sim
2975,4,1,178,0,2025-09-20,2025-09-21,1.0,1.0,9,Concluída,Cartão de Crédito,Sim
3045,6,1,108,2,2025-09-16,2025-09-23,7.0,2.0,9,No-show,Cartão de Crédito,Sim
2704,2,3,92,1,2025-12-04,2025-12-05,1.0,1.0,99,Confirmada,Dinheiro,Não
2512,1,1,254,2,2025-10-30,2025-11-01,2.0,1.0,7,Confirmada,PIX,Sim
2491,1,4,12,3,2025-02-12,2025-02-13,1.0,2.0,7,Concluída,Dinheiro,Sim
3718,10,5,39,1,2025-11-28,2025-12-03,5.0,1.0,5,Confirmada,PIX,Sim
3605,9,2,220,4,2025-07-12,2025-07-14,2.0,3.0,8,Concluída,Cartão de Débito,Sim
3422,8,2,59,4,2025-12-20,2025-12-21,1.0,2.0,7,Cancelada,Dinheiro,Sim
4062,12,5,143,4,2025-09-01,2025-09-03,2.0,4.0,7,Confirmada,Dinheiro,Sim
4298,3,2,103,0,2025-02-05,2025-02-07,2.0,1.0,99,Confirmada,Dinheiro,Não
3945,12,5,292,1,2025-09-06,2025-09-11,5.0,4.0,8,Confirmada,Transferência,Sim
3068,6,3,128,1,2025-03-14,2025-03-18,4.0,4.0,8,Cancelada,PIX,Sim
2981,4,1,232,4,2025-04-14,2025-04-16,2.0,3.0,6,Confirmada,Dinheiro,Sim
2505,1,2,193,3,2026-06-21,2026-06-24,3.0,3.0,10,Confirmada,PIX,Sim
4621,13,7,116,3,2026-08-17,2026-08-21,4.0,1.0,6,Confirmada,Dinheiro,Sim
3555,9,1,147,1,2025-09-23,2025-09-25,2.0,4.0,8,Cancelada,Cartão de Crédito,Sim
4483,5,2,239,2,2026-03-17,2026-03-19,2.0,3.0,99,Confirmada,Transferência,Não
3947,12,2,239,2,2026-07-16,2026-07-18,2.0,3.0,8,Concluída,PIX,Sim
4024,12,2,139,1,2026-06-25,2026-06-26,1.0,4.0,10,Concluída,Cartão de Débito,Sim
2806,2,4,266,2,2025-10-11,2025-10-15,4.0,2.0,99,Confirmada,Dinheiro,Não
3934,12,5,71,3,2025-01-08,2025-01-11,3.0,3.0,8,Confirmada,PIX,Sim
4463,5,1,278,3,2025-07-19,2025-07-20,1.0,1.0,2,Cancelada,Cartão de Crédito,Sim
3475,9,5,47,4,2025-06-25,2025-06-27,2.0,4.0,7,Confirmada,PIX,Sim
3510,9,5,279,3,2025-02-14,2025-02-18,4.0,1.0,99,Cancelada,Cartão de Débito,Não
4359,5,3,280,4,2025-05-31,2025-06-01,1.0,4.0,2,Confirmada,PIX,Sim
4641,13,6,80,3,2025-09-05,2025-09-10,5.0,4.0,8,Confirmada,Transferência,Sim
2677,2,1,70,2,2025-01-16,2025-01-18,2.0,1.0,99,Cancelada,PIX,Não
3686,10,2,254,2,2025-12-28,2025-12-30,2.0,1.0,99,Cancelada,Dinheiro,Não
3181,7,5,165,3,2025-08-27,2025-08-30,3.0,1.0,7,Concluída,Dinheiro,Sim
4357,5,3,49,3,2025-05-31,2025-06-04,4.0,2.0,99,Confirmada,PIX,Não
2678,2,2,115,2,2025-01-03,2025-01-10,7.0,1.0,99,Cancelada,PIX,Não
4611,13,6,304,1,2025-10-30,2025-11-02,3.0,3.0,8,Cancelada,Cartão de Débito,Sim
2634,1,1,300,1,2025-10-21,2025-10-22,1.0,1.0,8,Confirmada,Dinheiro,Sim
4553,13,6,231,2,2025-07-20,2025-07-23,3.0,1.0,8,Confirmada,Dinheiro,Sim
2885,4,3,30,1,2026-02-23,2026-02-27,4.0,2.0,8,Concluída,Dinheiro,Sim
2899,4,4,211,1,2025-01-19,2025-01-25,6.0,1.0,6,Confirmada,Cartão de Débito,Sim
2750,2,1,70,4,2025-03-02,2025-03-04,2.0,3.0,10,Concluída,Transferência,Sim
3238,7,4,299,1,2025-09-01,2025-09-03,2.0,2.0,99,Cancelada,Cartão de Débito,Não
4136,3,1,99,3,2025-04-01,2025-04-03,2.0,3.0,3,Confirmada,Cartão de Crédito,Sim
4170,3,3,173,2,2025-04-01,2025-04-02,1.0,4.0,2,Confirmada,PIX,Sim
4027,12,3,67,2,2025-08-09,2025-08-12,3.0,2.0,10,Confirmada,Dinheiro,Sim
3410,8,1,139,2,2026-07-23,2026-07-24,1.0,4.0,8,Confirmada,Transferência,Sim
2599,1,1,8,4,2026-05-20,2026-05-23,3.0,3.0,99,Concluída,Cartão de Débito,Não
4382,5,2,195,3,2025-05-31,2025-06-04,4.0,3.0,4,Confirmada,Cartão de Crédito,Sim
3317,8,5,207,1,2026-01-23,2026-01-27,4.0,3.0,8,Concluída,PIX,Sim
3178,7,1,66,1,2025-04-16,2025-04-19,3.0,3.0,10,Confirmada,Transferência,Sim
3774,10,2,284,4,2025-05-22,2025-05-24,2.0,2.0,9,Concluída,Transferência,Sim
4094,12,4,299,3,2026-01-18,2026-01-22,4.0,3.0,9,Confirmada,Cartão de Crédito,Sim
3254,7,1,194,2,2025-02-01,2025-02-02,1.0,1.0,8,No-show,Cartão de Crédito,Sim
3134,6,2,211,2,2025-12-17,2025-12-19,2.0,1.0,7,Concluída,Dinheiro,Sim
4499,5,1,101,4,2025-06-27,2025-07-01,4.0,4.0,2,Cancelada,Dinheiro,Sim
3036,6,3,257,4,2025-07-12,2025-07-16,4.0,2.0,8,Concluída,Transferência,Sim
3549,9,3,236,1,2025-12-21,2025-12-23,2.0,3.0,7,Cancelada,Cartão de Crédito,Sim
2744,2,2,3,4,2025-09-02,2025-09-04,2.0,2.0,99,Concluída,Cartão de Crédito,Não
4398,5,2,244,3,2026-02-05,2026-02-08,3.0,3.0,1,Confirmada,PIX,Sim
3568,9,2,64,3,2026-07-24,2026-07-27,3.0,2.0,8,No-show,Dinheiro,Sim
3781,11,3,233,3,2025-12-15,2025-12-17,2.0,3.0,8,Concluída,Transferência,Sim
2546,1,1,24,1,2025-02-13,2025-02-17,4.0,2.0,99,Cancelada,Dinheiro,Não
3541,9,4,227,2,2025-07-11,2025-07-12,1.0,3.0,1,Confirmada,Transferência,Sim
4527,13,6,310,2,2025-07-20,2025-07-21,1.0,4.0,6,Confirmada,Cartão de Débito,Sim
3994,12,1,45,4,2025-12-22,2025-12-27,5.0,3.0,7,Confirmada,Transferência,Sim
2566,1,2,207,2,2025-06-06,2025-06-09,3.0,1.0,8,Cancelada,PIX,Sim
4202,3,1,61,0,2025-11-07,2025-11-08,1.0,1.0,2,Confirmada,Cartão de Crédito,Sim
3997,12,5,265,3,2025-03-31,2025-04-04,4.0,1.0,9,Confirmada,Transferência,Sim
3332,8,3,54,2,2025-04-04,2025-04-06,2.0,3.0,7,Confirmada,PIX,Sim
3138,6,1,156,3,2025-02-08,2025-02-09,1.0,2.0,10,Confirmada,Cartão de Débito,Sim
3615,9,1,216,4,2025-08-12,2025-08-19,7.0,3.0,99,No-show,Dinheiro,Não
2487,1,5,98,4,2026-06-02,2026-06-07,5.0,4.0,7,Confirmada,PIX,Sim
4322,3,2,71,4,2025-04-06,2025-04-09,3.0,3.0,1,Confirmada,Cartão de Crédito,Sim
4430,5,3,179,1,2026-02-05,2026-02-08,3.0,4.0,4,Confirmada,Transferência,Sim
3968,12,2,166,2,2026-01-10,2026-01-11,1.0,1.0,7,Cancelada,Dinheiro,Sim
4399,5,2,243,4,2026-02-05,2026-02-09,4.0,2.0,3,Confirmada,Dinheiro,Sim
2969,4,3,250,2,2026-07-07,2026-07-12,5.0,1.0,7,Concluída,PIX,Sim
2924,4,3,256,2,2026-01-16,2026-01-21,5.0,2.0,7,Confirmada,Dinheiro,Sim
4402,5,2,296,2,2026-02-05,2026-02-08,3.0,1.0,1,Confirmada,Cartão de Crédito,Sim
2727,2,3,231,0,2025-05-05,2025-05-07,2.0,3.0,8,Cancelada,Cartão de Crédito,Sim
2794,2,3,89,3,2025-02-26,2025-03-01,3.0,1.0,5,Cancelada,Dinheiro,Sim
3411,8,1,75,1,2026-02-08,2026-02-10,2.0,4.0,8,Confirmada,Cartão de Débito,Sim
4078,12,5,79,3,2025-12-21,2025-12-26,5.0,1.0,7,Confirmada,Cartão de Débito,Sim
2584,1,4,277,1,2026-01-30,2026-02-03,4.0,1.0,8,Concluída,Dinheiro,Sim
2652,2,5,59,3,2025-07-26,2025-07-29,3.0,3.0,9,Concluída,Cartão de Débito,Sim
4168,3,2,101,1,2025-04-01,2025-04-04,3.0,3.0,3,Confirmada,PIX,Sim
3848,11,2,188,2,2026-06-26,2026-07-01,5.0,1.0,10,Concluída,PIX,Sim
3001,6,5,23,3,2025-06-16,2025-06-21,5.0,4.0,8,Confirmada,Dinheiro,Sim
3433,8,1,158,3,2025-05-09,2025-05-10,1.0,1.0,8,Confirmada,Transferência,Sim
3091,6,2,264,2,2026-04-13,2026-04-14,1.0,1.0,7,Confirmada,Cartão de Crédito,Sim
4574,13,7,156,3,2026-04-16,2026-04-21,5.0,1.0,6,Confirmada,Transferência,Sim
4597,13,6,308,3,2026-04-16,2026-04-20,4.0,1.0,7,Confirmada,Cartão de Crédito,Sim
2879,4,1,152,3,2025-10-21,2025-10-27,6.0,2.0,10,Concluída,PIX,Sim
2758,2,3,135,0,2026-08-25,2026-08-26,1.0,1.0,5,Concluída,Transferência,Sim
4441,5,1,29,3,2026-05-05,2026-05-06,1.0,4.0,4,No-show,PIX,Sim
2853,4,3,214,0,2026-03-28,2026-03-30,2.0,3.0,7,Confirmada,Dinheiro,Sim
3571,9,3,241,2,2026-03-12,2026-03-18,6.0,1.0,8,Confirmada,Cartão de Débito,Sim
2659,2,5,51,3,2026-03-13,2026-03-16,3.0,2.0,6,Cancelada,Transferência,Sim
4496,5,1,51,2,2025-09-12,2025-09-18,6.0,3.0,2,Confirmada,Cartão de Débito,Sim
4645,13,8,56,2,2025-02-10,2025-02-13,3.0,4.0,8,Confirmada,Cartão de Crédito,Sim
3533,9,1,257,3,2026-07-24,2026-07-28,4.0,3.0,7,Confirmada,Transferência,Sim
2967,4,3,4,4,2026-06-26,2026-06-27,1.0,1.0,8,Concluída,Dinheiro,Sim
4586,13,7,309,3,2026-04-16,2026-04-18,2.0,2.0,7,Confirmada,Cartão de Débito,Sim
4219,3,2,278,2,2025-11-07,2025-11-10,3.0,3.0,3,Confirmada,Transferência,Sim
3320,8,2,217,3,2025-01-26,2025-01-29,3.0,4.0,8,Concluída,PIX,Sim
3497,9,1,12,1,2025-12-19,2025-12-22,3.0,4.0,6,Cancelada,Dinheiro,Sim
3961,12,1,183,0,2026-07-11,2026-07-13,2.0,1.0,8,Concluída,Dinheiro,Sim
3354,8,2,71,4,2026-06-08,2026-06-09,1.0,3.0,99,No-show,Dinheiro,Não
4476,5,3,212,1,2026-02-24,2026-02-26,2.0,4.0,1,No-show,Dinheiro,Sim
3022,6,1,60,2,2026-08-23,2026-08-25,2.0,3.0,8,Concluída,Dinheiro,Sim
3290,8,5,57,4,2025-03-29,2025-04-02,4.0,4.0,8,Confirmada,Cartão de Crédito,Sim
2985,4,2,3,2,2025-09-27,2025-09-29,2.0,1.0,6,Confirmada,Cartão de Débito,Sim
4061,12,2,158,3,2026-02-27,2026-02-28,1.0,2.0,8,Concluída,Transferência,Sim
2624,1,3,215,3,2026-04-12,2026-04-13,1.0,1.0,8,Confirmada,Dinheiro,Sim
3621,10,2,237,3,2025-09-02,2025-09-05,3.0,4.0,7,Cancelada,Cartão de Crédito,Sim
4138,3,3,296,2,2025-04-01,2025-04-04,3.0,4.0,3,Confirmada,Cartão de Débito,Sim
3815,11,5,177,1,2026-02-21,2026-02-23,2.0,2.0,5,Cancelada,Dinheiro,Sim
4467,5,1,43,4,2025-10-15,2025-10-20,5.0,4.0,2,Concluída,Transferência,Sim
3265,7,2,132,2,2026-01-16,2026-01-21,5.0,4.0,99,Concluída,Cartão de Crédito,Não
2590,1,1,52,2,2026-05-11,2026-05-14,3.0,2.0,7,Confirmada,Transferência,Sim
4054,12,3,143,2,2026-02-02,2026-02-05,3.0,2.0,7,Cancelada,Transferência,Sim
2877,4,5,126,1,2026-04-18,2026-04-20,2.0,4.0,9,Confirmada,Dinheiro,Sim
2530,1,3,61,4,2025-02-09,2025-02-11,2.0,3.0,8,Confirmada,Cartão de Débito,Sim
3260,7,4,28,1,2025-03-26,2025-03-30,4.0,3.0,7,Confirmada,Transferência,Sim
4394,5,3,224,2,2026-02-05,2026-02-08,3.0,1.0,2,Confirmada,Dinheiro,Sim
3758,10,3,263,2,2025-03-27,2025-03-29,2.0,4.0,6,Cancelada,Cartão de Débito,Sim
2575,1,4,291,1,2025-02-25,2025-03-02,5.0,4.0,99,Cancelada,Cartão de Débito,Não
3153,7,4,109,0,2026-01-26,2026-01-30,4.0,3.0,6,Confirmada,PIX,Sim
3572,9,2,297,2,2025-07-21,2025-07-22,1.0,1.0,99,Confirmada,Dinheiro,Não
3799,11,2,69,2,2026-06-22,2026-06-26,4.0,3.0,8,Concluída,Cartão de Crédito,Sim
3403,8,3,83,4,2025-02-08,2025-02-09,1.0,2.0,99,Confirmada,Dinheiro,Não
4637,13,6,302,3,2026-02-17,2026-02-23,6.0,4.0,6,Concluída,PIX,Sim
4601,13,8,319,2,2026-04-16,2026-04-18,2.0,1.0,9,Confirmada,Cartão de Crédito,Sim
2938,4,4,290,3,2025-01-30,2025-02-04,5.0,4.0,9,Concluída,Cartão de Débito,Sim
3695,10,5,58,2,2025-08-02,2025-08-03,1.0,2.0,7,Confirmada,Cartão de Débito,Sim
2644,1,2,227,4,2025-06-17,2025-06-23,6.0,4.0,99,Confirmada,Cartão de Débito,Não
2633,1,5,160,2,2025-02-10,2025-02-17,7.0,4.0,8,Confirmada,Cartão de Crédito,Sim
3698,10,3,66,1,2025-12-13,2025-12-15,2.0,2.0,7,Concluída,PIX,Sim
3866,11,4,47,1,2026-07-30,2026-08-01,2.0,1.0,7,Concluída,Cartão de Crédito,Sim
4113,3,2,270,4,2025-04-01,2025-04-04,3.0,3.0,1,Confirmada,Cartão de Crédito,Sim
3960,12,1,181,4,2025-02-02,2025-02-04,2.0,2.0,7,Confirmada,Dinheiro,Sim
2941,4,5,263,2,2026-06-08,2026-06-12,4.0,1.0,99,Confirmada,Cartão de Crédito,Não
3269,7,4,130,1,2025-06-15,2025-06-18,3.0,3.0,99,Confirmada,Dinheiro,Não
3733,10,3,283,3,2025-02-02,2025-02-03,1.0,2.0,10,Confirmada,PIX,Sim
4132,3,3,44,4,2025-04-01,2025-04-06,5.0,3.0,2,Confirmada,PIX,Sim
4259,3,1,168,1,2026-07-17,2026-07-22,5.0,4.0,99,Concluída,Cartão de Crédito,Não
4209,3,2,271,1,2025-11-07,2025-11-10,3.0,2.0,3,Confirmada,PIX,Sim
2901,4,3,7,4,2026-08-18,2026-08-22,4.0,1.0,99,Confirmada,Dinheiro,Não
3298,8,3,167,2,2025-01-24,2025-01-30,6.0,1.0,7,No-show,PIX,Sim
4345,5,2,284,4,2025-05-31,2025-06-02,2.0,2.0,2,Confirmada,Cartão de Débito,Sim
4548,13,6,50,1,2025-07-20,2025-07-22,2.0,1.0,9,Confirmada,PIX,Sim
2964,4,1,100,0,2025-11-09,2025-11-13,4.0,3.0,10,Confirmada,Cartão de Crédito,Sim
3015,6,3,64,4,2025-12-07,2025-12-10,3.0,4.0,9,Confirmada,Cartão de Crédito,Sim
3697,10,5,230,4,2025-08-15,2025-08-17,2.0,4.0,9,Confirmada,Dinheiro,Sim
3735,10,1,277,2,2025-12-13,2025-12-16,3.0,3.0,8,Concluída,Cartão de Débito,Sim
4076,12,1,187,3,2026-04-19,2026-04-20,1.0,2.0,7,Confirmada,Cartão de Crédito,Sim
2826,4,1,189,4,2025-12-18,2025-12-21,3.0,2.0,8,Confirmada,Cartão de Crédito,Sim
4333,5,2,275,4,2025-05-31,2025-06-02,2.0,2.0,4,Confirmada,Transferência,Sim
4034,12,1,191,1,2026-08-17,2026-08-22,5.0,3.0,9,Confirmada,Transferência,Sim
3156,7,1,229,1,2026-02-13,2026-02-17,4.0,1.0,5,Concluída,Dinheiro,Sim
3057,6,2,230,4,2026-06-11,2026-06-13,2.0,4.0,8,Confirmada,Dinheiro,Sim
3002,6,3,155,4,2026-02-27,2026-03-03,4.0,4.0,9,Confirmada,PIX,Sim
3205,7,5,224,4,2025-06-24,2025-06-27,3.0,3.0,8,Confirmada,PIX,Sim
3588,9,3,223,3,2026-03-15,2026-03-19,4.0,2.0,7,Confirmada,PIX,Sim
3724,10,1,253,0,2025-07-01,2025-07-05,4.0,4.0,8,Concluída,Cartão de Débito,Sim
2509,1,4,134,2,2025-07-16,2025-07-17,1.0,4.0,9,Confirmada,Cartão de Débito,Sim
2888,4,1,41,3,2026-07-26,2026-07-30,4.0,3.0,8,Cancelada,Transferência,Sim
2470,1,5,12,2,2025-06-15,2025-06-16,1.0,2.0,7,Cancelada,Cartão de Crédito,Sim
3754,10,5,138,3,2025-09-07,2025-09-10,3.0,3.0,7,No-show,Cartão de Crédito,Sim
4410,5,3,101,1,2026-02-05,2026-02-08,3.0,2.0,2,Confirmada,Transferência,Sim
4204,3,1,90,1,2025-11-07,2025-11-14,7.0,1.0,3,Confirmada,Cartão de Débito,Sim
2889,4,2,244,0,2025-04-17,2025-04-22,5.0,4.0,6,Confirmada,Transferência,Sim
3463,9,4,17,3,2025-02-12,2025-02-18,6.0,3.0,8,Concluída,Cartão de Débito,Sim
4616,13,8,301,3,2026-04-29,2026-05-01,2.0,2.0,7,Cancelada,Cartão de Crédito,Sim
3596,9,3,250,3,2026-03-21,2026-03-25,4.0,3.0,7,Confirmada,Dinheiro,Sim
3702,10,2,283,2,2026-01-21,2026-01-24,3.0,2.0,10,Confirmada,Dinheiro,Sim
2800,2,2,194,2,2025-01-12,2025-01-15,3.0,1.0,9,Confirmada,PIX,Sim
4164,3,1,130,4,2025-04-01,2025-04-02,1.0,1.0,2,Confirmada,Cartão de Crédito,Sim
3449,8,4,135,4,2025-03-05,2025-03-10,5.0,3.0,6,Confirmada,Cartão de Crédito,Sim
3585,9,1,197,3,2025-07-13,2025-07-15,2.0,2.0,6,Confirmada,Cartão de Crédito,Sim
2796,2,4,160,4,2026-04-19,2026-04-22,3.0,4.0,9,Confirmada,Cartão de Crédito,Sim
2814,2,2,248,1,2026-04-02,2026-04-06,4.0,2.0,9,Cancelada,Dinheiro,Sim
3726,10,3,77,4,2025-03-03,2025-03-06,3.0,4.0,9,No-show,Cartão de Débito,Sim
3192,7,5,210,3,2025-10-08,2025-10-12,4.0,3.0,9,Confirmada,Cartão de Débito,Sim
2459,1,5,64,2,2025-03-02,2025-03-06,4.0,1.0,99,Confirmada,Transferência,Não
4536,13,8,230,1,2025-07-20,2025-07-23,3.0,2.0,7,Confirmada,Transferência,Sim
3014,6,4,297,4,2025-04-11,2025-04-15,4.0,3.0,99,Confirmada,Cartão de Débito,Não
2573,1,5,193,2,2026-07-11,2026-07-13,2.0,1.0,9,Concluída,Cartão de Crédito,Sim
4176,3,2,47,2,2025-11-07,2025-11-11,4.0,4.0,4,Confirmada,PIX,Sim
3421,8,3,210,3,2025-06-29,2025-07-01,2.0,1.0,8,Confirmada,Cartão de Débito,Sim
3504,9,4,208,4,2025-03-05,2025-03-08,3.0,4.0,10,Confirmada,PIX,Sim
2562,1,4,109,2,2026-02-06,2026-02-09,3.0,2.0,6,Concluída,Dinheiro,Sim
2629,1,5,47,3,2025-05-06,2025-05-08,2.0,1.0,6,Concluída,PIX,Sim
3989,12,4,112,4,2025-12-29,2025-12-31,2.0,3.0,7,No-show,Cartão de Crédito,Sim
4456,5,3,47,3,2026-07-28,2026-07-31,3.0,1.0,2,Confirmada,Dinheiro,Sim
2484,1,5,293,4,2026-07-04,2026-07-07,3.0,1.0,8,Confirmada,Transferência,Sim
2874,4,2,128,2,2025-02-21,2025-02-24,3.0,1.0,1,Confirmada,Dinheiro,Sim
2508,1,2,120,1,2025-01-02,2025-01-06,4.0,2.0,8,Confirmada,Cartão de Débito,Sim
2746,2,2,263,3,2026-06-26,2026-06-29,3.0,4.0,7,Confirmada,Cartão de Débito,Sim
2639,1,3,7,3,2025-04-28,2025-05-01,3.0,3.0,7,Confirmada,Dinheiro,Sim
4364,5,3,171,3,2025-05-31,2025-06-02,2.0,2.0,1,Confirmada,Cartão de Crédito,Sim
3601,9,2,78,2,2025-02-02,2025-02-06,4.0,2.0,10,Confirmada,PIX,Sim
2478,1,2,89,2,2025-01-05,2025-01-08,3.0,1.0,9,Confirmada,Cartão de Crédito,Sim
4484,5,3,191,1,2025-03-29,2025-03-31,2.0,4.0,1,Confirmada,Dinheiro,Sim
3672,10,3,199,2,2025-07-07,2025-07-12,5.0,3.0,9,Cancelada,PIX,Sim
3313,8,4,12,2,2025-02-19,2025-02-20,1.0,2.0,5,Confirmada,Transferência,Sim
4523,13,7,227,1,2025-07-20,2025-07-21,1.0,4.0,6,Confirmada,Cartão de Débito,Sim
3642,10,3,62,2,2025-01-28,2025-02-01,4.0,4.0,8,Confirmada,Cartão de Crédito,Sim
3075,6,5,55,3,2026-08-27,2026-09-02,6.0,3.0,9,Confirmada,Dinheiro,Sim
4063,12,4,241,4,2026-02-15,2026-02-18,3.0,1.0,9,Confirmada,Cartão de Débito,Sim
4174,3,3,6,1,2025-04-01,2025-04-06,5.0,4.0,2,Confirmada,Cartão de Débito,Sim
2680,2,3,281,3,2026-07-12,2026-07-16,4.0,3.0,9,Confirmada,Dinheiro,Sim
4590,13,7,5,2,2026-04-16,2026-04-18,2.0,3.0,7,Confirmada,Dinheiro,Sim
3517,9,1,199,2,2025-09-16,2025-09-22,6.0,1.0,6,Concluída,Cartão de Crédito,Sim
4409,5,3,211,4,2026-02-05,2026-02-08,3.0,4.0,2,Confirmada,Transferência,Sim
3119,6,2,176,2,2026-04-28,2026-05-04,6.0,4.0,7,Confirmada,PIX,Sim
4315,3,3,230,1,2025-06-27,2025-06-29,2.0,1.0,99,Concluída,PIX,Não
4115,3,1,116,2,2025-04-01,2025-04-08,7.0,3.0,2,Confirmada,Cartão de Crédito,Sim
3889,11,5,206,3,2026-05-30,2026-06-06,7.0,2.0,6,Concluída,Transferência,Sim
3359,8,3,266,4,2026-06-29,2026-07-01,2.0,1.0,7,Cancelada,Cartão de Crédito,Sim
3296,8,5,270,4,2026-03-11,2026-03-13,2.0,1.0,8,Confirmada,Transferência,Sim
3264,7,3,67,4,2025-11-09,2025-11-13,4.0,4.0,10,Confirmada,PIX,Sim
4289,3,2,43,1,2026-08-30,2026-09-06,7.0,1.0,99,Cancelada,Cartão de Crédito,Não
3793,11,5,27,4,2026-07-02,2026-07-05,3.0,3.0,99,Concluída,PIX,Não
3393,8,5,198,4,2026-03-19,2026-03-23,4.0,3.0,5,Concluída,Dinheiro,Sim
3434,8,4,138,3,2026-07-24,2026-07-26,2.0,3.0,7,Concluída,Cartão de Débito,Sim
4532,13,6,315,3,2025-07-20,2025-07-23,3.0,1.0,6,Confirmada,Cartão de Débito,Sim
3058,6,3,148,3,2025-08-08,2025-08-11,3.0,1.0,99,Confirmada,Transferência,Não
4478,5,3,110,4,2026-05-25,2026-05-27,2.0,2.0,3,Concluída,Transferência,Sim
4021,12,3,177,1,2025-01-21,2025-01-24,3.0,4.0,4,Concluída,Transferência,Sim
3145,7,4,211,1,2026-04-27,2026-04-30,3.0,1.0,7,Cancelada,Cartão de Débito,Sim
3567,9,4,115,3,2025-07-04,2025-07-07,3.0,1.0,10,Confirmada,Dinheiro,Sim
4588,13,8,47,3,2026-04-16,2026-04-19,3.0,1.0,9,Confirmada,Cartão de Débito,Sim
3532,9,5,23,3,2025-12-19,2025-12-23,4.0,1.0,7,Concluída,Cartão de Débito,Sim
2649,2,1,97,3,2025-09-17,2025-09-18,1.0,4.0,6,Concluída,Cartão de Crédito,Sim
4515,5,1,230,0,2025-08-13,2025-08-15,2.0,2.0,1,Concluída,Cartão de Débito,Sim
2991,4,4,40,1,2026-08-04,2026-08-07,3.0,1.0,10,Cancelada,PIX,Sim
2473,1,1,113,1,2026-01-09,2026-01-14,5.0,2.0,99,No-show,Transferência,Não
3480,9,5,50,3,2025-12-21,2025-12-24,3.0,2.0,9,Cancelada,Cartão de Crédito,Sim
3344,8,4,169,4,2026-06-23,2026-06-24,1.0,4.0,9,Confirmada,Cartão de Crédito,Sim
3478,9,5,58,1,2025-07-31,2025-08-04,4.0,2.0,8,Confirmada,Cartão de Débito,Sim
3690,10,4,240,2,2025-12-24,2025-12-25,1.0,2.0,7,Concluída,PIX,Sim
2607,1,5,19,1,2025-10-07,2025-10-09,2.0,4.0,8,Confirmada,Cartão de Crédito,Sim
3603,9,5,14,4,2026-07-18,2026-07-24,6.0,3.0,10,Concluída,Transferência,Sim
4084,12,4,47,1,2025-10-14,2025-10-18,4.0,2.0,8,Confirmada,Cartão de Débito,Sim
2902,4,5,13,1,2026-06-01,2026-06-03,2.0,3.0,7,Cancelada,Dinheiro,Sim
3368,8,1,194,1,2025-11-30,2025-12-01,1.0,3.0,6,Confirmada,Transferência,Sim
4622,13,6,306,3,2026-03-28,2026-04-02,5.0,3.0,6,Cancelada,PIX,Sim
3561,9,3,23,2,2026-08-28,2026-09-02,5.0,4.0,8,Cancelada,Dinheiro,Sim
3942,12,5,53,3,2025-03-02,2025-03-04,2.0,3.0,6,Confirmada,Cartão de Débito,Sim
4162,3,2,262,3,2025-04-01,2025-04-03,2.0,1.0,1,Confirmada,Dinheiro,Sim
3806,11,1,116,4,2026-05-29,2026-05-30,1.0,1.0,7,Confirmada,Dinheiro,Sim
4026,12,5,160,4,2025-01-02,2025-01-05,3.0,1.0,7,Confirmada,PIX,Sim
3710,10,4,127,4,2025-03-21,2025-03-26,5.0,1.0,7,Confirmada,Transferência,Sim
3402,8,4,26,4,2025-04-21,2025-04-22,1.0,2.0,8,No-show,PIX,Sim
3413,8,4,169,2,2026-03-26,2026-03-30,4.0,4.0,99,Confirmada,Dinheiro,Não
2630,1,1,288,3,2025-04-22,2025-04-24,2.0,2.0,99,Confirmada,Transferência,Não
4221,3,1,93,4,2025-11-07,2025-11-08,1.0,3.0,2,Confirmada,Dinheiro,Sim
3069,6,5,256,2,2026-02-14,2026-02-18,4.0,2.0,8,Concluída,Cartão de Crédito,Sim
4363,5,2,255,4,2025-05-31,2025-06-01,1.0,1.0,1,Confirmada,Dinheiro,Sim
4472,5,3,174,2,2025-05-23,2025-05-24,1.0,2.0,2,Confirmada,Cartão de Crédito,Sim
2820,4,2,34,3,2025-11-03,2025-11-08,5.0,4.0,8,Concluída,Transferência,Sim
3367,8,1,234,1,2025-06-11,2025-06-13,2.0,1.0,8,Concluída,Cartão de Crédito,Sim
4591,13,8,310,4,2026-04-16,2026-04-17,1.0,1.0,7,Confirmada,Cartão de Crédito,Sim
4263,3,1,149,3,2025-03-18,2025-03-22,4.0,4.0,2,No-show,PIX,Sim
3294,8,3,154,4,2026-06-04,2026-06-07,3.0,3.0,9,Concluída,PIX,Sim
2998,6,4,272,2,2025-04-13,2025-04-15,2.0,2.0,8,Concluída,PIX,Sim
3386,8,1,287,4,2025-10-02,2025-10-06,4.0,4.0,9,Confirmada,Cartão de Crédito,Sim
3682,10,5,189,2,2025-12-22,2025-12-25,3.0,1.0,8,Confirmada,Cartão de Crédito,Sim
3059,6,2,157,2,2025-11-28,2025-12-01,3.0,2.0,99,Confirmada,Cartão de Débito,Não
3111,6,4,13,1,2025-07-01,2025-07-03,2.0,4.0,99,Cancelada,Cartão de Crédito,Não
2757,2,1,199,2,2025-07-30,2025-08-02,3.0,3.0,6,Confirmada,PIX,Sim
4486,5,1,223,3,2025-07-23,2025-07-26,3.0,1.0,2,Confirmada,Dinheiro,Sim
2805,2,3,83,2,2025-11-07,2025-11-10,3.0,3.0,6,Confirmada,Cartão de Débito,Sim
3732,10,2,284,2,2026-05-09,2026-05-13,4.0,1.0,6,Confirmada,Dinheiro,Sim
2922,4,3,96,4,2025-08-27,2025-08-30,3.0,4.0,99,Cancelada,Dinheiro,Não
2883,4,4,155,1,2025-04-22,2025-04-24,2.0,4.0,9,Confirmada,Cartão de Débito,Sim
4156,3,2,138,1,2025-04-01,2025-04-07,6.0,2.0,2,Confirmada,Transferência,Sim
4560,13,7,302,2,2025-07-20,2025-07-23,3.0,3.0,8,Confirmada,PIX,Sim
3860,11,5,66,4,2025-04-12,2025-04-16,4.0,4.0,8,Concluída,Cartão de Crédito,Sim
3165,7,3,214,2,2026-08-25,2026-08-31,6.0,2.0,9,Confirmada,Dinheiro,Sim
2961,4,1,291,3,2026-08-10,2026-08-11,1.0,3.0,99,Confirmada,Dinheiro,Não
4066,12,1,40,1,2026-05-14,2026-05-20,6.0,3.0,7,Concluída,Cartão de Débito,Sim
2882,4,2,63,1,2025-10-07,2025-10-10,3.0,4.0,10,Concluída,Cartão de Crédito,Sim
3321,8,2,61,2,2025-09-14,2025-09-15,1.0,2.0,9,Confirmada,Cartão de Débito,Sim
3796,11,5,74,1,2025-10-04,2025-10-09,5.0,1.0,7,Concluída,Cartão de Crédito,Sim
4064,12,5,152,1,2026-05-28,2026-06-03,6.0,3.0,10,Concluída,Cartão de Crédito,Sim
3078,6,5,22,4,2025-04-16,2025-04-18,2.0,3.0,99,Confirmada,PIX,Não
3639,10,3,91,1,2026-06-25,2026-06-27,2.0,2.0,8,Concluída,Cartão de Crédito,Sim
4293,3,3,267,2,2025-06-27,2025-06-30,3.0,4.0,99,Confirmada,Cartão de Débito,Não
2906,4,2,225,4,2025-04-14,2025-04-22,8.0,4.0,7,Concluída,Dinheiro,Sim
3641,10,1,123,3,2026-07-24,2026-07-27,3.0,2.0,10,Confirmada,Cartão de Crédito,Sim
2774,2,2,239,3,2025-12-15,2025-12-19,4.0,4.0,6,No-show,Transferência,Sim
2594,1,3,252,1,2025-06-21,2025-06-23,2.0,1.0,9,Confirmada,Cartão de Débito,Sim
4200,3,1,299,2,2025-11-07,2025-11-14,7.0,1.0,99,Confirmada,Transferência,Não
2593,1,3,114,1,2025-05-27,2025-06-02,6.0,2.0,9,Confirmada,Transferência,Sim
2660,2,3,282,4,2025-09-09,2025-09-14,5.0,3.0,7,Concluída,Transferência,Sim
2812,2,1,255,4,2025-07-17,2025-07-19,2.0,2.0,99,No-show,Transferência,Não
3653,10,5,172,4,2025-03-06,2025-03-07,1.0,2.0,99,No-show,Transferência,Não
4036,12,2,79,2,2025-05-02,2025-05-06,4.0,3.0,10,Concluída,PIX,Sim
4182,3,1,216,3,2025-11-07,2025-11-12,5.0,4.0,2,Confirmada,Dinheiro,Sim
3049,6,5,20,4,2026-02-05,2026-02-08,3.0,4.0,6,Concluída,Dinheiro,Sim
3971,12,2,147,3,2025-12-26,2025-12-30,4.0,1.0,8,Concluída,Cartão de Débito,Sim
3073,6,1,124,4,2025-05-18,2025-05-21,3.0,1.0,99,Confirmada,Transferência,Não
3809,11,1,162,1,2025-10-18,2025-10-27,9.0,3.0,6,Concluída,Cartão de Crédito,Sim
3107,6,4,208,4,2025-04-29,2025-05-03,4.0,3.0,99,Confirmada,Dinheiro,Não
3996,12,4,234,3,2025-06-28,2025-07-02,4.0,1.0,9,Concluída,Cartão de Crédito,Sim
4245,3,2,191,3,2025-12-30,2026-01-01,2.0,3.0,3,Confirmada,PIX,Sim
4503,5,2,9,4,2026-03-26,2026-03-30,4.0,1.0,99,Confirmada,Cartão de Débito,Não
3915,11,5,194,1,2025-05-30,2025-06-05,6.0,1.0,99,Confirmada,Cartão de Crédito,Não
4609,13,7,319,3,2026-04-16,2026-04-19,3.0,4.0,5,Confirmada,Cartão de Débito,Sim
2469,1,4,63,1,2026-01-08,2026-01-15,7.0,4.0,8,Confirmada,Dinheiro,Sim
3169,7,4,111,1,2025-08-22,2025-08-23,1.0,2.0,8,Concluída,PIX,Sim
3361,8,4,187,2,2025-10-28,2025-11-03,6.0,4.0,99,Concluída,Transferência,Não
3187,7,1,93,2,2025-06-02,2025-06-05,3.0,3.0,10,Confirmada,PIX,Sim
4120,3,2,41,4,2025-04-01,2025-04-05,4.0,1.0,1,Confirmada,Cartão de Débito,Sim
2666,2,4,205,3,2025-12-09,2025-12-13,4.0,1.0,99,Concluída,Transferência,Não
4521,13,8,319,2,2025-07-20,2025-07-23,3.0,4.0,99,Confirmada,PIX,Não
3445,8,4,255,4,2025-06-27,2025-06-28,1.0,3.0,7,Confirmada,Dinheiro,Sim
2724,2,2,160,1,2026-06-18,2026-06-21,3.0,3.0,6,Confirmada,Transferência,Sim
3366,8,1,47,2,2025-09-14,2025-09-17,3.0,1.0,10,Concluída,Transferência,Sim
3984,12,2,189,1,2026-02-21,2026-02-25,4.0,3.0,7,Confirmada,Transferência,Sim
3314,8,4,226,2,2025-12-27,2026-01-03,7.0,3.0,7,Concluída,PIX,Sim
4452,5,3,131,2,2025-12-05,2025-12-10,5.0,3.0,3,Cancelada,Dinheiro,Sim
4296,3,2,243,0,2026-07-11,2026-07-15,4.0,1.0,4,Confirmada,Cartão de Débito,Sim
3820,11,1,12,2,2026-08-04,2026-08-08,4.0,2.0,10,Cancelada,Transferência,Sim
4321,3,3,116,3,2025-03-29,2025-04-02,4.0,2.0,99,Confirmada,Cartão de Débito,Não
2828,4,3,151,2,2025-07-14,2025-07-15,1.0,4.0,5,Concluída,Cartão de Crédito,Sim
4554,13,7,315,2,2025-07-20,2025-07-22,2.0,4.0,6,Confirmada,Transferência,Sim
4360,5,2,235,3,2025-05-31,2025-06-02,2.0,1.0,1,Confirmada,Transferência,Sim
3435,8,4,67,3,2026-03-28,2026-03-31,3.0,4.0,9,Confirmada,Transferência,Sim
2773,2,2,211,3,2025-09-19,2025-09-24,5.0,1.0,8,Confirmada,Cartão de Crédito,Sim
3694,10,2,96,2,2025-08-21,2025-08-25,4.0,1.0,5,Confirmada,Cartão de Crédito,Sim
3922,11,4,282,2,2025-08-02,2025-08-03,1.0,4.0,99,Confirmada,Cartão de Débito,Não
4559,13,7,316,1,2025-07-20,2025-07-21,1.0,2.0,6,Confirmada,Dinheiro,Sim
4517,5,3,139,1,2025-04-10,2025-04-11,1.0,2.0,1,Confirmada,Transferência,Sim
4539,13,8,316,2,2025-07-20,2025-07-26,6.0,3.0,7,Confirmada,Dinheiro,Sim
4019,12,4,36,3,2026-07-13,2026-07-16,3.0,3.0,9,Confirmada,PIX,Sim
3217,7,4,236,3,2025-08-07,2025-08-10,3.0,4.0,10,Confirmada,Cartão de Crédito,Sim
3751,10,1,294,4,2026-08-20,2026-08-21,1.0,2.0,10,Concluída,Cartão de Crédito,Sim
4562,13,7,312,3,2025-07-20,2025-07-21,1.0,1.0,5,Confirmada,Cartão de Crédito,Sim
3693,10,1,120,4,2025-10-14,2025-10-17,3.0,3.0,7,Confirmada,Cartão de Crédito,Sim
3681,10,4,288,2,2025-04-13,2025-04-16,3.0,4.0,10,Confirmada,Dinheiro,Sim
3303,8,1,223,2,2025-11-27,2025-11-28,1.0,2.0,9,Confirmada,Dinheiro,Sim
2979,4,1,14,3,2025-06-28,2025-06-29,1.0,3.0,8,Concluída,Cartão de Crédito,Sim
3611,9,1,89,1,2025-06-04,2025-06-09,5.0,4.0,8,Concluída,Transferência,Sim
2688,2,4,47,4,2025-09-29,2025-09-30,1.0,4.0,7,Confirmada,Dinheiro,Sim
3216,7,3,240,1,2025-03-12,2025-03-15,3.0,4.0,5,Cancelada,Transferência,Sim
4340,5,1,40,4,2025-05-31,2025-06-01,1.0,2.0,1,Confirmada,Transferência,Sim
3397,8,2,197,4,2026-05-24,2026-05-29,5.0,3.0,9,Cancelada,Cartão de Crédito,Sim
3803,11,2,294,3,2025-12-10,2025-12-11,1.0,1.0,7,No-show,Dinheiro,Sim
4331,5,1,151,1,2025-05-31,2025-06-04,4.0,3.0,2,Confirmada,Transferência,Sim
2843,4,1,157,3,2025-12-29,2026-01-01,3.0,4.0,6,Concluída,Cartão de Débito,Sim
3893,11,4,150,4,2026-04-06,2026-04-08,2.0,4.0,10,No-show,Cartão de Débito,Sim
3768,10,2,140,1,2025-10-28,2025-11-01,4.0,4.0,99,Confirmada,Cartão de Crédito,Não
3455,8,2,189,1,2025-01-05,2025-01-08,3.0,4.0,9,Concluída,Transferência,Sim
4267,3,3,22,1,2026-04-20,2026-04-25,5.0,1.0,3,Concluída,PIX,Sim
3471,9,2,288,2,2026-08-20,2026-08-24,4.0,3.0,8,Concluída,Dinheiro,Sim
4369,5,1,70,2,2025-05-31,2025-06-05,5.0,2.0,1,Confirmada,Transferência,Sim
3010,6,2,71,4,2025-06-18,2025-06-23,5.0,2.0,7,Confirmada,Transferência,Sim
2531,1,1,251,4,2025-01-24,2025-01-26,2.0,4.0,99,Cancelada,Transferência,Não
3122,6,1,118,4,2026-01-17,2026-01-22,5.0,1.0,7,Confirmada,Transferência,Sim
4546,13,8,311,1,2025-07-20,2025-07-25,5.0,3.0,5,Confirmada,Dinheiro,Sim
2493,1,1,193,4,2026-01-05,2026-01-07,2.0,2.0,8,Confirmada,Cartão de Débito,Sim
4564,13,7,302,3,2025-07-20,2025-07-22,2.0,2.0,8,Confirmada,Transferência,Sim
2579,1,5,85,4,2025-11-16,2025-11-19,3.0,4.0,99,Confirmada,PIX,Não
3861,11,5,110,3,2026-02-23,2026-02-25,2.0,1.0,10,Concluída,Cartão de Crédito,Sim
4250,3,2,214,4,2026-01-10,2026-01-15,5.0,1.0,4,No-show,Cartão de Débito,Sim
3077,6,4,35,2,2025-11-07,2025-11-11,4.0,3.0,8,Concluída,Cartão de Crédito,Sim
3952,12,3,196,4,2025-01-06,2025-01-07,1.0,3.0,8,Concluída,Transferência,Sim
4158,3,2,85,3,2025-04-01,2025-04-03,2.0,4.0,3,Confirmada,Transferência,Sim
2462,1,3,38,1,2026-04-05,2026-04-09,4.0,3.0,7,Confirmada,Cartão de Débito,Sim
3443,8,1,131,4,2025-04-03,2025-04-06,3.0,1.0,6,Concluída,Cartão de Débito,Sim
3800,11,3,152,3,2025-05-12,2025-05-13,1.0,2.0,5,Cancelada,Dinheiro,Sim
3159,7,5,245,4,2025-07-09,2025-07-13,4.0,2.0,9,Confirmada,Dinheiro,Sim
3249,7,3,291,2,2026-02-10,2026-02-13,3.0,4.0,9,Concluída,Cartão de Débito,Sim
2623,1,1,28,2,2026-01-30,2026-02-02,3.0,1.0,99,Concluída,PIX,Não
3966,12,5,60,4,2025-01-24,2025-01-30,6.0,4.0,7,Cancelada,Cartão de Débito,Sim
2694,2,3,267,3,2026-07-06,2026-07-07,1.0,3.0,99,Confirmada,Dinheiro,Não
3763,10,5,218,2,2025-03-31,2025-04-05,5.0,4.0,6,Confirmada,Dinheiro,Sim
3245,7,4,122,4,2025-08-08,2025-08-12,4.0,4.0,6,Confirmada,Cartão de Débito,Sim
2857,4,2,113,4,2026-07-09,2026-07-11,2.0,3.0,6,Confirmada,Cartão de Débito,Sim
3474,9,3,260,2,2026-04-22,2026-04-23,1.0,3.0,6,Confirmada,Cartão de Débito,Sim
4391,5,3,131,1,2026-02-05,2026-02-06,1.0,3.0,3,Confirmada,Cartão de Débito,Sim
4163,3,2,165,1,2025-04-01,2025-04-07,6.0,4.0,99,Confirmada,Cartão de Crédito,Não
4599,13,7,256,3,2026-04-16,2026-04-18,2.0,2.0,10,Confirmada,PIX,Sim
3168,7,4,208,4,2026-02-21,2026-02-26,5.0,1.0,5,Confirmada,PIX,Sim
4145,3,3,42,1,2025-04-01,2025-04-02,1.0,2.0,5,Confirmada,Dinheiro,Sim
4649,13,7,320,0,2025-03-15,2025-03-16,1.0,2.0,8,Confirmada,Cartão de Crédito,Sim
3195,7,3,286,4,2026-03-08,2026-03-11,3.0,4.0,6,Confirmada,Dinheiro,Sim
3744,10,1,293,1,2025-12-21,2025-12-25,4.0,1.0,6,Concluída,Cartão de Débito,Sim
2465,1,1,86,4,2026-05-24,2026-05-25,1.0,2.0,9,Cancelada,Dinheiro,Sim
2928,4,1,156,3,2025-06-01,2025-06-06,5.0,4.0,9,Confirmada,Transferência,Sim
2576,1,4,212,1,2025-06-09,2025-06-11,2.0,2.0,7,Confirmada,Cartão de Crédito,Sim
3804,11,1,253,3,2026-05-24,2026-05-27,3.0,4.0,9,Concluída,Cartão de Débito,Sim
2971,4,2,242,4,2026-08-11,2026-08-16,5.0,1.0,10,Cancelada,Cartão de Crédito,Sim
2945,4,3,47,0,2026-01-16,2026-01-19,3.0,4.0,99,Confirmada,PIX,Não
3864,11,3,98,4,2025-02-08,2025-02-09,1.0,4.0,8,Concluída,Dinheiro,Sim
2962,4,3,29,2,2025-09-24,2025-09-27,3.0,1.0,8,Confirmada,Cartão de Crédito,Sim
3065,6,5,300,3,2026-02-20,2026-02-21,1.0,1.0,99,Cancelada,Dinheiro,Não
2692,2,4,61,1,2026-02-01,2026-02-05,4.0,1.0,8,Confirmada,PIX,Sim
4278,3,2,49,4,2026-08-29,2026-09-03,5.0,4.0,2,Confirmada,Cartão de Débito,Sim
3438,8,2,10,1,2025-09-15,2025-09-17,2.0,3.0,7,Concluída,Transferência,Sim
2946,4,4,166,1,2025-10-20,2025-10-25,5.0,2.0,9,Cancelada,Cartão de Crédito,Sim
4594,13,7,272,4,2026-04-16,2026-04-19,3.0,2.0,7,Confirmada,Cartão de Crédito,Sim
4111,3,3,124,4,2025-04-01,2025-04-06,5.0,2.0,2,Confirmada,Cartão de Débito,Sim
4004,12,2,63,1,2026-08-21,2026-08-23,2.0,1.0,8,No-show,Transferência,Sim
3813,11,2,232,1,2026-01-06,2026-01-08,2.0,2.0,9,Concluída,PIX,Sim
3773,10,4,245,2,2025-10-26,2025-10-29,3.0,3.0,10,Concluída,Cartão de Débito,Sim
3790,11,3,285,1,2025-12-25,2026-01-02,8.0,2.0,8,Concluída,Cartão de Crédito,Sim
3044,6,4,47,3,2026-07-11,2026-07-17,6.0,1.0,6,Confirmada,Transferência,Sim
3405,8,5,262,2,2025-01-02,2025-01-04,2.0,3.0,8,Confirmada,PIX,Sim
3155,7,5,153,2,2026-05-05,2026-05-09,4.0,1.0,9,Confirmada,PIX,Sim
2894,4,2,30,3,2025-10-21,2025-10-23,2.0,1.0,7,Concluída,Dinheiro,Sim
3868,11,3,241,3,2025-03-18,2025-03-21,3.0,2.0,8,Confirmada,Cartão de Crédito,Sim
3079,6,5,49,4,2025-02-17,2025-02-19,2.0,3.0,7,Confirmada,Cartão de Débito,Sim
2916,4,5,245,2,2025-10-22,2025-10-25,3.0,1.0,9,No-show,Transferência,Sim
2528,1,4,162,1,2025-02-14,2025-02-18,4.0,1.0,7,Concluída,PIX,Sim
3564,9,3,69,3,2026-07-13,2026-07-17,4.0,1.0,5,Confirmada,Transferência,Sim
3064,6,2,101,3,2025-05-07,2025-05-10,3.0,3.0,6,Cancelada,PIX,Sim
2504,1,2,125,1,2026-07-15,2026-07-18,3.0,3.0,7,Confirmada,Dinheiro,Sim
2711,2,5,86,2,2025-06-01,2025-06-06,5.0,2.0,8,Confirmada,Dinheiro,Sim
2712,2,1,33,2,2025-12-04,2025-12-05,1.0,3.0,5,Confirmada,Dinheiro,Sim
3476,9,4,32,2,2025-08-26,2025-08-31,5.0,1.0,6,Confirmada,Cartão de Crédito,Sim
4106,12,3,56,2,2025-07-10,2025-07-13,3.0,4.0,10,Concluída,Cartão de Débito,Sim
2670,2,5,105,2,2026-07-11,2026-07-12,1.0,2.0,8,Cancelada,Transferência,Sim
3775,10,3,284,3,2026-05-01,2026-05-04,3.0,3.0,9,Confirmada,PIX,Sim
4494,5,1,75,2,2025-05-28,2025-06-02,5.0,3.0,2,Confirmada,PIX,Sim
3007,6,1,108,4,2026-07-15,2026-07-18,3.0,4.0,99,Concluída,Cartão de Crédito,Não
2545,1,2,201,1,2025-11-12,2025-11-15,3.0,1.0,9,Confirmada,Cartão de Crédito,Sim
4177,3,1,295,1,2025-11-07,2025-11-11,4.0,1.0,1,Confirmada,Cartão de Débito,Sim
3492,9,4,13,4,2026-01-31,2026-02-06,6.0,1.0,6,Cancelada,PIX,Sim
3814,11,1,66,2,2026-04-09,2026-04-12,3.0,2.0,8,Concluída,PIX,Sim
3423,8,4,227,3,2025-01-20,2025-01-24,4.0,4.0,9,Cancelada,Cartão de Débito,Sim
4469,5,1,216,1,2025-12-07,2025-12-08,1.0,2.0,2,No-show,Cartão de Débito,Sim
3396,8,2,108,1,2026-07-22,2026-07-25,3.0,4.0,8,Confirmada,Cartão de Crédito,Sim
4367,5,3,22,2,2025-05-31,2025-06-02,2.0,2.0,2,Confirmada,PIX,Sim
2919,4,5,260,4,2025-09-03,2025-09-05,2.0,4.0,7,Confirmada,PIX,Sim
3352,8,3,242,4,2025-04-19,2025-04-23,4.0,1.0,99,Cancelada,Cartão de Débito,Não
2850,4,4,218,2,2025-02-25,2025-02-26,1.0,1.0,7,Confirmada,Cartão de Crédito,Sim
2667,2,2,108,2,2025-01-20,2025-01-22,2.0,3.0,6,Confirmada,Cartão de Débito,Sim
3424,8,4,53,1,2026-07-26,2026-07-27,1.0,1.0,6,Confirmada,Cartão de Crédito,Sim
2989,4,1,91,2,2025-01-09,2025-01-13,4.0,3.0,10,Cancelada,Dinheiro,Sim
3489,9,5,65,3,2026-01-08,2026-01-12,4.0,4.0,7,Concluída,Transferência,Sim
4232,3,3,236,1,2025-11-07,2025-11-08,1.0,1.0,2,Confirmada,Dinheiro,Sim
3574,9,2,214,3,2026-08-05,2026-08-09,4.0,2.0,99,Confirmada,PIX,Não
3061,6,5,143,1,2025-01-22,2025-01-24,2.0,4.0,8,Concluída,Cartão de Crédito,Sim
3139,6,4,297,4,2025-02-14,2025-02-15,1.0,1.0,9,Confirmada,Dinheiro,Sim
4282,3,2,161,1,2025-06-17,2025-06-21,4.0,2.0,1,Confirmada,Cartão de Crédito,Sim
3162,7,2,285,3,2026-02-21,2026-02-22,1.0,3.0,99,Confirmada,Transferência,Não
4014,12,2,38,2,2026-03-10,2026-03-15,5.0,1.0,7,Confirmada,Cartão de Débito,Sim
4446,5,1,274,0,2025-05-07,2025-05-10,3.0,3.0,99,Concluída,PIX,Não
3283,7,3,143,3,2025-06-17,2025-06-20,3.0,4.0,5,Confirmada,PIX,Sim
3206,7,2,16,2,2026-03-20,2026-03-22,2.0,4.0,6,Confirmada,Dinheiro,Sim
4581,13,8,160,1,2026-04-16,2026-04-18,2.0,3.0,7,Confirmada,Dinheiro,Sim
3980,12,3,216,4,2026-07-29,2026-07-30,1.0,1.0,7,Concluída,Cartão de Crédito,Sim
2896,4,5,167,1,2025-10-24,2025-10-26,2.0,1.0,7,Confirmada,Transferência,Sim
4223,3,3,132,1,2025-11-07,2025-11-11,4.0,3.0,99,Confirmada,Transferência,Não
3582,9,5,208,3,2026-08-09,2026-08-12,3.0,4.0,9,Concluída,PIX,Sim
3987,12,2,34,4,2025-11-06,2025-11-08,2.0,3.0,6,No-show,Cartão de Crédito,Sim
3760,10,2,282,1,2025-06-23,2025-06-26,3.0,3.0,99,Confirmada,PIX,Não
4274,3,1,81,4,2026-03-22,2026-03-23,1.0,1.0,99,Concluída,Cartão de Débito,Não
3213,7,4,29,4,2025-08-18,2025-08-21,3.0,4.0,99,Cancelada,Transferência,Não
2723,2,4,185,3,2026-01-25,2026-01-26,1.0,4.0,6,Concluída,Cartão de Crédito,Sim
2811,2,2,76,3,2025-03-02,2025-03-05,3.0,3.0,99,No-show,PIX,Não
3126,6,3,114,2,2026-02-07,2026-02-12,5.0,4.0,9,Cancelada,Cartão de Crédito,Sim
3457,8,3,116,3,2025-01-09,2025-01-11,2.0,3.0,9,Confirmada,Cartão de Crédito,Sim
4555,13,8,103,1,2025-07-20,2025-07-21,1.0,1.0,8,Confirmada,Cartão de Crédito,Sim
3881,11,1,157,4,2025-05-27,2025-05-29,2.0,2.0,9,Concluída,PIX,Sim
4389,5,2,275,4,2026-02-05,2026-02-09,4.0,2.0,99,Confirmada,Cartão de Crédito,Não
3704,10,4,174,2,2026-07-04,2026-07-06,2.0,1.0,7,Confirmada,Transferência,Sim
3715,10,5,116,4,2025-06-13,2025-06-18,5.0,2.0,8,Confirmada,Transferência,Sim
2987,4,1,269,4,2026-03-29,2026-04-02,4.0,4.0,99,Concluída,Cartão de Débito,Não
3309,8,2,246,3,2025-06-08,2025-06-11,3.0,3.0,6,Confirmada,PIX,Sim
3166,7,1,243,3,2026-07-13,2026-07-16,3.0,3.0,8,Concluída,Cartão de Crédito,Sim
4255,3,1,85,2,2026-05-27,2026-05-29,2.0,1.0,2,Cancelada,PIX,Sim
3004,6,1,188,3,2026-07-27,2026-07-29,2.0,3.0,99,Confirmada,Transferência,Não
2609,1,3,233,2,2026-07-14,2026-07-17,3.0,3.0,9,Confirmada,PIX,Sim
4459,5,2,284,4,2026-02-03,2026-02-06,3.0,2.0,1,Concluída,Dinheiro,Sim
3324,8,5,26,3,2025-09-12,2025-09-15,3.0,2.0,8,Cancelada,Cartão de Débito,Sim
3307,8,3,278,1,2026-07-11,2026-07-12,1.0,4.0,8,Confirmada,PIX,Sim
2671,2,4,256,2,2025-09-06,2025-09-08,2.0,4.0,99,Confirmada,Cartão de Crédito,Não
4242,3,1,255,1,2026-08-20,2026-08-22,2.0,3.0,3,Confirmada,Transferência,Sim
3459,9,4,237,1,2025-05-23,2025-05-24,1.0,4.0,5,Concluída,PIX,Sim
3516,9,1,127,2,2025-07-30,2025-08-02,3.0,3.0,7,Confirmada,Dinheiro,Sim
4313,3,2,163,4,2025-02-09,2025-02-10,1.0,1.0,3,No-show,Cartão de Débito,Sim
4371,5,1,165,3,2025-05-31,2025-06-05,5.0,4.0,99,Confirmada,PIX,Não
2780,2,1,27,3,2025-04-04,2025-04-08,4.0,3.0,8,Confirmada,Cartão de Crédito,Sim
3856,11,3,173,2,2026-05-10,2026-05-14,4.0,1.0,7,Confirmada,PIX,Sim
3777,11,4,9,2,2025-05-20,2025-05-21,1.0,2.0,9,Confirmada,Cartão de Débito,Sim
4046,12,5,173,1,2026-06-14,2026-06-17,3.0,3.0,7,Confirmada,Dinheiro,Sim
4482,5,1,9,2,2025-09-27,2025-10-01,4.0,3.0,1,No-show,Transferência,Sim
2862,4,5,65,3,2025-11-24,2025-11-27,3.0,2.0,7,Concluída,Transferência,Sim
4157,3,2,52,0,2025-04-01,2025-04-06,5.0,4.0,1,Confirmada,Cartão de Crédito,Sim
3230,7,3,254,2,2025-11-09,2025-11-14,5.0,2.0,99,Cancelada,Cartão de Débito,Não
3086,6,1,146,4,2025-02-22,2025-02-26,4.0,1.0,10,Confirmada,PIX,Sim
3918,11,5,75,2,2026-06-30,2026-07-02,2.0,4.0,7,Confirmada,Cartão de Crédito,Sim
3255,7,4,221,2,2025-03-15,2025-03-19,4.0,4.0,8,Confirmada,Dinheiro,Sim
3983,12,4,69,1,2026-03-13,2026-03-15,2.0,4.0,7,Confirmada,Cartão de Débito,Sim
3322,8,5,6,3,2025-03-09,2025-03-12,3.0,2.0,10,Cancelada,PIX,Sim
2581,1,2,159,4,2025-01-16,2025-01-18,2.0,4.0,8,Concluída,Cartão de Crédito,Sim
3563,9,1,82,0,2025-06-29,2025-07-04,5.0,4.0,7,Confirmada,Transferência,Sim
3977,12,5,242,3,2025-05-12,2025-05-14,2.0,4.0,9,Concluída,PIX,Sim
2761,2,4,225,4,2025-01-31,2025-02-02,2.0,4.0,10,Confirmada,Dinheiro,Sim
3545,9,3,107,3,2025-09-13,2025-09-16,3.0,2.0,6,Concluída,Cartão de Débito,Sim
3281,7,2,221,1,2025-10-09,2025-10-15,6.0,3.0,8,Concluída,Cartão de Crédito,Sim
2793,2,2,27,2,2026-08-04,2026-08-08,4.0,3.0,8,Confirmada,Transferência,Sim
4569,13,6,200,2,2026-04-16,2026-04-17,1.0,2.0,7,Confirmada,Dinheiro,Sim
3346,8,5,162,2,2025-07-29,2025-07-31,2.0,1.0,9,Confirmada,PIX,Sim
3531,9,5,91,4,2025-04-24,2025-04-25,1.0,2.0,10,No-show,PIX,Sim
4474,5,2,280,1,2026-05-01,2026-05-02,1.0,1.0,1,Cancelada,PIX,Sim
3907,11,5,45,1,2025-11-16,2025-11-18,2.0,3.0,8,Confirmada,Cartão de Débito,Sim
3756,10,1,181,1,2025-04-22,2025-04-23,1.0,4.0,10,Concluída,Dinheiro,Sim
3147,7,2,15,1,2026-01-27,2026-01-29,2.0,3.0,7,Confirmada,Cartão de Crédito,Sim
3625,10,3,169,3,2026-08-31,2026-09-04,4.0,1.0,7,Confirmada,PIX,Sim
4613,13,6,311,1,2025-03-13,2025-03-15,2.0,3.0,9,Confirmada,Transferência,Sim
4380,5,1,265,1,2025-05-31,2025-06-04,4.0,3.0,2,Confirmada,Dinheiro,Sim
3873,11,1,197,2,2026-04-09,2026-04-12,3.0,2.0,10,Confirmada,Cartão de Crédito,Sim
2536,1,4,191,3,2026-07-03,2026-07-07,4.0,2.0,10,Concluída,Cartão de Crédito,Sim
3902,11,5,63,2,2025-06-30,2025-07-04,4.0,3.0,99,Confirmada,Cartão de Débito,Não
3235,7,1,63,2,2025-05-28,2025-06-01,4.0,1.0,8,Confirmada,Dinheiro,Sim
3581,9,5,134,1,2026-03-20,2026-03-24,4.0,4.0,8,Confirmada,Dinheiro,Sim
3656,10,1,176,4,2025-11-07,2025-11-10,3.0,3.0,8,Confirmada,Cartão de Crédito,Sim
4050,12,4,111,2,2025-09-06,2025-09-07,1.0,3.0,6,Concluída,PIX,Sim
4043,12,5,196,3,2025-01-16,2025-01-18,2.0,4.0,6,Confirmada,PIX,Sim
2690,2,1,229,4,2025-03-14,2025-03-17,3.0,1.0,7,Concluída,Dinheiro,Sim
3076,6,5,228,3,2025-05-15,2025-05-20,5.0,1.0,8,Confirmada,Transferência,Sim
2647,2,3,153,4,2025-03-03,2025-03-08,5.0,2.0,99,Confirmada,Dinheiro,Não
4119,3,3,121,1,2025-04-01,2025-04-05,4.0,2.0,2,Confirmada,Cartão de Débito,Sim
3032,6,3,278,2,2025-10-01,2025-10-04,3.0,3.0,8,Concluída,Cartão de Débito,Sim
4418,5,1,35,0,2026-02-05,2026-02-08,3.0,3.0,1,Confirmada,Transferência,Sim
4342,5,1,197,1,2025-05-31,2025-06-01,1.0,1.0,2,Confirmada,Cartão de Crédito,Sim
3940,12,3,50,1,2026-08-26,2026-08-29,3.0,2.0,7,Concluída,Transferência,Sim
4131,3,1,136,3,2025-04-01,2025-04-02,1.0,4.0,2,Confirmada,Cartão de Débito,Sim
2792,2,1,168,2,2025-02-10,2025-02-11,1.0,3.0,8,Confirmada,PIX,Sim
4114,3,3,178,4,2025-04-01,2025-04-03,2.0,3.0,3,Confirmada,Cartão de Crédito,Sim
3351,8,2,42,1,2026-05-29,2026-06-01,3.0,2.0,8,Concluída,Cartão de Crédito,Sim
4085,12,2,199,3,2025-03-15,2025-03-16,1.0,4.0,8,Cancelada,Transferência,Sim
2733,2,1,276,4,2025-02-03,2025-02-06,3.0,3.0,7,Confirmada,Transferência,Sim
3197,7,3,112,4,2026-03-21,2026-03-22,1.0,1.0,9,Confirmada,Dinheiro,Sim
3884,11,2,261,4,2026-04-16,2026-04-18,2.0,4.0,8,Confirmada,PIX,Sim
3006,6,1,158,3,2026-08-02,2026-08-08,6.0,4.0,5,Confirmada,Transferência,Sim
2642,1,5,87,1,2025-07-10,2025-07-11,1.0,3.0,9,Concluída,Transferência,Sim
4505,5,2,8,2,2025-12-31,2026-01-07,7.0,1.0,2,No-show,Cartão de Crédito,Sim
2953,4,2,91,3,2025-07-31,2025-08-06,6.0,3.0,99,Concluída,PIX,Não
3493,9,5,264,1,2026-03-26,2026-03-29,3.0,4.0,99,Cancelada,Cartão de Débito,Não
3074,6,1,275,4,2026-08-13,2026-08-17,4.0,3.0,6,Confirmada,Cartão de Crédito,Sim
2936,4,4,54,1,2025-03-22,2025-03-24,2.0,4.0,9,Cancelada,PIX,Sim
3215,7,1,271,3,2025-05-01,2025-05-03,2.0,1.0,6,Confirmada,Dinheiro,Sim
3482,9,4,129,2,2025-06-22,2025-06-25,3.0,4.0,8,Confirmada,Transferência,Sim
3630,10,5,295,1,2025-07-02,2025-07-05,3.0,1.0,99,Confirmada,Dinheiro,Não
3752,10,2,64,0,2025-07-19,2025-07-23,4.0,3.0,9,Concluída,Cartão de Débito,Sim
4424,5,1,226,3,2026-02-05,2026-02-10,5.0,2.0,3,Confirmada,Dinheiro,Sim
4299,3,2,88,4,2025-07-08,2025-07-10,2.0,3.0,3,Cancelada,Transferência,Sim
4316,3,1,54,1,2026-04-12,2026-04-16,4.0,1.0,3,Concluída,Dinheiro,Sim
3280,7,3,133,0,2026-06-15,2026-06-19,4.0,2.0,7,Cancelada,Transferência,Sim
3897,11,3,190,4,2025-05-07,2025-05-09,2.0,3.0,8,Confirmada,Cartão de Crédito,Sim
3515,9,2,109,2,2026-04-10,2026-04-13,3.0,1.0,99,No-show,Transferência,Não
2719,2,5,129,3,2026-04-11,2026-04-15,4.0,4.0,10,Concluída,Transferência,Sim
4355,5,2,14,3,2025-05-31,2025-06-02,2.0,1.0,3,Confirmada,Cartão de Crédito,Sim
3852,11,3,258,1,2025-02-25,2025-03-01,4.0,2.0,7,Confirmada,Cartão de Débito,Sim
3300,8,5,63,1,2025-06-18,2025-06-22,4.0,1.0,8,Cancelada,Dinheiro,Sim
3750,10,3,205,1,2025-02-24,2025-02-25,1.0,2.0,8,Confirmada,Dinheiro,Sim
2693,2,1,282,4,2026-05-10,2026-05-12,2.0,4.0,8,Cancelada,Cartão de Crédito,Sim
3274,7,5,170,0,2026-08-18,2026-08-20,2.0,4.0,8,Concluída,Cartão de Crédito,Sim
3616,9,1,163,2,2026-06-09,2026-06-11,2.0,2.0,6,Confirmada,Cartão de Débito,Sim
2740,2,3,11,2,2025-12-29,2026-01-03,5.0,4.0,9,Concluída,PIX,Sim
3505,9,4,269,2,2025-06-01,2025-06-02,1.0,1.0,8,Confirmada,Cartão de Débito,Sim
3607,9,2,13,3,2025-03-31,2025-04-01,1.0,3.0,9,Confirmada,Cartão de Crédito,Sim
3847,11,5,173,1,2025-06-13,2025-06-17,4.0,1.0,8,No-show,Cartão de Débito,Sim
4124,3,2,111,1,2025-04-01,2025-04-03,2.0,1.0,3,Confirmada,PIX,Sim
3982,12,5,286,3,2026-07-03,2026-07-07,4.0,4.0,8,Concluída,Cartão de Débito,Sim
3394,8,4,243,2,2026-04-14,2026-04-21,7.0,1.0,10,Concluída,Transferência,Sim
3929,11,3,103,3,2025-02-19,2025-02-25,6.0,4.0,8,Cancelada,Cartão de Crédito,Sim
4069,12,2,146,2,2025-01-06,2025-01-08,2.0,2.0,10,Concluída,Cartão de Crédito,Sim
2655,2,5,138,0,2025-09-14,2025-09-17,3.0,2.0,9,Confirmada,Cartão de Débito,Sim
4097,12,1,37,3,2025-02-18,2025-02-19,1.0,4.0,8,Confirmada,PIX,Sim
2992,4,2,290,4,2026-06-26,2026-06-28,2.0,2.0,7,Confirmada,Cartão de Débito,Sim
3931,12,1,220,2,2025-07-01,2025-07-04,3.0,3.0,7,No-show,Cartão de Débito,Sim
4193,3,2,143,2,2025-11-07,2025-11-09,2.0,3.0,99,Confirmada,Transferência,Não
4437,5,3,168,4,2026-02-05,2026-02-07,2.0,1.0,4,Confirmada,Cartão de Crédito,Sim
4447,5,3,119,4,2025-06-25,2025-06-28,3.0,4.0,99,Confirmada,Dinheiro,Não
4330,5,3,139,2,2025-05-31,2025-06-03,3.0,1.0,1,Confirmada,Cartão de Débito,Sim
2588,1,4,33,4,2026-04-15,2026-04-19,4.0,1.0,5,Concluída,Dinheiro,Sim
3870,11,3,119,3,2025-09-30,2025-10-02,2.0,3.0,8,Confirmada,Transferência,Sim
4403,5,2,92,4,2026-02-05,2026-02-07,2.0,4.0,2,Confirmada,Dinheiro,Sim
4039,12,5,159,1,2025-03-19,2025-03-22,3.0,1.0,7,Confirmada,Dinheiro,Sim
3373,8,2,126,4,2025-06-08,2025-06-11,3.0,4.0,8,Confirmada,Cartão de Débito,Sim
3039,6,3,270,4,2026-07-21,2026-07-25,4.0,1.0,7,Confirmada,Cartão de Crédito,Sim
2716,2,4,75,3,2025-11-03,2025-11-04,1.0,4.0,99,Concluída,Dinheiro,Não
3117,6,1,79,1,2026-03-20,2026-03-24,4.0,4.0,6,Confirmada,Cartão de Crédito,Sim
3227,7,2,111,0,2025-03-28,2025-04-01,4.0,2.0,9,Confirmada,Dinheiro,Sim
4420,5,1,179,4,2026-02-05,2026-02-09,4.0,2.0,2,Confirmada,Dinheiro,Sim
4436,5,2,247,1,2026-02-05,2026-02-09,4.0,4.0,3,Confirmada,Cartão de Débito,Sim
2606,1,1,116,2,2026-06-01,2026-06-04,3.0,4.0,10,Cancelada,Cartão de Débito,Sim
4165,3,3,151,2,2025-04-01,2025-04-02,1.0,4.0,1,Confirmada,Cartão de Crédito,Sim
4141,3,1,40,2,2025-04-01,2025-04-03,2.0,3.0,2,Confirmada,Cartão de Crédito,Sim
4006,12,4,274,4,2026-03-09,2026-03-13,4.0,4.0,4,Concluída,Cartão de Débito,Sim
3839,11,1,264,2,2025-02-21,2025-02-24,3.0,2.0,99,Confirmada,Cartão de Débito,Não
4309,3,1,150,1,2025-05-31,2025-06-08,8.0,4.0,3,Concluída,Dinheiro,Sim
2498,1,3,58,3,2026-06-05,2026-06-10,5.0,4.0,8,Confirmada,PIX,Sim
2819,4,1,45,2,2026-03-14,2026-03-15,1.0,1.0,7,Confirmada,Transferência,Sim
4638,13,8,15,4,2026-06-25,2026-06-30,5.0,1.0,7,Concluída,Dinheiro,Sim
4016,12,5,13,4,2025-09-27,2025-09-28,1.0,4.0,8,Confirmada,Cartão de Crédito,Sim
4306,3,2,195,3,2026-05-19,2026-05-23,4.0,2.0,1,Confirmada,Dinheiro,Sim
3491,9,4,214,4,2025-01-14,2025-01-20,6.0,3.0,99,Confirmada,Dinheiro,Não
3579,9,3,104,4,2026-02-07,2026-02-08,1.0,4.0,99,Confirmada,PIX,Não
3717,10,5,48,1,2026-01-04,2026-01-05,1.0,4.0,6,No-show,PIX,Sim
3553,9,4,25,3,2026-08-25,2026-08-29,4.0,4.0,8,Concluída,Dinheiro,Sim
3685,10,4,256,3,2025-08-07,2025-08-13,6.0,3.0,10,Confirmada,Dinheiro,Sim
4297,3,2,149,2,2026-07-09,2026-07-14,5.0,2.0,1,Cancelada,Transferência,Sim
2818,2,5,251,3,2026-08-11,2026-08-12,1.0,4.0,8,Concluída,Transferência,Sim
3522,9,5,247,4,2026-02-05,2026-02-08,3.0,1.0,8,Confirmada,Cartão de Crédito,Sim
2907,4,1,204,1,2025-06-17,2025-06-19,2.0,4.0,7,Confirmada,Cartão de Débito,Sim
3554,9,3,63,3,2025-05-03,2025-05-04,1.0,1.0,6,Confirmada,Dinheiro,Sim
2737,2,5,152,1,2025-07-26,2025-07-31,5.0,1.0,7,Confirmada,Cartão de Débito,Sim
2795,2,3,185,2,2025-08-08,2025-08-11,3.0,1.0,6,Confirmada,Cartão de Crédito,Sim
2600,1,3,267,4,2025-01-05,2025-01-08,3.0,3.0,9,Cancelada,Dinheiro,Sim
3186,7,4,96,1,2026-05-23,2026-05-29,6.0,1.0,8,Confirmada,Cartão de Débito,Sim
2492,1,1,263,4,2025-05-29,2025-05-30,1.0,2.0,10,Concluída,Cartão de Crédito,Sim
4466,5,1,135,2,2025-07-25,2025-07-27,2.0,1.0,2,Confirmada,Cartão de Débito,Sim
4079,12,3,271,1,2025-08-25,2025-08-28,3.0,3.0,5,Confirmada,Transferência,Sim
4372,5,3,22,1,2025-05-31,2025-06-05,5.0,3.0,99,Confirmada,Cartão de Débito,Não
2542,1,4,224,4,2025-01-07,2025-01-09,2.0,2.0,99,Confirmada,Transferência,Não
3946,12,1,77,4,2026-05-20,2026-05-24,4.0,4.0,9,Confirmada,Transferência,Sim
3838,11,1,168,3,2026-03-17,2026-03-18,1.0,1.0,7,Confirmada,Cartão de Crédito,Sim
4065,12,3,161,4,2026-05-27,2026-05-30,3.0,3.0,10,Confirmada,Dinheiro,Sim
3794,11,1,118,2,2026-07-19,2026-07-21,2.0,1.0,6,No-show,Cartão de Crédito,Sim
3722,10,4,60,2,2025-04-22,2025-04-26,4.0,3.0,10,Cancelada,Cartão de Crédito,Sim
2844,4,2,192,3,2025-12-12,2025-12-16,4.0,2.0,99,Concluída,Cartão de Débito,Não
3772,10,3,294,3,2025-02-21,2025-02-22,1.0,2.0,99,Cancelada,Cartão de Débito,Não
2937,4,4,97,1,2026-08-19,2026-08-23,4.0,1.0,9,Confirmada,Transferência,Sim
3193,7,2,134,4,2026-06-25,2026-06-28,3.0,4.0,8,Confirmada,Cartão de Crédito,Sim
3539,9,3,53,2,2025-05-23,2025-05-28,5.0,3.0,8,Confirmada,Cartão de Crédito,Sim
2747,2,1,28,3,2026-07-05,2026-07-08,3.0,2.0,7,Cancelada,PIX,Sim
3801,11,2,253,2,2025-10-26,2025-10-31,5.0,4.0,7,Confirmada,Dinheiro,Sim
3920,11,4,59,3,2025-02-20,2025-02-22,2.0,1.0,6,Confirmada,Cartão de Crédito,Sim
3289,7,1,73,1,2025-02-19,2025-02-22,3.0,1.0,8,Concluída,PIX,Sim
3460,9,2,259,3,2026-03-08,2026-03-10,2.0,4.0,6,Confirmada,PIX,Sim
3670,10,3,300,1,2025-03-17,2025-03-20,3.0,1.0,7,Cancelada,Cartão de Débito,Sim
3133,6,3,11,1,2025-01-05,2025-01-09,4.0,4.0,9,Confirmada,Dinheiro,Sim
3270,7,1,269,2,2026-06-02,2026-06-06,4.0,1.0,99,Concluída,Dinheiro,Não
4582,13,8,311,3,2026-04-16,2026-04-17,1.0,1.0,6,Confirmada,Dinheiro,Sim
3420,8,4,86,1,2026-06-11,2026-06-13,2.0,4.0,99,Confirmada,Dinheiro,Não
3823,11,4,149,4,2025-01-10,2025-01-12,2.0,1.0,7,Confirmada,Cartão de Crédito,Sim
2631,1,2,142,0,2026-04-21,2026-04-25,4.0,3.0,10,Confirmada,Dinheiro,Sim
2725,2,1,134,3,2026-02-17,2026-02-22,5.0,4.0,8,Confirmada,PIX,Sim
4324,3,3,61,4,2026-01-05,2026-01-08,3.0,2.0,2,Cancelada,Dinheiro,Sim
2947,4,1,179,4,2026-01-10,2026-01-13,3.0,4.0,7,Confirmada,Cartão de Débito,Sim
3957,12,5,89,3,2025-07-19,2025-07-21,2.0,3.0,9,Confirmada,PIX,Sim
3407,8,5,73,1,2026-04-07,2026-04-08,1.0,1.0,6,Concluída,Cartão de Crédito,Sim
4276,3,1,50,1,2026-06-01,2026-06-02,1.0,3.0,1,Confirmada,Dinheiro,Sim
2645,1,1,29,4,2025-10-18,2025-10-19,1.0,1.0,6,Cancelada,Dinheiro,Sim
2884,4,1,71,3,2026-06-15,2026-06-18,3.0,3.0,5,Confirmada,Cartão de Débito,Sim
4056,12,4,204,3,2026-03-25,2026-03-26,1.0,2.0,7,Concluída,Transferência,Sim
2603,1,4,300,3,2026-04-22,2026-04-25,3.0,2.0,10,Confirmada,Dinheiro,Sim
4300,3,3,275,4,2025-04-20,2025-04-23,3.0,3.0,1,Concluída,Transferência,Sim
3124,6,2,73,4,2026-05-11,2026-05-13,2.0,1.0,7,Concluída,Transferência,Sim
4022,12,5,222,1,2025-06-04,2025-06-07,3.0,1.0,10,Confirmada,Cartão de Débito,Sim
4404,5,3,95,3,2026-02-05,2026-02-07,2.0,2.0,4,Confirmada,Cartão de Débito,Sim
3747,10,5,35,3,2026-08-07,2026-08-09,2.0,1.0,7,Confirmada,Transferência,Sim
2914,4,1,231,1,2025-04-02,2025-04-05,3.0,3.0,6,Confirmada,Cartão de Débito,Sim
2661,2,1,233,4,2025-07-30,2025-08-03,4.0,3.0,7,Concluída,Cartão de Débito,Sim
4603,13,8,305,4,2026-04-16,2026-04-18,2.0,1.0,8,Confirmada,Cartão de Crédito,Sim
4635,13,8,304,1,2025-06-09,2025-06-10,1.0,4.0,7,No-show,Dinheiro,Sim
2481,1,1,80,3,2025-11-07,2025-11-14,7.0,4.0,8,No-show,PIX,Sim
2665,2,3,15,2,2025-01-16,2025-01-18,2.0,1.0,7,Confirmada,Cartão de Crédito,Sim
3364,8,2,160,1,2025-06-23,2025-06-24,1.0,2.0,8,Confirmada,Cartão de Crédito,Sim
3878,11,5,31,2,2026-07-10,2026-07-13,3.0,3.0,6,Confirmada,PIX,Sim
4578,13,7,311,2,2026-04-16,2026-04-20,4.0,3.0,8,Confirmada,Transferência,Sim
4634,13,7,303,4,2025-05-19,2025-05-20,1.0,3.0,9,Confirmada,Dinheiro,Sim
4133,3,3,185,2,2025-04-01,2025-04-05,4.0,2.0,2,Confirmada,Cartão de Débito,Sim
2460,1,1,293,3,2026-07-08,2026-07-11,3.0,1.0,8,Concluída,Cartão de Débito,Sim
3888,11,4,259,3,2026-03-03,2026-03-08,5.0,4.0,6,Confirmada,Dinheiro,Sim
3675,10,5,72,2,2025-08-14,2025-08-18,4.0,4.0,9,Cancelada,Cartão de Débito,Sim
4075,12,2,137,1,2026-02-19,2026-02-22,3.0,1.0,8,Confirmada,Transferência,Sim
4216,3,2,253,4,2025-11-07,2025-11-08,1.0,1.0,3,Confirmada,Dinheiro,Sim
3837,11,2,149,4,2025-09-20,2025-09-25,5.0,1.0,7,Confirmada,PIX,Sim
2802,2,1,3,3,2025-02-25,2025-02-27,2.0,2.0,7,Confirmada,PIX,Sim
4088,12,2,195,2,2025-01-24,2025-01-30,6.0,1.0,3,Confirmada,PIX,Sim
3992,12,5,47,1,2025-11-03,2025-11-06,3.0,1.0,7,Cancelada,Cartão de Crédito,Sim
2608,1,3,44,4,2026-06-11,2026-06-14,3.0,4.0,6,Confirmada,PIX,Sim
4335,5,2,59,2,2025-05-31,2025-06-04,4.0,1.0,2,Confirmada,Dinheiro,Sim
3247,7,1,244,1,2026-06-07,2026-06-11,4.0,3.0,10,Confirmada,Dinheiro,Sim
3901,11,2,102,2,2026-05-18,2026-05-22,4.0,3.0,5,Cancelada,Dinheiro,Sim
3964,12,4,278,2,2025-01-12,2025-01-16,4.0,3.0,8,Confirmada,Cartão de Débito,Sim
3855,11,2,250,2,2025-06-09,2025-06-12,3.0,4.0,99,Concluída,Dinheiro,Não
3121,6,4,248,3,2025-03-27,2025-04-01,5.0,1.0,10,Concluída,Dinheiro,Sim
4451,5,1,131,4,2025-02-28,2025-03-05,5.0,3.0,99,Concluída,Cartão de Crédito,Não
2657,2,4,170,4,2026-01-05,2026-01-08,3.0,1.0,9,Confirmada,Cartão de Débito,Sim
3828,11,4,153,4,2026-08-02,2026-08-06,4.0,2.0,5,Confirmada,Cartão de Débito,Sim
3565,9,2,173,2,2026-02-09,2026-02-11,2.0,3.0,4,Confirmada,PIX,Sim
4442,5,1,294,4,2025-01-05,2025-01-09,4.0,4.0,3,No-show,PIX,Sim
3834,11,5,92,1,2025-07-08,2025-07-09,1.0,1.0,8,Confirmada,Transferência,Sim
4180,3,2,50,2,2025-11-07,2025-11-12,5.0,4.0,1,Confirmada,Transferência,Sim
4175,3,3,47,4,2025-11-07,2025-11-08,1.0,1.0,4,Confirmada,PIX,Sim
3329,8,4,75,3,2025-07-19,2025-07-21,2.0,3.0,5,Confirmada,Cartão de Crédito,Sim
3447,8,5,30,3,2026-07-24,2026-07-28,4.0,2.0,99,Confirmada,PIX,Não
3770,10,3,105,2,2026-03-19,2026-03-20,1.0,1.0,10,Cancelada,Transferência,Sim
3816,11,4,42,1,2025-04-12,2025-04-13,1.0,1.0,99,Concluída,Dinheiro,Não
3204,7,4,119,2,2025-10-09,2025-10-13,4.0,3.0,10,Confirmada,PIX,Sim
3190,7,4,260,2,2025-03-03,2025-03-07,4.0,1.0,9,Cancelada,Transferência,Sim
3687,10,3,261,1,2026-05-17,2026-05-21,4.0,4.0,7,Cancelada,Cartão de Crédito,Sim
4607,13,8,304,3,2026-04-16,2026-04-18,2.0,3.0,7,Confirmada,Cartão de Crédito,Sim
2485,1,3,63,0,2025-03-10,2025-03-12,2.0,4.0,6,Confirmada,Cartão de Crédito,Sim
4033,12,5,294,2,2026-01-16,2026-01-19,3.0,3.0,7,No-show,PIX,Sim
2846,4,3,248,3,2025-02-02,2025-02-07,5.0,4.0,99,Concluída,PIX,Não
2490,1,3,94,1,2025-08-12,2025-08-13,1.0,3.0,99,Confirmada,Cartão de Crédito,Não
3921,11,1,247,1,2026-01-19,2026-01-21,2.0,2.0,8,Confirmada,Cartão de Crédito,Sim
3556,9,5,170,4,2025-01-10,2025-01-11,1.0,3.0,99,Concluída,Cartão de Crédito,Não
3608,9,5,273,3,2025-01-04,2025-01-07,3.0,4.0,5,Cancelada,Cartão de Débito,Sim
2785,2,4,16,2,2025-09-09,2025-09-13,4.0,3.0,99,Confirmada,Cartão de Débito,Não
4020,12,4,188,3,2025-08-31,2025-09-03,3.0,2.0,99,Confirmada,Dinheiro,Não
4376,5,2,150,1,2025-05-31,2025-06-02,2.0,4.0,3,Confirmada,Cartão de Crédito,Sim
3436,8,2,112,3,2026-01-12,2026-01-15,3.0,1.0,99,Confirmada,PIX,Não
3913,11,4,25,3,2025-06-26,2025-06-29,3.0,4.0,9,Confirmada,Cartão de Débito,Sim
3926,11,1,134,4,2025-02-26,2025-02-28,2.0,2.0,99,Cancelada,PIX,Não
3047,6,5,142,1,2025-10-29,2025-11-05,7.0,2.0,9,Confirmada,PIX,Sim
2977,4,3,266,3,2026-06-30,2026-07-01,1.0,3.0,7,Concluída,Cartão de Crédito,Sim
2904,4,4,236,2,2025-01-30,2025-02-01,2.0,1.0,10,Cancelada,Cartão de Crédito,Sim
3872,11,1,227,1,2025-07-18,2025-07-22,4.0,2.0,9,Cancelada,Dinheiro,Sim
4334,5,2,183,3,2025-05-31,2025-06-03,3.0,4.0,3,Confirmada,Cartão de Crédito,Sim
3224,7,5,282,0,2026-05-27,2026-05-31,4.0,3.0,99,Concluída,Cartão de Crédito,Não
4197,3,1,127,2,2025-11-07,2025-11-10,3.0,3.0,2,Confirmada,Transferência,Sim
3082,6,2,252,3,2025-12-29,2026-01-01,3.0,3.0,9,Concluída,Dinheiro,Sim
4453,5,1,180,4,2025-08-31,2025-09-04,4.0,3.0,99,Confirmada,Cartão de Crédito,Não
2533,1,2,68,4,2025-04-23,2025-04-24,1.0,2.0,8,Concluída,Transferência,Sim
2956,4,4,183,3,2025-05-01,2025-05-03,2.0,3.0,9,Confirmada,Dinheiro,Sim
4068,12,3,132,3,2025-09-05,2025-09-11,6.0,4.0,7,Cancelada,Transferência,Sim
4118,3,1,197,4,2025-04-01,2025-04-06,5.0,2.0,4,Confirmada,Transferência,Sim
4301,3,1,232,3,2025-05-03,2025-05-09,6.0,1.0,4,Concluída,PIX,Sim
3023,6,1,238,1,2025-10-16,2025-10-17,1.0,1.0,99,No-show,Transferência,Não
2565,1,5,177,1,2025-05-24,2025-05-26,2.0,1.0,7,Confirmada,Dinheiro,Sim
3089,6,5,239,3,2025-02-09,2025-02-13,4.0,1.0,6,Confirmada,Transferência,Sim
3127,6,3,192,2,2026-03-09,2026-03-13,4.0,4.0,9,Confirmada,Cartão de Crédito,Sim
4211,3,3,292,4,2025-11-07,2025-11-11,4.0,4.0,2,Confirmada,Transferência,Sim
4303,3,1,280,2,2025-08-03,2025-08-05,2.0,2.0,2,Cancelada,Cartão de Débito,Sim
4229,3,3,242,3,2025-11-07,2025-11-10,3.0,2.0,3,Confirmada,PIX,Sim
4251,3,1,290,1,2025-02-26,2025-03-02,4.0,3.0,99,Cancelada,PIX,Não
3161,7,5,269,2,2025-12-22,2025-12-25,3.0,1.0,9,Concluída,Cartão de Crédito,Sim
4535,13,8,304,4,2025-07-20,2025-07-22,2.0,3.0,9,Confirmada,Transferência,Sim
3575,9,3,24,1,2025-05-18,2025-05-23,5.0,4.0,4,Cancelada,Cartão de Crédito,Sim
4509,5,2,97,1,2025-10-15,2025-10-17,2.0,1.0,3,Confirmada,Transferência,Sim
3765,10,4,230,3,2025-07-07,2025-07-09,2.0,1.0,6,Confirmada,Transferência,Sim
3678,10,2,110,1,2025-11-04,2025-11-06,2.0,1.0,9,Concluída,Dinheiro,Sim
2479,1,1,51,4,2025-10-11,2025-10-13,2.0,1.0,6,Concluída,Dinheiro,Sim
4269,3,2,125,2,2026-08-04,2026-08-08,4.0,1.0,3,Cancelada,PIX,Sim
4612,13,6,165,0,2025-08-15,2025-08-17,2.0,1.0,8,Cancelada,Dinheiro,Sim
3319,8,3,19,2,2025-05-28,2025-05-31,3.0,4.0,99,Confirmada,PIX,Não
3523,9,3,91,4,2025-06-28,2025-07-03,5.0,3.0,9,Concluída,Cartão de Crédito,Sim
3742,10,3,39,3,2025-12-28,2025-12-29,1.0,4.0,8,Concluída,PIX,Sim
4354,5,2,219,4,2025-05-31,2025-06-01,1.0,2.0,2,Confirmada,Cartão de Débito,Sim
2886,4,3,154,3,2026-08-23,2026-08-28,5.0,1.0,99,Confirmada,Cartão de Débito,Não
3890,11,2,174,1,2026-01-24,2026-01-27,3.0,3.0,4,Confirmada,Cartão de Crédito,Sim
4102,12,5,183,4,2025-10-11,2025-10-13,2.0,4.0,10,Concluída,Cartão de Crédito,Sim
4227,3,3,221,4,2025-11-07,2025-11-10,3.0,4.0,2,Confirmada,Cartão de Débito,Sim
4117,3,2,180,3,2025-04-01,2025-04-05,4.0,4.0,2,Confirmada,Cartão de Crédito,Sim
2596,1,2,9,4,2025-10-28,2025-10-30,2.0,2.0,5,Concluída,Cartão de Crédito,Sim
2519,1,2,219,1,2025-11-30,2025-12-03,3.0,1.0,8,Confirmada,PIX,Sim
3310,8,4,279,4,2025-11-10,2025-11-14,4.0,3.0,7,Confirmada,PIX,Sim
2842,4,2,47,4,2025-01-04,2025-01-07,3.0,2.0,8,Confirmada,Cartão de Crédito,Sim
3452,8,3,218,4,2025-10-29,2025-11-01,3.0,3.0,10,Confirmada,Dinheiro,Sim
4291,3,3,231,1,2025-03-08,2025-03-09,1.0,4.0,2,Confirmada,Dinheiro,Sim
4146,3,2,25,2,2025-04-01,2025-04-06,5.0,3.0,2,Confirmada,Cartão de Débito,Sim
4279,3,3,277,4,2026-06-13,2026-06-15,2.0,3.0,2,No-show,Cartão de Crédito,Sim
3118,6,5,163,4,2025-12-17,2025-12-20,3.0,1.0,5,Confirmada,Transferência,Sim
3880,11,4,125,1,2025-01-29,2025-02-01,3.0,4.0,9,Confirmada,Cartão de Débito,Sim
3788,11,1,55,1,2026-07-17,2026-07-21,4.0,3.0,99,Cancelada,PIX,Não
2656,2,2,230,4,2026-05-03,2026-05-09,6.0,1.0,99,Confirmada,PIX,Não
3416,8,4,29,4,2025-03-20,2025-03-21,1.0,1.0,8,Confirmada,Dinheiro,Sim
3810,11,5,42,4,2025-11-23,2025-11-26,3.0,1.0,9,Confirmada,Transferência,Sim
2856,4,3,3,4,2025-07-08,2025-07-13,5.0,3.0,8,No-show,Transferência,Sim
2895,4,2,277,4,2026-02-13,2026-02-19,6.0,2.0,8,No-show,Dinheiro,Sim
3628,10,3,294,3,2025-06-21,2025-06-27,6.0,3.0,99,Confirmada,Dinheiro,Não
3305,8,3,68,4,2025-12-06,2025-12-08,2.0,4.0,8,Concluída,Dinheiro,Sim
3534,9,2,257,4,2025-07-02,2025-07-03,1.0,4.0,9,Confirmada,PIX,Sim
2861,4,2,248,1,2026-07-02,2026-07-05,3.0,2.0,8,Concluída,Dinheiro,Sim
2801,2,5,110,2,2025-06-08,2025-06-13,5.0,1.0,7,Concluída,Cartão de Débito,Sim
4432,5,2,96,4,2026-02-05,2026-02-07,2.0,2.0,3,Confirmada,Transferência,Sim
3360,8,1,233,4,2026-05-17,2026-05-21,4.0,1.0,9,Confirmada,Dinheiro,Sim
4610,13,7,313,4,2025-04-24,2025-04-27,3.0,2.0,7,No-show,Transferência,Sim
3094,6,3,274,1,2025-01-14,2025-01-19,5.0,1.0,6,Confirmada,Transferência,Sim
2461,1,4,161,4,2026-06-29,2026-06-30,1.0,3.0,99,Confirmada,Dinheiro,Não
2464,1,3,198,0,2026-04-02,2026-04-05,3.0,2.0,8,Confirmada,Dinheiro,Sim
4096,12,5,219,1,2025-09-15,2025-09-21,6.0,1.0,8,Confirmada,Cartão de Débito,Sim
2841,4,1,165,2,2025-03-18,2025-03-19,1.0,3.0,8,Concluída,Dinheiro,Sim
2766,2,2,9,4,2025-07-06,2025-07-10,4.0,2.0,8,Confirmada,Transferência,Sim
4557,13,7,302,2,2025-07-20,2025-07-24,4.0,1.0,4,Confirmada,Dinheiro,Sim
3220,7,1,94,0,2026-07-19,2026-07-21,2.0,1.0,7,Confirmada,Dinheiro,Sim
3112,6,5,122,1,2025-03-03,2025-03-07,4.0,1.0,99,Confirmada,Transferência,Não
3415,8,1,165,3,2026-02-08,2026-02-12,4.0,1.0,9,No-show,PIX,Sim
2518,1,2,121,3,2025-11-07,2025-11-08,1.0,1.0,9,Confirmada,Dinheiro,Sim
3401,8,4,133,4,2026-04-05,2026-04-08,3.0,2.0,7,Confirmada,Cartão de Crédito,Sim
2870,4,5,283,2,2025-05-22,2025-05-25,3.0,1.0,7,Concluída,Dinheiro,Sim
2627,1,2,285,4,2026-07-12,2026-07-15,3.0,2.0,10,Confirmada,PIX,Sim
3469,9,2,197,4,2025-12-03,2025-12-06,3.0,2.0,8,Confirmada,Cartão de Crédito,Sim
4257,3,3,161,4,2026-07-29,2026-07-30,1.0,4.0,2,Concluída,Transferência,Sim
3859,11,2,52,4,2025-04-03,2025-04-06,3.0,4.0,5,Confirmada,Dinheiro,Sim
2556,1,3,106,4,2025-04-20,2025-04-24,4.0,4.0,9,Confirmada,Dinheiro,Sim
3008,6,4,41,4,2025-08-18,2025-08-22,4.0,4.0,8,Cancelada,Cartão de Débito,Sim
4254,3,1,222,2,2025-05-08,2025-05-11,3.0,3.0,2,Cancelada,Transferência,Sim
3035,6,1,110,4,2025-09-08,2025-09-10,2.0,3.0,5,Cancelada,Cartão de Débito,Sim
4422,5,2,278,3,2026-02-05,2026-02-07,2.0,2.0,4,Confirmada,Dinheiro,Sim
2760,2,1,115,2,2026-01-25,2026-01-30,5.0,3.0,99,Cancelada,Transferência,Não
4226,3,1,180,2,2025-11-07,2025-11-11,4.0,1.0,99,Confirmada,Dinheiro,Não
3586,9,1,66,1,2025-11-28,2025-11-30,2.0,4.0,8,Confirmada,Cartão de Crédito,Sim
2495,1,1,76,3,2025-07-23,2025-07-26,3.0,3.0,8,Confirmada,Cartão de Crédito,Sim
4262,3,2,30,4,2025-10-06,2025-10-08,2.0,2.0,1,Confirmada,Dinheiro,Sim
3862,11,4,155,0,2025-09-01,2025-09-03,2.0,2.0,99,Confirmada,Cartão de Crédito,Não
2781,2,4,152,1,2026-03-09,2026-03-13,4.0,4.0,8,Concluída,PIX,Sim
4644,13,8,89,1,2025-06-24,2025-06-29,5.0,1.0,8,No-show,Dinheiro,Sim
2972,4,2,119,3,2026-05-16,2026-05-22,6.0,1.0,8,Concluída,Transferência,Sim
3898,11,2,197,4,2025-11-22,2025-11-23,1.0,4.0,9,Cancelada,Cartão de Crédito,Sim
4172,3,1,102,2,2025-04-01,2025-04-02,1.0,4.0,99,Confirmada,Dinheiro,Não
3802,11,5,142,4,2025-03-14,2025-03-20,6.0,1.0,5,Confirmada,Cartão de Crédito,Sim
3412,8,1,227,3,2025-07-19,2025-07-27,8.0,1.0,8,Concluída,Dinheiro,Sim
3110,6,2,131,2,2026-04-04,2026-04-08,4.0,2.0,7,Confirmada,Cartão de Crédito,Sim
3291,8,3,113,2,2025-03-08,2025-03-12,4.0,3.0,99,Cancelada,Transferência,Não
2755,2,2,36,1,2026-08-29,2026-09-02,4.0,1.0,99,Confirmada,Dinheiro,Não
4571,13,7,303,3,2026-04-16,2026-04-17,1.0,4.0,9,Confirmada,Transferência,Sim
4029,12,5,181,3,2026-01-01,2026-01-05,4.0,3.0,8,Concluída,Cartão de Débito,Sim
4563,13,8,310,1,2025-07-20,2025-07-23,3.0,4.0,4,Confirmada,PIX,Sim
4323,3,2,221,2,2026-06-07,2026-06-08,1.0,3.0,2,Cancelada,Cartão de Débito,Sim
3157,7,2,148,4,2025-06-19,2025-06-24,5.0,4.0,7,Confirmada,PIX,Sim
4589,13,7,297,2,2026-04-16,2026-04-22,6.0,4.0,8,Confirmada,PIX,Sim
4002,12,4,273,4,2025-09-26,2025-10-01,5.0,4.0,99,Confirmada,Transferência,Não
2973,4,3,73,2,2025-12-04,2025-12-07,3.0,1.0,10,No-show,Cartão de Crédito,Sim
2503,1,3,248,4,2025-09-02,2025-09-06,4.0,1.0,8,Cancelada,Dinheiro,Sim
3292,8,2,272,1,2025-03-22,2025-03-23,1.0,1.0,8,Confirmada,Transferência,Sim
3875,11,2,138,4,2025-05-31,2025-06-01,1.0,2.0,6,Concluída,Transferência,Sim
3954,12,3,3,3,2025-12-26,2025-12-29,3.0,3.0,6,Cancelada,Cartão de Crédito,Sim
3999,12,4,241,1,2025-03-07,2025-03-10,3.0,1.0,10,Concluída,Cartão de Débito,Sim
3649,10,4,222,4,2025-12-28,2026-01-03,6.0,4.0,10,Confirmada,Dinheiro,Sim
3033,6,1,184,1,2025-03-13,2025-03-19,6.0,4.0,99,Cancelada,Transferência,Não
4433,5,3,207,3,2026-02-05,2026-02-08,3.0,4.0,3,Confirmada,Dinheiro,Sim
4428,5,1,77,0,2026-02-05,2026-02-11,6.0,2.0,3,Confirmada,Cartão de Crédito,Sim
3930,12,3,251,3,2026-01-31,2026-02-02,2.0,3.0,6,Cancelada,Dinheiro,Sim
2515,1,4,45,1,2025-11-13,2025-11-16,3.0,4.0,99,Confirmada,Dinheiro,Não
4498,5,1,228,1,2025-08-12,2025-08-13,1.0,4.0,2,Confirmada,Cartão de Débito,Sim
3729,10,4,150,1,2026-05-11,2026-05-16,5.0,4.0,9,Confirmada,PIX,Sim
3272,7,4,126,1,2025-06-17,2025-06-22,5.0,1.0,6,Concluída,Cartão de Débito,Sim
2617,1,5,180,4,2025-02-11,2025-02-15,4.0,2.0,9,Confirmada,PIX,Sim
4092,12,1,50,2,2026-07-19,2026-07-21,2.0,1.0,5,Confirmada,PIX,Sim
4636,13,6,247,2,2026-08-15,2026-08-19,4.0,2.0,6,Cancelada,Cartão de Crédito,Sim
3027,6,1,298,4,2025-04-18,2025-04-23,5.0,1.0,7,Cancelada,PIX,Sim
4198,3,3,41,1,2025-11-07,2025-11-10,3.0,3.0,99,Confirmada,Dinheiro,Não
4400,5,2,273,2,2026-02-05,2026-02-11,6.0,2.0,99,Confirmada,Dinheiro,Não
4500,5,2,291,2,2026-02-25,2026-03-01,4.0,2.0,2,Confirmada,Dinheiro,Sim
3592,9,1,264,4,2025-06-15,2025-06-16,1.0,2.0,9,No-show,Transferência,Sim
4129,3,2,12,3,2025-04-01,2025-04-04,3.0,2.0,2,Confirmada,PIX,Sim
4284,3,3,15,2,2025-10-10,2025-10-15,5.0,4.0,1,Cancelada,Transferência,Sim
3191,7,5,80,4,2026-03-24,2026-03-27,3.0,3.0,5,No-show,PIX,Sim
4325,3,2,260,3,2025-11-14,2025-11-15,1.0,2.0,2,Concluída,PIX,Sim
3714,10,4,136,2,2026-04-02,2026-04-08,6.0,3.0,9,Confirmada,Cartão de Crédito,Sim
3034,6,2,54,1,2026-06-11,2026-06-12,1.0,1.0,6,Concluída,Cartão de Crédito,Sim
3019,6,5,243,1,2025-11-26,2025-11-27,1.0,3.0,7,Concluída,Transferência,Sim
2935,4,2,280,1,2025-07-25,2025-07-29,4.0,2.0,99,Confirmada,Transferência,Não
3991,12,1,225,2,2025-08-01,2025-08-03,2.0,1.0,9,Confirmada,Transferência,Sim
3237,7,3,259,2,2026-06-10,2026-06-17,7.0,4.0,8,Confirmada,Transferência,Sim
3256,7,4,156,1,2026-04-06,2026-04-10,4.0,4.0,8,Confirmada,PIX,Sim
3253,7,2,156,3,2025-10-07,2025-10-08,1.0,2.0,9,Confirmada,PIX,Sim
4513,5,2,198,1,2026-05-21,2026-05-27,6.0,2.0,99,Confirmada,Cartão de Débito,Não
3231,7,2,128,0,2025-04-15,2025-04-18,3.0,4.0,7,Confirmada,Cartão de Débito,Sim
3003,6,3,54,4,2025-11-12,2025-11-17,5.0,2.0,10,No-show,Cartão de Débito,Sim
3141,6,3,222,4,2025-12-19,2025-12-20,1.0,2.0,8,Confirmada,Cartão de Débito,Sim
3836,11,1,297,2,2025-06-30,2025-07-03,3.0,2.0,10,Concluída,Dinheiro,Sim
4281,3,2,20,4,2026-06-15,2026-06-16,1.0,3.0,3,Confirmada,Dinheiro,Sim
3382,8,5,218,2,2025-02-09,2025-02-10,1.0,4.0,6,Concluída,Transferência,Sim
4290,3,2,237,2,2025-12-26,2025-12-27,1.0,1.0,2,No-show,Cartão de Débito,Sim
2553,1,3,298,3,2025-02-04,2025-02-06,2.0,4.0,9,Concluída,Cartão de Débito,Sim
3821,11,5,202,1,2025-03-06,2025-03-08,2.0,4.0,9,Confirmada,Cartão de Crédito,Sim
3243,7,3,220,1,2025-02-16,2025-02-18,2.0,4.0,8,Confirmada,Dinheiro,Sim
4487,5,3,125,1,2026-04-09,2026-04-11,2.0,1.0,1,Cancelada,Dinheiro,Sim
3610,9,3,8,3,2025-06-09,2025-06-11,2.0,2.0,99,Confirmada,Dinheiro,Não
4195,3,3,279,1,2025-11-07,2025-11-14,7.0,4.0,3,Confirmada,Cartão de Crédito,Sim
3037,6,3,97,4,2025-05-19,2025-05-22,3.0,2.0,7,Confirmada,Dinheiro,Sim
3782,11,5,69,3,2026-05-28,2026-05-29,1.0,1.0,6,Confirmada,Transferência,Sim
2574,1,1,189,2,2025-04-14,2025-04-17,3.0,3.0,99,Confirmada,Cartão de Débito,Não
2717,2,2,62,2,2026-07-06,2026-07-07,1.0,2.0,10,Confirmada,Cartão de Débito,Sim
4598,13,7,181,1,2026-04-16,2026-04-22,6.0,4.0,7,Confirmada,Cartão de Débito,Sim
4592,13,6,70,3,2026-04-16,2026-04-17,1.0,2.0,7,Confirmada,Transferência,Sim
4596,13,6,314,3,2026-04-16,2026-04-22,6.0,1.0,8,Confirmada,Dinheiro,Sim
2466,1,1,91,2,2025-06-04,2025-06-07,3.0,4.0,8,Confirmada,Cartão de Débito,Sim
2676,2,1,87,4,2025-12-27,2025-12-31,4.0,3.0,7,Concluída,Cartão de Débito,Sim
2824,4,5,228,2,2026-06-30,2026-07-05,5.0,3.0,7,Concluída,PIX,Sim
2653,2,4,23,3,2026-01-01,2026-01-02,1.0,1.0,7,Cancelada,Cartão de Crédito,Sim
4244,3,3,292,3,2025-05-05,2025-05-06,1.0,2.0,3,Confirmada,Dinheiro,Sim
4336,5,1,83,2,2025-05-31,2025-06-05,5.0,1.0,1,Confirmada,Dinheiro,Sim
3251,7,3,165,4,2026-06-29,2026-07-04,5.0,1.0,8,Confirmada,Transferência,Sim
4412,5,1,138,2,2026-02-05,2026-02-07,2.0,4.0,2,Confirmada,Cartão de Crédito,Sim
4018,12,2,205,3,2025-10-16,2025-10-17,1.0,1.0,8,Cancelada,Transferência,Sim
3895,11,4,150,2,2025-07-06,2025-07-10,4.0,1.0,4,Cancelada,PIX,Sim
3843,11,1,222,1,2026-04-02,2026-04-03,1.0,2.0,8,Confirmada,Dinheiro,Sim
4417,5,2,298,2,2026-02-05,2026-02-07,2.0,3.0,4,Confirmada,Cartão de Débito,Sim
3644,10,3,281,2,2025-03-28,2025-03-31,3.0,1.0,6,Confirmada,Dinheiro,Sim
4419,5,3,232,3,2026-02-05,2026-02-09,4.0,4.0,1,Confirmada,Dinheiro,Sim
3613,9,1,265,1,2025-04-07,2025-04-12,5.0,1.0,10,Concluída,PIX,Sim
4383,5,2,2,0,2025-05-31,2025-06-03,3.0,4.0,1,Confirmada,Cartão de Crédito,Sim
2905,4,1,85,3,2025-09-08,2025-09-09,1.0,2.0,6,Concluída,PIX,Sim
3389,8,4,269,3,2025-10-27,2025-11-02,6.0,1.0,7,Cancelada,Dinheiro,Sim
3975,12,4,81,4,2025-11-14,2025-11-17,3.0,1.0,5,Confirmada,Dinheiro,Sim
4286,3,1,14,4,2026-02-19,2026-02-23,4.0,4.0,1,Confirmada,Cartão de Crédito,Sim
2848,4,3,173,4,2025-08-23,2025-08-25,2.0,2.0,7,Confirmada,Transferência,Sim
2742,2,4,106,1,2026-04-18,2026-04-20,2.0,4.0,9,Confirmada,Cartão de Débito,Sim
4475,5,3,71,2,2025-07-25,2025-07-28,3.0,3.0,3,Confirmada,Cartão de Débito,Sim
4602,13,8,311,3,2026-04-16,2026-04-18,2.0,4.0,6,Confirmada,Transferência,Sim
4161,3,2,36,1,2025-04-01,2025-04-04,3.0,2.0,3,Confirmada,Dinheiro,Sim
3974,12,5,177,2,2026-06-26,2026-06-27,1.0,4.0,8,No-show,Cartão de Crédito,Sim
2654,2,4,59,1,2026-08-19,2026-08-20,1.0,3.0,9,Concluída,PIX,Sim
3428,8,4,264,3,2025-07-19,2025-07-23,4.0,4.0,9,Concluída,PIX,Sim
4361,5,2,206,3,2025-05-31,2025-06-05,5.0,2.0,3,Confirmada,Cartão de Débito,Sim
3986,12,5,197,3,2026-02-24,2026-02-27,3.0,4.0,8,Confirmada,Cartão de Débito,Sim
3721,10,3,94,4,2025-02-10,2025-02-12,2.0,3.0,9,Confirmada,Transferência,Sim
4093,12,3,159,4,2026-03-27,2026-04-01,5.0,4.0,9,No-show,PIX,Sim
4188,3,2,186,0,2025-11-07,2025-11-10,3.0,2.0,2,Confirmada,Cartão de Crédito,Sim
3375,8,4,86,4,2025-02-25,2025-02-28,3.0,1.0,99,Confirmada,Cartão de Crédito,Não
4504,5,3,259,1,2025-10-04,2025-10-07,3.0,4.0,4,Confirmada,Cartão de Crédito,Sim
2564,1,3,246,4,2025-11-06,2025-11-08,2.0,3.0,99,Confirmada,Transferência,Não
3550,9,2,258,3,2026-01-12,2026-01-14,2.0,3.0,10,Concluída,Cartão de Débito,Sim
3328,8,3,99,2,2025-07-21,2025-07-23,2.0,2.0,99,Confirmada,Transferência,Não
2926,4,3,242,1,2025-08-12,2025-08-15,3.0,2.0,10,Confirmada,Cartão de Débito,Sim
3349,8,5,121,0,2025-01-31,2025-02-04,4.0,2.0,7,No-show,Transferência,Sim
3776,11,2,21,0,2026-01-25,2026-01-30,5.0,2.0,99,Confirmada,Transferência,Não
2516,1,1,32,3,2026-04-21,2026-04-23,2.0,3.0,99,Confirmada,Transferência,Não
2559,1,4,55,1,2026-02-03,2026-02-04,1.0,2.0,7,Confirmada,Cartão de Crédito,Sim
4196,3,2,18,0,2025-11-07,2025-11-12,5.0,1.0,3,Confirmada,PIX,Sim
2834,4,5,199,4,2026-05-04,2026-05-10,6.0,2.0,8,No-show,Cartão de Crédito,Sim
4348,5,3,102,2,2025-05-31,2025-06-04,4.0,2.0,3,Confirmada,PIX,Sim
2611,1,2,283,1,2025-01-23,2025-01-29,6.0,1.0,6,Cancelada,PIX,Sim
2816,2,2,3,1,2026-01-28,2026-01-31,3.0,2.0,10,Concluída,Cartão de Débito,Sim
3240,7,2,21,2,2025-11-24,2025-11-29,5.0,1.0,5,Cancelada,Dinheiro,Sim
3020,6,1,273,2,2026-06-07,2026-06-10,3.0,2.0,8,Confirmada,PIX,Sim
3041,6,2,178,1,2025-12-26,2025-12-31,5.0,2.0,4,Confirmada,Transferência,Sim
4015,12,3,63,1,2025-04-05,2025-04-10,5.0,2.0,6,Confirmada,Dinheiro,Sim
3892,11,3,293,3,2025-11-02,2025-11-06,4.0,4.0,8,Confirmada,Dinheiro,Sim
4205,3,2,116,0,2025-11-07,2025-11-12,5.0,1.0,3,Confirmada,Cartão de Débito,Sim
3612,9,2,243,4,2026-06-27,2026-06-30,3.0,1.0,7,Confirmada,Dinheiro,Sim
3655,10,1,220,2,2026-05-17,2026-05-18,1.0,2.0,9,Concluída,PIX,Sim
3479,9,2,66,4,2025-11-08,2025-11-10,2.0,2.0,10,Cancelada,PIX,Sim
3114,6,3,80,3,2025-06-28,2025-06-29,1.0,3.0,10,Concluída,Dinheiro,Sim
3325,8,4,264,2,2025-06-25,2025-06-27,2.0,4.0,8,Cancelada,PIX,Sim
4181,3,2,177,2,2025-11-07,2025-11-09,2.0,3.0,2,Confirmada,Dinheiro,Sim
3967,12,2,38,2,2026-04-09,2026-04-11,2.0,1.0,99,Concluída,Cartão de Crédito,Não
3925,11,2,283,4,2026-02-17,2026-02-21,4.0,1.0,7,Confirmada,Dinheiro,Sim
4003,12,4,71,4,2025-02-27,2025-03-05,6.0,4.0,7,Confirmada,PIX,Sim
2543,1,5,224,3,2025-09-30,2025-10-03,3.0,2.0,8,Confirmada,PIX,Sim
3050,6,5,103,1,2025-02-25,2025-03-01,4.0,1.0,6,Cancelada,Dinheiro,Sim
3148,7,2,206,2,2025-01-05,2025-01-06,1.0,1.0,99,Cancelada,Cartão de Crédito,Não
3286,7,2,36,2,2025-01-15,2025-01-18,3.0,4.0,8,No-show,Dinheiro,Sim
2735,2,4,116,1,2026-08-26,2026-08-30,4.0,3.0,5,Confirmada,Cartão de Débito,Sim
3659,10,4,92,2,2025-06-30,2025-07-01,1.0,1.0,9,Confirmada,PIX,Sim
2686,2,1,141,4,2026-04-09,2026-04-11,2.0,1.0,8,Confirmada,PIX,Sim
3130,6,4,293,1,2025-12-26,2025-12-27,1.0,1.0,9,Concluída,Cartão de Crédito,Sim
4438,5,1,75,1,2026-02-05,2026-02-08,3.0,4.0,2,Confirmada,Cartão de Débito,Sim
2538,1,1,28,1,2025-02-16,2025-02-20,4.0,3.0,99,Confirmada,Dinheiro,Não
3863,11,3,276,1,2025-03-17,2025-03-20,3.0,3.0,99,Confirmada,Cartão de Crédito,Não
3467,9,4,200,3,2025-08-08,2025-08-14,6.0,4.0,6,No-show,Cartão de Crédito,Sim
3115,6,5,267,3,2025-06-04,2025-06-05,1.0,1.0,99,Cancelada,Transferência,Não
4625,13,7,312,2,2025-01-24,2025-01-28,4.0,1.0,7,Confirmada,Cartão de Crédito,Sim
3807,11,3,64,3,2025-12-03,2025-12-04,1.0,3.0,7,Concluída,PIX,Sim
3149,7,2,284,1,2026-05-10,2026-05-14,4.0,4.0,99,Confirmada,PIX,Não
4287,3,3,120,4,2025-04-08,2025-04-11,3.0,3.0,3,Confirmada,Transferência,Sim
3104,6,5,174,1,2026-02-28,2026-03-05,5.0,4.0,7,Confirmada,Dinheiro,Sim
2939,4,4,186,1,2026-05-14,2026-05-17,3.0,1.0,9,Concluída,PIX,Sim
3025,6,1,280,2,2025-05-08,2025-05-10,2.0,1.0,8,No-show,Cartão de Débito,Sim
4080,12,5,28,3,2026-07-30,2026-08-01,2.0,3.0,7,Confirmada,Cartão de Débito,Sim
3099,6,2,119,1,2025-07-24,2025-07-25,1.0,3.0,7,Concluída,Cartão de Débito,Sim
4576,13,7,302,4,2026-04-16,2026-04-18,2.0,3.0,6,Confirmada,Cartão de Débito,Sim
2517,1,1,34,1,2025-11-01,2025-11-07,6.0,4.0,7,Confirmada,Dinheiro,Sim
3201,7,2,108,4,2025-08-08,2025-08-10,2.0,2.0,99,Concluída,Cartão de Débito,Não
2707,2,1,260,3,2026-07-03,2026-07-09,6.0,4.0,5,No-show,PIX,Sim
4524,13,7,239,2,2025-07-20,2025-07-25,5.0,2.0,8,Confirmada,PIX,Sim
3370,8,4,247,1,2025-02-26,2025-03-02,4.0,3.0,9,No-show,PIX,Sim
3712,10,3,252,1,2025-09-28,2025-10-02,4.0,3.0,10,Confirmada,PIX,Sim
3829,11,3,87,1,2025-10-18,2025-10-22,4.0,3.0,9,Confirmada,Transferência,Sim
2486,1,1,93,2,2025-09-26,2025-09-30,4.0,2.0,8,Confirmada,Cartão de Crédito,Sim
4633,13,8,303,1,2026-04-23,2026-04-27,4.0,1.0,7,Confirmada,Dinheiro,Sim
3279,7,3,125,2,2026-08-14,2026-08-16,2.0,2.0,7,Concluída,Cartão de Débito,Sim
3012,6,5,194,2,2025-11-28,2025-12-02,4.0,4.0,9,Concluída,PIX,Sim
4288,3,1,277,1,2025-07-08,2025-07-12,4.0,2.0,1,Concluída,PIX,Sim
4147,3,3,121,3,2025-04-01,2025-04-05,4.0,2.0,3,Confirmada,Dinheiro,Sim
3778,11,5,96,2,2025-03-05,2025-03-08,3.0,4.0,5,Confirmada,Dinheiro,Sim
4236,3,3,209,4,2025-11-07,2025-11-08,1.0,3.0,2,Confirmada,Cartão de Crédito,Sim
2863,4,2,267,0,2025-03-13,2025-03-17,4.0,4.0,8,Cancelada,Transferência,Sim
3462,9,1,104,1,2026-08-18,2026-08-19,1.0,1.0,9,Cancelada,Cartão de Crédito,Sim
4639,13,8,315,1,2025-03-19,2025-03-23,4.0,3.0,7,Cancelada,Transferência,Sim
3135,6,3,64,4,2025-08-13,2025-08-15,2.0,1.0,99,Concluída,Cartão de Débito,Não
3092,6,1,293,2,2025-04-26,2025-04-30,4.0,2.0,99,Concluída,Cartão de Débito,Não
4218,3,2,116,1,2025-11-07,2025-11-10,3.0,3.0,4,Confirmada,Cartão de Crédito,Sim
4049,12,1,128,1,2025-07-03,2025-07-06,3.0,2.0,99,Concluída,PIX,Não
4001,12,5,63,1,2025-08-18,2025-08-19,1.0,1.0,9,Confirmada,Cartão de Débito,Sim
3831,11,3,30,4,2026-04-06,2026-04-08,2.0,1.0,8,Confirmada,Cartão de Débito,Sim
2881,4,3,57,1,2026-07-24,2026-07-31,7.0,2.0,7,Confirmada,PIX,Sim
2929,4,2,170,2,2025-01-14,2025-01-18,4.0,4.0,9,Confirmada,Cartão de Débito,Sim
4272,3,2,164,3,2025-09-29,2025-10-01,2.0,2.0,2,No-show,Dinheiro,Sim
3894,11,3,278,1,2025-05-20,2025-05-24,4.0,3.0,99,Confirmada,Cartão de Débito,Não
3822,11,5,203,2,2026-05-31,2026-06-03,3.0,2.0,99,Confirmada,Cartão de Crédito,Não
3176,7,1,217,1,2025-03-24,2025-03-25,1.0,1.0,99,Confirmada,Cartão de Débito,Não
3042,6,4,170,3,2026-05-19,2026-05-21,2.0,3.0,99,Concluída,Transferência,Não
2551,1,2,256,2,2025-08-08,2025-08-12,4.0,1.0,99,No-show,Cartão de Crédito,Não
3263,7,3,27,2,2026-03-16,2026-03-17,1.0,3.0,7,Confirmada,Transferência,Sim
2952,4,4,129,2,2025-02-19,2025-02-21,2.0,2.0,10,Confirmada,Dinheiro,Sim
4648,13,8,317,1,2026-06-15,2026-06-18,3.0,4.0,5,Confirmada,Cartão de Crédito,Sim
3631,10,2,225,4,2025-11-08,2025-11-13,5.0,1.0,10,Cancelada,Cartão de Débito,Sim
3151,7,3,25,3,2026-05-31,2026-06-03,3.0,1.0,7,Cancelada,Cartão de Crédito,Sim
3524,9,5,222,3,2026-08-09,2026-08-10,1.0,2.0,10,Confirmada,Transferência,Sim
4208,3,1,258,2,2025-11-07,2025-11-08,1.0,3.0,1,Confirmada,Dinheiro,Sim
4105,12,3,80,1,2026-06-23,2026-06-24,1.0,2.0,7,Confirmada,Dinheiro,Sim
3538,9,5,134,3,2026-01-05,2026-01-09,4.0,2.0,7,Confirmada,Dinheiro,Sim
3299,8,3,140,2,2025-07-29,2025-07-31,2.0,3.0,8,Confirmada,Dinheiro,Sim
3180,7,5,194,3,2025-06-18,2025-06-22,4.0,2.0,9,Concluída,Cartão de Crédito,Sim
2702,2,4,179,1,2025-10-25,2025-10-27,2.0,1.0,9,Confirmada,PIX,Sim
4388,5,1,230,1,2026-02-05,2026-02-07,2.0,2.0,3,Confirmada,PIX,Sim
3038,6,1,32,4,2025-03-02,2025-03-05,3.0,2.0,8,Confirmada,Dinheiro,Sim
3257,7,5,140,3,2026-08-06,2026-08-10,4.0,3.0,7,Confirmada,PIX,Sim
3177,7,3,35,4,2026-07-09,2026-07-13,4.0,1.0,6,Confirmada,Dinheiro,Sim
3689,10,5,289,2,2025-09-28,2025-10-03,5.0,4.0,10,Concluída,Dinheiro,Sim
4600,13,6,249,2,2026-04-16,2026-04-17,1.0,2.0,99,Confirmada,PIX,Não
3599,9,3,157,3,2026-02-24,2026-02-26,2.0,1.0,7,Concluída,Transferência,Sim
4248,3,3,226,3,2026-05-31,2026-06-02,2.0,3.0,1,No-show,Cartão de Débito,Sim
3648,10,4,111,3,2025-02-04,2025-02-06,2.0,3.0,8,Cancelada,PIX,Sim
4128,3,2,25,4,2025-04-01,2025-04-02,1.0,4.0,2,Confirmada,Transferência,Sim
2770,2,2,268,2,2025-06-02,2025-06-04,2.0,1.0,8,Confirmada,Transferência,Sim
2471,1,5,188,2,2025-09-25,2025-09-26,1.0,3.0,9,Concluída,PIX,Sim
4329,5,2,123,3,2025-05-31,2025-06-06,6.0,4.0,4,Confirmada,Dinheiro,Sim
4510,5,3,59,1,2026-07-31,2026-08-01,1.0,3.0,1,No-show,Cartão de Débito,Sim
3789,11,1,283,4,2026-01-19,2026-01-20,1.0,4.0,99,Concluída,Transferência,Não
3716,10,3,141,2,2025-11-12,2025-11-17,5.0,2.0,7,Confirmada,Cartão de Crédito,Sim
3629,10,5,72,2,2026-04-30,2026-05-01,1.0,3.0,5,Confirmada,Cartão de Débito,Sim
3048,6,3,100,1,2026-06-09,2026-06-10,1.0,1.0,10,No-show,Transferência,Sim
2589,1,3,121,2,2025-06-13,2025-06-17,4.0,3.0,10,Concluída,Cartão de Débito,Sim
4265,3,3,75,4,2025-08-11,2025-08-14,3.0,1.0,2,Cancelada,Dinheiro,Sim
3146,7,1,118,2,2026-08-21,2026-08-22,1.0,1.0,7,Concluída,Cartão de Crédito,Sim
3083,6,3,74,4,2025-04-23,2025-04-28,5.0,3.0,6,Concluída,Transferência,Sim
3990,12,3,199,1,2025-08-20,2025-08-25,5.0,1.0,8,No-show,Cartão de Crédito,Sim
3102,6,3,282,4,2026-05-05,2026-05-06,1.0,4.0,10,Confirmada,Dinheiro,Sim
2984,4,1,267,4,2026-08-17,2026-08-18,1.0,2.0,8,Cancelada,Cartão de Débito,Sim
2585,1,2,109,2,2025-07-26,2025-07-31,5.0,3.0,7,Concluída,Dinheiro,Sim
4552,13,7,302,4,2025-07-20,2025-07-23,3.0,4.0,6,Confirmada,PIX,Sim
4411,5,2,1,4,2026-02-05,2026-02-09,4.0,1.0,1,Confirmada,PIX,Sim
2708,2,1,28,4,2025-01-16,2025-01-20,4.0,2.0,7,Confirmada,Cartão de Crédito,Sim
3053,6,1,75,3,2025-03-05,2025-03-06,1.0,4.0,8,Cancelada,Cartão de Débito,Sim
2745,2,2,113,1,2026-02-16,2026-02-20,4.0,4.0,10,Confirmada,Cartão de Crédito,Sim
2620,1,4,6,1,2025-02-13,2025-02-16,3.0,1.0,99,Confirmada,Dinheiro,Não
3876,11,5,283,2,2026-02-08,2026-02-13,5.0,1.0,8,Confirmada,PIX,Sim
4314,3,3,148,3,2025-09-25,2025-09-30,5.0,1.0,1,Confirmada,Cartão de Crédito,Sim
2555,1,3,53,2,2025-07-13,2025-07-20,7.0,4.0,5,Confirmada,Cartão de Crédito,Sim
2810,2,3,9,3,2026-08-02,2026-08-04,2.0,1.0,10,Confirmada,Cartão de Crédito,Sim
4095,12,1,5,4,2026-07-20,2026-07-26,6.0,1.0,8,No-show,Cartão de Débito,Sim
3131,6,5,61,2,2026-03-08,2026-03-10,2.0,2.0,6,Confirmada,Dinheiro,Sim
3113,6,5,282,4,2026-01-02,2026-01-05,3.0,2.0,8,Concluída,PIX,Sim
3761,10,4,152,3,2025-06-03,2025-06-05,2.0,1.0,99,Concluída,Transferência,Não
2788,2,2,202,1,2025-03-29,2025-04-04,6.0,1.0,99,Concluída,Cartão de Débito,Não
3338,8,5,79,4,2025-09-27,2025-09-29,2.0,2.0,9,Concluída,Transferência,Sim
2682,2,4,282,3,2025-11-29,2025-12-01,2.0,4.0,7,Cancelada,PIX,Sim
3683,10,2,9,2,2025-06-16,2025-06-17,1.0,4.0,9,Confirmada,Cartão de Débito,Sim
3979,12,1,46,3,2025-01-05,2025-01-07,2.0,4.0,8,Confirmada,Cartão de Débito,Sim
3709,10,3,23,2,2026-06-13,2026-06-17,4.0,1.0,7,Concluída,Cartão de Débito,Sim
3163,7,5,13,3,2025-12-24,2025-12-25,1.0,1.0,8,Confirmada,PIX,Sim
2569,1,1,11,1,2026-01-05,2026-01-08,3.0,3.0,6,Confirmada,Dinheiro,Sim
2807,2,2,239,0,2026-02-06,2026-02-09,3.0,4.0,9,Concluída,Transferência,Sim
4396,5,2,78,1,2026-02-05,2026-02-06,1.0,3.0,3,Confirmada,Transferência,Sim
2912,4,4,231,0,2025-02-23,2025-02-28,5.0,2.0,8,Confirmada,PIX,Sim
4235,3,1,280,4,2025-11-07,2025-11-10,3.0,2.0,99,Confirmada,Cartão de Débito,Não
2763,2,1,123,2,2026-06-22,2026-06-25,3.0,1.0,9,Confirmada,Cartão de Crédito,Sim
4045,12,2,298,1,2025-11-23,2025-11-25,2.0,2.0,8,Concluída,Transferência,Sim
2864,4,5,14,2,2025-12-13,2025-12-15,2.0,1.0,9,Concluída,Transferência,Sim
3502,9,4,59,3,2026-06-01,2026-06-06,5.0,1.0,6,Confirmada,PIX,Sim
2527,1,1,294,3,2026-02-11,2026-02-15,4.0,3.0,99,Confirmada,PIX,Não
4439,5,1,66,1,2026-02-05,2026-02-07,2.0,2.0,1,Confirmada,PIX,Sim
4108,12,2,205,1,2025-11-30,2025-12-03,3.0,3.0,10,Confirmada,Dinheiro,Sim
2789,2,2,123,2,2026-02-21,2026-02-24,3.0,3.0,6,Cancelada,Dinheiro,Sim
3450,8,5,126,3,2025-02-26,2025-02-28,2.0,3.0,6,Concluída,Cartão de Débito,Sim
3542,9,3,47,2,2025-09-15,2025-09-19,4.0,4.0,7,Confirmada,Dinheiro,Sim
3941,12,3,178,4,2026-08-24,2026-08-28,4.0,2.0,7,Confirmada,Cartão de Crédito,Sim
2982,4,4,96,4,2026-03-10,2026-03-14,4.0,2.0,7,Confirmada,Dinheiro,Sim
4489,5,2,32,4,2025-03-13,2025-03-15,2.0,4.0,3,Confirmada,Cartão de Crédito,Sim
3384,8,1,42,2,2025-09-12,2025-09-15,3.0,3.0,9,Concluída,Cartão de Débito,Sim
3374,8,4,102,1,2025-04-17,2025-04-20,3.0,3.0,8,Confirmada,Dinheiro,Sim
4191,3,2,47,1,2025-11-07,2025-11-08,1.0,3.0,2,Confirmada,Transferência,Sim
3762,10,5,188,4,2025-01-15,2025-01-17,2.0,3.0,99,No-show,Dinheiro,Não
2771,2,2,138,4,2025-08-17,2025-08-18,1.0,1.0,10,Cancelada,PIX,Sim
4077,12,3,294,2,2025-02-24,2025-02-25,1.0,3.0,99,Confirmada,Cartão de Débito,Não
4395,5,2,257,1,2026-02-05,2026-02-09,4.0,1.0,3,Confirmada,Cartão de Crédito,Sim
3939,12,4,253,2,2025-09-07,2025-09-08,1.0,3.0,8,Confirmada,Dinheiro,Sim
3464,9,1,14,3,2025-12-30,2026-01-02,3.0,4.0,6,Concluída,Cartão de Crédito,Sim
3614,9,3,207,3,2026-08-29,2026-09-01,3.0,3.0,7,Concluída,Cartão de Débito,Sim
4530,13,8,23,3,2025-07-20,2025-07-22,2.0,3.0,5,Confirmada,Cartão de Crédito,Sim
2756,2,3,231,2,2026-06-07,2026-06-13,6.0,4.0,8,Concluída,Transferência,Sim
3936,12,5,149,1,2025-07-04,2025-07-06,2.0,2.0,6,Confirmada,Cartão de Crédito,Sim
3791,11,1,282,1,2025-07-09,2025-07-11,2.0,1.0,8,Confirmada,Cartão de Crédito,Sim
3154,7,2,271,1,2025-10-12,2025-10-13,1.0,1.0,7,Cancelada,Cartão de Crédito,Sim
3914,11,2,300,2,2025-11-01,2025-11-03,2.0,1.0,8,Confirmada,Cartão de Crédito,Sim
3728,10,1,245,4,2025-12-02,2025-12-05,3.0,1.0,99,Confirmada,Cartão de Crédito,Não
4134,3,3,216,1,2025-04-01,2025-04-04,3.0,1.0,1,Confirmada,Cartão de Débito,Sim
4199,3,2,213,1,2025-11-07,2025-11-10,3.0,1.0,4,Confirmada,Cartão de Crédito,Sim
3537,9,5,271,4,2025-05-20,2025-05-23,3.0,1.0,5,No-show,Cartão de Crédito,Sim
3903,11,1,188,1,2026-04-05,2026-04-06,1.0,1.0,6,Concluída,Cartão de Débito,Sim
3362,8,2,138,4,2026-07-19,2026-07-20,1.0,2.0,7,Cancelada,Cartão de Débito,Sim
3101,6,3,111,3,2026-08-05,2026-08-07,2.0,4.0,6,Cancelada,PIX,Sim
3167,7,4,181,4,2025-07-24,2025-07-31,7.0,3.0,7,Confirmada,Cartão de Crédito,Sim
3123,6,4,67,3,2025-06-11,2025-06-14,3.0,4.0,10,Concluída,Cartão de Crédito,Sim
2869,4,3,142,3,2025-04-07,2025-04-09,2.0,4.0,9,Cancelada,Transferência,Sim
3906,11,4,120,0,2026-03-23,2026-03-26,3.0,3.0,8,Confirmada,Dinheiro,Sim
4339,5,3,36,2,2025-05-31,2025-06-01,1.0,3.0,3,Confirmada,PIX,Sim
4142,3,2,258,2,2025-04-01,2025-04-03,2.0,4.0,1,Confirmada,PIX,Sim
3927,11,2,164,2,2025-01-20,2025-01-23,3.0,4.0,7,Confirmada,Cartão de Crédito,Sim
3128,6,1,185,1,2025-10-24,2025-10-29,5.0,4.0,10,Confirmada,PIX,Sim
3995,12,1,60,3,2026-01-28,2026-02-01,4.0,1.0,10,Confirmada,Dinheiro,Sim
4465,5,1,173,3,2025-07-25,2025-07-29,4.0,1.0,2,Confirmada,Transferência,Sim
3840,11,2,272,4,2025-12-01,2025-12-05,4.0,2.0,9,Confirmada,Transferência,Sim
3725,10,2,299,1,2026-08-28,2026-09-01,4.0,4.0,8,Cancelada,Transferência,Sim
4214,3,1,48,4,2025-11-07,2025-11-08,1.0,4.0,1,Confirmada,PIX,Sim
4130,3,2,31,1,2025-04-01,2025-04-02,1.0,1.0,2,Confirmada,PIX,Sim
3234,7,1,115,1,2025-07-08,2025-07-10,2.0,4.0,5,Confirmada,Transferência,Sim
2958,4,5,215,4,2025-05-20,2025-05-23,3.0,1.0,9,Confirmada,PIX,Sim
2823,4,3,85,2,2025-09-24,2025-09-26,2.0,2.0,9,Cancelada,Cartão de Crédito,Sim
4224,3,2,226,2,2025-11-07,2025-11-11,4.0,1.0,2,Confirmada,Dinheiro,Sim
3499,9,2,47,2,2026-05-02,2026-05-05,3.0,2.0,7,Confirmada,Transferência,Sim
3316,8,5,124,4,2026-01-12,2026-01-14,2.0,3.0,7,Confirmada,Transferência,Sim
3200,7,5,95,2,2026-01-12,2026-01-18,6.0,3.0,7,Concluída,Cartão de Débito,Sim
4060,12,3,37,2,2025-02-05,2025-02-09,4.0,3.0,6,Concluída,Transferência,Sim
2809,2,4,226,4,2025-11-27,2025-12-02,5.0,1.0,9,Confirmada,Transferência,Sim
2851,4,4,6,3,2025-07-10,2025-07-14,4.0,2.0,99,Concluída,Cartão de Débito,Não
3268,7,3,277,2,2025-09-19,2025-09-20,1.0,4.0,99,Confirmada,Dinheiro,Não
3376,8,3,77,1,2026-07-19,2026-07-23,4.0,2.0,8,Confirmada,Cartão de Débito,Sim
4572,13,7,89,3,2026-04-16,2026-04-19,3.0,2.0,9,Confirmada,Transferência,Sim
3188,7,4,86,1,2026-07-11,2026-07-13,2.0,4.0,7,Confirmada,PIX,Sim
3278,7,5,262,1,2025-06-05,2025-06-07,2.0,2.0,6,Confirmada,Dinheiro,Sim
3326,8,4,284,2,2025-12-06,2025-12-10,4.0,1.0,99,Confirmada,Cartão de Débito,Não
3000,6,5,42,1,2026-08-12,2026-08-15,3.0,4.0,9,Confirmada,Cartão de Débito,Sim
3826,11,1,104,1,2025-06-09,2025-06-14,5.0,1.0,7,Confirmada,Cartão de Crédito,Sim
2983,4,4,276,2,2026-05-22,2026-05-26,4.0,3.0,9,Confirmada,Dinheiro,Sim
4053,12,5,167,1,2025-05-09,2025-05-10,1.0,2.0,7,Concluída,Cartão de Débito,Sim
4271,3,3,260,1,2025-03-22,2025-03-26,4.0,3.0,2,Concluída,Transferência,Sim
3108,6,2,137,3,2025-06-30,2025-07-02,2.0,1.0,7,Confirmada,Cartão de Débito,Sim
4444,5,3,26,1,2026-03-23,2026-03-26,3.0,2.0,1,Confirmada,Dinheiro,Sim
3886,11,3,18,1,2025-08-10,2025-08-14,4.0,2.0,8,Confirmada,Cartão de Crédito,Sim
3419,8,1,165,3,2025-06-15,2025-06-19,4.0,1.0,7,Confirmada,Transferência,Sim
4587,13,7,319,2,2026-04-16,2026-04-17,1.0,3.0,5,Confirmada,Transferência,Sim
4514,5,1,237,4,2025-12-27,2026-01-02,6.0,4.0,99,Cancelada,PIX,Não
3634,10,1,59,2,2026-05-05,2026-05-10,5.0,4.0,99,Concluída,PIX,Não
4567,13,7,302,1,2026-04-16,2026-04-17,1.0,4.0,7,Confirmada,Dinheiro,Sim
2799,2,3,222,2,2025-08-13,2025-08-15,2.0,4.0,4,Confirmada,Cartão de Débito,Sim
2978,4,1,75,4,2026-08-12,2026-08-15,3.0,3.0,6,Confirmada,Dinheiro,Sim
3164,7,2,26,2,2026-08-01,2026-08-04,3.0,3.0,8,Concluída,Transferência,Sim
4206,3,3,264,2,2025-11-07,2025-11-10,3.0,2.0,3,Confirmada,PIX,Sim
2775,2,4,254,3,2026-01-04,2026-01-06,2.0,2.0,6,Confirmada,Cartão de Crédito,Sim
4492,5,2,37,1,2025-09-01,2025-09-06,5.0,4.0,1,Confirmada,Cartão de Crédito,Sim
3737,10,5,51,4,2025-01-03,2025-01-08,5.0,2.0,9,Confirmada,Cartão de Crédito,Sim
2858,4,3,59,3,2025-05-21,2025-05-25,4.0,3.0,8,Confirmada,Transferência,Sim
2626,1,3,284,2,2026-03-09,2026-03-10,1.0,3.0,8,Confirmada,PIX,Sim
3052,6,5,43,4,2026-05-09,2026-05-11,2.0,1.0,9,Cancelada,Transferência,Sim
2963,4,5,52,3,2025-11-25,2025-11-26,1.0,4.0,7,Confirmada,PIX,Sim
3660,10,1,49,1,2026-06-11,2026-06-16,5.0,3.0,8,Concluída,Cartão de Débito,Sim
3441,8,4,102,3,2025-08-25,2025-08-30,5.0,4.0,9,Confirmada,Transferência,Sim
4344,5,1,173,3,2025-05-31,2025-06-01,1.0,2.0,1,Confirmada,Cartão de Crédito,Sim
3399,8,1,84,1,2026-03-06,2026-03-10,4.0,4.0,9,Confirmada,Dinheiro,Sim
3798,11,4,12,3,2025-07-30,2025-08-03,4.0,4.0,9,Cancelada,Cartão de Débito,Sim
3233,7,1,105,4,2025-01-25,2025-01-26,1.0,1.0,8,Cancelada,Cartão de Débito,Sim
3604,9,5,276,4,2025-06-08,2025-06-11,3.0,2.0,8,Cancelada,Cartão de Crédito,Sim
2777,2,5,105,2,2025-10-27,2025-10-30,3.0,2.0,9,Cancelada,Cartão de Débito,Sim
4490,5,2,54,3,2025-10-15,2025-10-20,5.0,3.0,3,Cancelada,Cartão de Crédito,Sim
3783,11,5,67,3,2026-03-19,2026-03-21,2.0,2.0,8,Confirmada,PIX,Sim
2813,2,1,238,2,2025-06-22,2025-06-27,5.0,3.0,10,No-show,Dinheiro,Sim
3173,7,1,169,4,2026-04-10,2026-04-16,6.0,2.0,9,Confirmada,Cartão de Crédito,Sim
3835,11,2,181,3,2025-02-09,2025-02-12,3.0,4.0,10,Cancelada,Dinheiro,Sim
3846,11,5,240,4,2025-11-19,2025-11-24,5.0,4.0,99,No-show,Transferência,Não
3993,12,1,244,3,2025-12-24,2025-12-29,5.0,1.0,7,Confirmada,Cartão de Débito,Sim
3137,6,2,210,0,2025-12-27,2025-12-30,3.0,4.0,6,Concluída,PIX,Sim
3923,11,3,114,0,2025-05-25,2025-05-27,2.0,1.0,9,Concluída,Cartão de Crédito,Sim
4506,5,2,215,2,2026-02-21,2026-02-23,2.0,2.0,1,Concluída,Cartão de Débito,Sim
3622,10,2,80,2,2025-06-22,2025-06-23,1.0,2.0,9,Confirmada,Cartão de Crédito,Sim
4194,3,1,147,4,2025-11-07,2025-11-12,5.0,2.0,2,Confirmada,Transferência,Sim
4647,13,8,249,2,2025-07-23,2025-07-24,1.0,4.0,6,Confirmada,Cartão de Crédito,Sim
3680,10,5,219,1,2026-06-26,2026-06-30,4.0,4.0,8,Cancelada,Cartão de Débito,Sim
3924,11,1,186,3,2026-01-16,2026-01-21,5.0,4.0,8,Cancelada,Cartão de Débito,Sim
4256,3,2,88,2,2026-06-15,2026-06-18,3.0,2.0,99,Confirmada,Cartão de Crédito,Não
3095,6,2,113,4,2025-05-29,2025-06-03,5.0,2.0,99,Confirmada,Cartão de Crédito,Não
4531,13,7,11,1,2025-07-20,2025-07-27,7.0,3.0,5,Confirmada,Cartão de Débito,Sim
4160,3,1,222,1,2025-04-01,2025-04-04,3.0,2.0,1,Confirmada,Cartão de Débito,Sim
3203,7,4,110,0,2026-05-05,2026-05-06,1.0,3.0,9,No-show,Cartão de Crédito,Sim
2651,2,3,30,4,2025-05-21,2025-05-25,4.0,1.0,99,No-show,Cartão de Débito,Não
3938,12,5,134,2,2025-12-21,2025-12-23,2.0,1.0,99,Confirmada,Dinheiro,Não
4480,5,2,126,3,2025-01-16,2025-01-18,2.0,3.0,2,Concluída,Dinheiro,Sim
4143,3,3,210,0,2025-04-01,2025-04-02,1.0,1.0,1,Confirmada,Cartão de Débito,Sim
3808,11,3,128,0,2026-06-29,2026-07-01,2.0,2.0,8,Concluída,Cartão de Crédito,Sim
2999,6,2,124,2,2025-06-23,2025-06-25,2.0,3.0,6,Confirmada,Cartão de Crédito,Sim
2995,4,1,259,3,2025-05-31,2025-06-04,4.0,1.0,6,Confirmada,Dinheiro,Sim
4547,13,6,206,4,2025-07-20,2025-07-21,1.0,2.0,7,Confirmada,Cartão de Débito,Sim
2476,1,5,72,4,2025-04-16,2025-04-22,6.0,2.0,10,Confirmada,Cartão de Débito,Sim
3103,6,3,216,2,2025-12-14,2025-12-17,3.0,3.0,10,Confirmada,Dinheiro,Sim
2892,4,5,80,2,2025-04-15,2025-04-17,2.0,3.0,7,Confirmada,Dinheiro,Sim
3301,8,4,227,1,2026-07-26,2026-07-31,5.0,3.0,7,Confirmada,Cartão de Crédito,Sim
2903,4,3,296,4,2025-09-11,2025-09-15,4.0,1.0,8,Confirmada,Cartão de Débito,Sim
4292,3,3,180,1,2026-04-27,2026-04-30,3.0,1.0,5,Concluída,Dinheiro,Sim
4072,12,2,79,4,2026-02-25,2026-02-26,1.0,2.0,6,Confirmada,Dinheiro,Sim
3792,11,2,226,1,2025-10-02,2025-10-07,5.0,2.0,99,Concluída,Dinheiro,Não
2897,4,4,231,4,2026-06-21,2026-06-26,5.0,1.0,9,Confirmada,PIX,Sim
3182,7,1,189,2,2025-11-02,2025-11-04,2.0,4.0,8,Confirmada,Cartão de Débito,Sim
3506,9,2,197,4,2025-09-11,2025-09-15,4.0,2.0,9,Confirmada,Cartão de Débito,Sim
3250,7,4,185,4,2026-07-06,2026-07-10,4.0,1.0,6,Cancelada,PIX,Sim
3845,11,1,29,1,2026-01-30,2026-01-31,1.0,2.0,9,Concluída,Cartão de Débito,Sim
3244,7,2,300,4,2025-09-13,2025-09-17,4.0,1.0,8,Concluída,Dinheiro,Sim
3284,7,3,21,3,2025-08-22,2025-08-23,1.0,1.0,7,Concluída,Dinheiro,Sim
4519,5,3,212,4,2025-12-01,2025-12-05,4.0,4.0,1,Concluída,Dinheiro,Sim
4551,13,6,171,4,2025-07-20,2025-07-21,1.0,3.0,7,Confirmada,Cartão de Débito,Sim
4008,12,3,49,1,2026-04-04,2026-04-08,4.0,4.0,6,Confirmada,Transferência,Sim
4044,12,3,294,2,2025-06-23,2025-06-27,4.0,3.0,8,Confirmada,Transferência,Sim
3933,12,5,297,2,2025-04-08,2025-04-11,3.0,2.0,7,Concluída,PIX,Sim
4071,12,2,31,2,2025-09-30,2025-10-04,4.0,1.0,8,Confirmada,Dinheiro,Sim
2767,2,4,13,0,2025-03-09,2025-03-12,3.0,2.0,9,Confirmada,PIX,Sim
2944,4,1,253,4,2026-08-26,2026-08-30,4.0,4.0,7,Confirmada,PIX,Sim
4225,3,1,280,0,2025-11-07,2025-11-11,4.0,4.0,1,Confirmada,Transferência,Sim
3335,8,5,10,2,2025-11-14,2025-11-19,5.0,1.0,8,Confirmada,Transferência,Sim
3701,10,2,295,3,2025-01-11,2025-01-15,4.0,2.0,8,Confirmada,PIX,Sim
3150,7,3,108,3,2025-06-23,2025-06-27,4.0,1.0,6,Confirmada,Dinheiro,Sim
2948,4,1,216,4,2026-08-26,2026-08-28,2.0,1.0,9,Confirmada,PIX,Sim
4098,12,1,169,2,2025-07-11,2025-07-13,2.0,1.0,8,Cancelada,Transferência,Sim
3016,6,2,135,3,2025-03-21,2025-03-26,5.0,1.0,6,Cancelada,PIX,Sim
2506,1,4,229,4,2026-01-29,2026-02-03,5.0,1.0,7,Confirmada,Dinheiro,Sim
2865,4,2,226,3,2025-03-31,2025-04-04,4.0,1.0,9,Confirmada,Cartão de Débito,Sim
3743,10,5,141,3,2025-06-10,2025-06-13,3.0,2.0,8,Confirmada,Cartão de Débito,Sim
3070,6,4,106,3,2025-10-31,2025-11-04,4.0,3.0,9,Confirmada,PIX,Sim
4086,12,1,280,4,2025-03-23,2025-03-24,1.0,4.0,9,Confirmada,Transferência,Sim
4628,13,7,306,4,2026-03-03,2026-03-06,3.0,1.0,7,Confirmada,Transferência,Sim
3018,6,5,123,1,2025-02-03,2025-02-04,1.0,3.0,8,Confirmada,Cartão de Crédito,Sim
4358,5,1,103,3,2025-05-31,2025-06-05,5.0,4.0,99,Confirmada,PIX,Não
4632,13,7,318,4,2026-01-08,2026-01-13,5.0,2.0,7,Confirmada,Cartão de Débito,Sim
3677,10,5,181,2,2025-10-03,2025-10-05,2.0,2.0,9,Concluída,Dinheiro,Sim
3330,8,2,125,4,2026-02-25,2026-03-02,5.0,4.0,5,Confirmada,Transferência,Sim
3519,9,1,191,4,2026-04-02,2026-04-03,1.0,1.0,9,Confirmada,PIX,Sim
2488,1,2,72,4,2025-12-17,2025-12-18,1.0,2.0,8,Concluída,Cartão de Débito,Sim
4577,13,7,320,1,2026-04-16,2026-04-18,2.0,2.0,8,Confirmada,Transferência,Sim
4101,12,3,214,2,2026-03-13,2026-03-19,6.0,3.0,99,Confirmada,Cartão de Débito,Não
3909,11,3,212,4,2025-10-22,2025-10-25,3.0,2.0,9,Cancelada,Cartão de Crédito,Sim
3011,6,2,199,3,2025-03-12,2025-03-17,5.0,1.0,9,Confirmada,Cartão de Crédito,Sim
3221,7,2,212,1,2026-07-11,2026-07-14,3.0,4.0,8,Confirmada,Cartão de Crédito,Sim
4277,3,1,158,2,2026-02-11,2026-02-15,4.0,4.0,99,Concluída,PIX,Não
4070,12,4,226,2,2025-01-31,2025-02-02,2.0,4.0,7,Confirmada,Dinheiro,Sim
3654,10,3,176,1,2026-05-24,2026-05-28,4.0,2.0,5,Concluída,Cartão de Crédito,Sim
3949,12,2,161,1,2026-02-03,2026-02-06,3.0,3.0,6,Confirmada,Cartão de Crédito,Sim
3232,7,4,133,3,2026-08-08,2026-08-11,3.0,4.0,9,Confirmada,Transferência,Sim
3566,9,5,270,1,2025-04-08,2025-04-10,2.0,4.0,99,Confirmada,Transferência,Não
2587,1,2,134,3,2026-08-04,2026-08-08,4.0,2.0,10,Confirmada,Cartão de Crédito,Sim
3093,6,2,47,3,2025-05-16,2025-05-18,2.0,3.0,8,No-show,Transferência,Sim
3013,6,2,121,1,2025-04-18,2025-04-21,3.0,4.0,6,Confirmada,PIX,Sim
3306,8,4,177,3,2025-11-26,2025-11-30,4.0,4.0,4,Confirmada,PIX,Sim
3905,11,3,41,2,2026-02-03,2026-02-06,3.0,2.0,99,No-show,Cartão de Crédito,Não
3620,10,5,63,1,2026-06-11,2026-06-12,1.0,2.0,8,Confirmada,PIX,Sim
2913,4,3,215,3,2025-03-10,2025-03-14,4.0,4.0,7,Confirmada,Dinheiro,Sim
2621,1,3,273,2,2026-08-04,2026-08-09,5.0,1.0,99,Confirmada,Dinheiro,Não
2489,1,5,125,0,2025-10-16,2025-10-22,6.0,3.0,7,Confirmada,PIX,Sim
4233,3,3,76,1,2025-11-07,2025-11-09,2.0,4.0,3,Confirmada,Cartão de Débito,Sim
4343,5,1,118,3,2025-05-31,2025-06-02,2.0,2.0,99,Confirmada,Cartão de Crédito,Não
3841,11,4,22,2,2026-03-01,2026-03-06,5.0,2.0,8,Concluída,Transferência,Sim
3738,10,4,24,3,2026-01-11,2026-01-14,3.0,4.0,9,No-show,Transferência,Sim
3877,11,5,57,1,2025-01-28,2025-01-29,1.0,1.0,8,Cancelada,Cartão de Crédito,Sim
4351,5,3,56,1,2025-05-31,2025-06-02,2.0,2.0,3,Confirmada,Cartão de Débito,Sim
2500,1,1,185,4,2026-08-27,2026-08-29,2.0,3.0,7,Cancelada,Transferência,Sim
3900,11,3,168,3,2026-06-23,2026-06-28,5.0,4.0,10,Cancelada,Cartão de Crédito,Sim
3343,8,5,178,1,2026-05-10,2026-05-12,2.0,1.0,8,Confirmada,Cartão de Crédito,Sim
4215,3,2,37,1,2025-11-07,2025-11-12,5.0,1.0,2,Confirmada,Cartão de Crédito,Sim
4593,13,7,301,3,2026-04-16,2026-04-21,5.0,3.0,9,Confirmada,Cartão de Débito,Sim
3757,10,1,234,4,2025-07-30,2025-07-31,1.0,1.0,9,Confirmada,Cartão de Crédito,Sim
4387,5,1,254,1,2026-02-05,2026-02-10,5.0,4.0,99,Confirmada,Cartão de Débito,Não
2739,2,3,242,4,2025-06-07,2025-06-15,8.0,3.0,99,Cancelada,Cartão de Débito,Não
3651,10,5,14,2,2025-02-26,2025-03-02,4.0,2.0,99,Confirmada,Cartão de Débito,Não
3391,8,1,74,1,2025-03-12,2025-03-14,2.0,1.0,6,Confirmada,PIX,Sim
3417,8,1,8,0,2026-06-06,2026-06-08,2.0,1.0,7,No-show,Cartão de Crédito,Sim
4151,3,3,107,4,2025-04-01,2025-04-02,1.0,1.0,3,Confirmada,Transferência,Sim
4207,3,3,82,1,2025-11-07,2025-11-11,4.0,2.0,4,Confirmada,Cartão de Débito,Sim
3486,9,1,154,3,2026-07-09,2026-07-13,4.0,1.0,10,Cancelada,Transferência,Sim
3904,11,4,212,1,2025-12-28,2025-12-30,2.0,4.0,7,Confirmada,Dinheiro,Sim
2628,1,5,105,2,2026-05-03,2026-05-04,1.0,3.0,6,Confirmada,Cartão de Débito,Sim
4614,13,8,161,1,2025-01-20,2025-01-21,1.0,3.0,99,No-show,Dinheiro,Não
3635,10,5,268,1,2026-06-17,2026-06-20,3.0,1.0,8,Concluída,Dinheiro,Sim
4055,12,3,106,4,2026-06-30,2026-07-01,1.0,1.0,8,No-show,Cartão de Débito,Sim
4140,3,3,158,2,2025-04-01,2025-04-02,1.0,4.0,1,Confirmada,Dinheiro,Sim
3525,9,1,141,3,2025-08-13,2025-08-18,5.0,2.0,9,Confirmada,PIX,Sim
3454,8,4,268,4,2025-12-27,2025-12-30,3.0,1.0,8,Confirmada,PIX,Sim
2664,2,2,124,1,2025-04-12,2025-04-15,3.0,1.0,9,Cancelada,Cartão de Débito,Sim
2696,2,1,161,1,2026-07-24,2026-07-28,4.0,3.0,7,Confirmada,Cartão de Débito,Sim
2859,4,2,235,2,2025-08-27,2025-08-30,3.0,1.0,7,Confirmada,Dinheiro,Sim
3633,10,3,11,1,2025-12-02,2025-12-03,1.0,1.0,8,Cancelada,Cartão de Débito,Sim
3805,11,3,257,3,2025-01-28,2025-01-30,2.0,4.0,9,Confirmada,Cartão de Crédito,Sim
3054,6,1,7,2,2025-08-10,2025-08-12,2.0,2.0,99,Cancelada,Dinheiro,Não
3125,6,1,35,0,2025-06-05,2025-06-06,1.0,3.0,6,Confirmada,Cartão de Débito,Sim
2970,4,2,114,0,2025-08-15,2025-08-18,3.0,1.0,9,Confirmada,Transferência,Sim
3916,11,4,109,1,2026-06-27,2026-06-28,1.0,1.0,10,Cancelada,PIX,Sim
2837,4,3,260,1,2025-03-01,2025-03-05,4.0,2.0,8,Confirmada,Cartão de Crédito,Sim
3381,8,4,108,3,2026-05-17,2026-05-22,5.0,3.0,7,Confirmada,Cartão de Crédito,Sim
4179,3,2,184,3,2025-11-07,2025-11-09,2.0,1.0,2,Confirmada,Cartão de Crédito,Sim
2613,1,1,255,4,2026-08-23,2026-08-24,1.0,4.0,99,Confirmada,Dinheiro,Não
4238,3,1,129,4,2025-11-07,2025-11-10,3.0,1.0,2,Confirmada,Transferência,Sim
3348,8,1,159,1,2025-04-14,2025-04-18,4.0,3.0,6,Concluída,Transferência,Sim
3496,9,2,269,0,2026-03-13,2026-03-15,2.0,1.0,99,Cancelada,Cartão de Crédito,Não
4326,3,2,79,1,2025-05-29,2025-06-01,3.0,3.0,2,Confirmada,Cartão de Crédito,Sim
3383,8,2,57,1,2025-01-20,2025-01-21,1.0,2.0,7,Confirmada,PIX,Sim
4575,13,8,310,3,2026-04-16,2026-04-20,4.0,2.0,8,Confirmada,Transferência,Sim
4047,12,4,93,3,2026-08-16,2026-08-18,2.0,1.0,99,Confirmada,Cartão de Débito,Não
4217,3,1,259,3,2025-11-07,2025-11-08,1.0,4.0,2,Confirmada,Cartão de Crédito,Sim
3645,10,4,120,3,2026-06-24,2026-06-26,2.0,4.0,8,Concluída,Cartão de Débito,Sim
2988,4,2,203,2,2026-06-13,2026-06-14,1.0,1.0,7,Confirmada,PIX,Sim
4352,5,2,43,4,2025-05-31,2025-06-01,1.0,3.0,4,Confirmada,Cartão de Débito,Sim
3223,7,1,217,3,2026-01-29,2026-02-03,5.0,1.0,7,Confirmada,Dinheiro,Sim
4112,3,2,193,2,2025-04-01,2025-04-05,4.0,1.0,99,Confirmada,Transferência,Não
3461,9,4,21,4,2025-06-25,2025-06-26,1.0,4.0,7,Confirmada,Transferência,Sim
3408,8,1,165,1,2025-04-09,2025-04-11,2.0,2.0,7,Cancelada,PIX,Sim
4365,5,2,191,2,2025-05-31,2025-06-01,1.0,3.0,1,Confirmada,Transferência,Sim
4543,13,7,304,0,2025-07-20,2025-07-24,4.0,3.0,6,Confirmada,Cartão de Crédito,Sim
4261,3,1,13,1,2025-06-22,2025-06-25,3.0,1.0,3,Concluída,Transferência,Sim
4038,12,2,285,2,2025-06-04,2025-06-06,2.0,2.0,99,Concluída,PIX,Não
4249,3,2,49,4,2026-03-05,2026-03-11,6.0,2.0,2,Concluída,Cartão de Débito,Sim
3440,8,1,39,2,2025-02-16,2025-02-22,6.0,2.0,6,Concluída,Transferência,Sim
3271,7,5,255,1,2025-05-13,2025-05-16,3.0,3.0,99,Confirmada,PIX,Não
3518,9,2,185,2,2026-05-11,2026-05-14,3.0,2.0,8,Concluída,Cartão de Débito,Sim
3142,6,2,114,4,2025-07-12,2025-07-13,1.0,3.0,8,Cancelada,PIX,Sim
3258,7,2,265,0,2025-09-25,2025-09-28,3.0,2.0,10,Cancelada,Transferência,Sim
3981,12,4,22,3,2025-11-11,2025-11-15,4.0,1.0,8,Concluída,Transferência,Sim
2867,4,1,115,1,2026-02-10,2026-02-11,1.0,3.0,9,Confirmada,Transferência,Sim
3451,8,2,112,4,2026-05-02,2026-05-03,1.0,4.0,8,Confirmada,PIX,Sim
2695,2,3,157,2,2026-07-07,2026-07-12,5.0,3.0,6,Concluída,Transferência,Sim
3824,11,3,243,2,2026-03-01,2026-03-03,2.0,1.0,7,Concluída,Cartão de Débito,Sim
2754,2,5,225,2,2025-06-30,2025-07-02,2.0,4.0,7,Confirmada,Transferência,Sim
2658,2,3,197,3,2025-05-28,2025-05-29,1.0,3.0,9,Confirmada,Cartão de Crédito,Sim
2833,4,3,258,1,2025-06-13,2025-06-14,1.0,1.0,6,Confirmada,PIX,Sim
4059,12,3,48,3,2026-03-05,2026-03-12,7.0,2.0,7,Cancelada,Cartão de Crédito,Sim
2557,1,5,216,2,2026-03-17,2026-03-20,3.0,2.0,6,Concluída,Cartão de Crédito,Sim
3144,6,4,129,3,2025-09-27,2025-09-30,3.0,2.0,7,Confirmada,Cartão de Crédito,Sim
3105,6,2,112,2,2025-09-21,2025-09-22,1.0,1.0,10,Cancelada,Transferência,Sim
2567,1,1,285,1,2026-03-26,2026-03-30,4.0,2.0,8,Concluída,PIX,Sim
3818,11,1,220,2,2026-04-15,2026-04-16,1.0,1.0,9,Confirmada,Cartão de Crédito,Sim
2637,1,4,48,2,2025-12-22,2025-12-24,2.0,4.0,9,Confirmada,Transferência,Sim
3080,6,5,264,2,2025-12-11,2025-12-13,2.0,3.0,99,Confirmada,PIX,Não
4528,13,6,288,2,2025-07-20,2025-07-22,2.0,4.0,5,Confirmada,Dinheiro,Sim
3088,6,3,173,0,2026-07-12,2026-07-14,2.0,2.0,9,Concluída,Cartão de Crédito,Sim
4190,3,3,144,4,2025-11-07,2025-11-10,3.0,4.0,2,Confirmada,PIX,Sim
3600,9,1,3,2,2026-07-05,2026-07-07,2.0,3.0,5,Confirmada,Transferência,Sim
4618,13,7,190,3,2025-12-25,2025-12-28,3.0,1.0,99,Confirmada,PIX,Não
2616,1,1,25,3,2025-01-11,2025-01-13,2.0,3.0,7,No-show,Dinheiro,Sim
4595,13,7,257,4,2026-04-16,2026-04-17,1.0,3.0,6,Confirmada,PIX,Sim
2592,1,1,192,2,2025-08-14,2025-08-18,4.0,4.0,8,Concluída,Dinheiro,Sim
2943,4,2,226,1,2025-05-02,2025-05-03,1.0,3.0,8,Concluída,Cartão de Crédito,Sim
3345,8,5,132,4,2025-08-02,2025-08-05,3.0,1.0,8,Confirmada,Dinheiro,Sim
2510,1,3,29,1,2026-02-26,2026-02-28,2.0,4.0,10,Confirmada,Transferência,Sim
3842,11,4,59,3,2025-10-26,2025-10-28,2.0,3.0,8,Concluída,Cartão de Crédito,Sim
3741,10,1,273,4,2025-12-07,2025-12-11,4.0,4.0,9,Confirmada,Cartão de Crédito,Sim
4081,12,5,109,3,2025-12-15,2025-12-17,2.0,3.0,8,Confirmada,Cartão de Crédito,Sim
4435,5,3,65,3,2026-02-05,2026-02-10,5.0,3.0,6,Confirmada,Cartão de Crédito,Sim
2787,2,3,69,1,2025-03-31,2025-04-01,1.0,2.0,6,Concluída,Transferência,Sim
3426,8,4,87,3,2026-03-28,2026-03-29,1.0,1.0,9,Confirmada,PIX,Sim
3779,11,4,114,4,2025-03-09,2025-03-12,3.0,4.0,8,Confirmada,PIX,Sim
3194,7,2,80,4,2025-09-30,2025-10-04,4.0,2.0,10,Confirmada,Transferência,Sim
3212,7,5,219,4,2025-01-20,2025-01-22,2.0,1.0,5,Concluída,Transferência,Sim
3481,9,3,47,2,2025-10-24,2025-10-25,1.0,3.0,8,Confirmada,Cartão de Crédito,Sim
4017,12,4,288,0,2025-09-16,2025-09-21,5.0,4.0,8,Confirmada,Dinheiro,Sim
4541,13,8,166,1,2025-07-20,2025-07-22,2.0,1.0,9,Confirmada,PIX,Sim
2480,1,5,127,3,2026-05-05,2026-05-06,1.0,2.0,8,Confirmada,Dinheiro,Sim
3242,7,2,157,1,2025-10-20,2025-10-24,4.0,4.0,9,Concluída,Dinheiro,Sim
2931,4,3,216,3,2025-02-13,2025-02-16,3.0,3.0,10,Confirmada,PIX,Sim
3764,10,2,14,3,2026-03-16,2026-03-18,2.0,2.0,7,Confirmada,Cartão de Débito,Sim
3066,6,5,80,3,2025-03-16,2025-03-20,4.0,4.0,9,Confirmada,Transferência,Sim
4356,5,3,259,1,2025-05-31,2025-06-05,5.0,3.0,3,Confirmada,Cartão de Crédito,Sim
4568,13,6,159,2,2026-04-16,2026-04-19,3.0,4.0,7,Confirmada,Transferência,Sim
4144,3,2,100,2,2025-04-01,2025-04-02,1.0,4.0,4,Confirmada,Transferência,Sim
4630,13,8,306,2,2025-05-04,2025-05-07,3.0,1.0,6,Confirmada,Transferência,Sim
3727,10,5,26,1,2025-12-01,2025-12-04,3.0,1.0,9,Concluída,Cartão de Débito,Sim
2925,4,1,280,4,2026-08-13,2026-08-14,1.0,4.0,7,Concluída,Cartão de Crédito,Sim
3062,6,5,20,2,2026-01-11,2026-01-14,3.0,1.0,99,Concluída,Cartão de Crédito,Não
2524,1,5,160,1,2025-07-09,2025-07-12,3.0,4.0,6,Confirmada,Cartão de Crédito,Sim
2909,4,2,95,3,2025-12-02,2025-12-06,4.0,2.0,9,Concluída,PIX,Sim
4626,13,6,313,0,2025-03-17,2025-03-19,2.0,2.0,8,Cancelada,Cartão de Crédito,Sim
3498,9,4,294,4,2025-12-30,2026-01-03,4.0,1.0,7,Concluída,Cartão de Débito,Sim
2668,2,5,133,4,2025-08-24,2025-08-28,4.0,3.0,7,Confirmada,Cartão de Débito,Sim
4640,13,6,286,2,2025-11-30,2025-12-07,7.0,1.0,8,Concluída,Transferência,Sim
2601,1,3,56,4,2025-03-04,2025-03-05,1.0,2.0,6,No-show,Cartão de Débito,Sim
4520,13,8,117,2,2025-07-20,2025-07-22,2.0,1.0,6,Confirmada,Cartão de Débito,Sim
4285,3,1,97,1,2025-07-20,2025-07-23,3.0,3.0,3,Confirmada,Transferência,Sim
3174,7,3,225,4,2025-06-30,2025-07-04,4.0,2.0,6,Confirmada,Cartão de Débito,Sim
3666,10,1,238,1,2026-08-22,2026-08-28,6.0,3.0,7,Confirmada,Cartão de Crédito,Sim
3970,12,1,197,3,2026-04-23,2026-04-26,3.0,1.0,99,No-show,Cartão de Débito,Não
4210,3,2,233,4,2025-11-07,2025-11-12,5.0,2.0,2,Confirmada,PIX,Sim
4220,3,3,241,2,2025-11-07,2025-11-10,3.0,3.0,99,Confirmada,Dinheiro,Não
2990,4,5,4,2,2025-11-08,2025-11-09,1.0,4.0,10,Cancelada,Cartão de Débito,Sim
3891,11,5,79,0,2026-05-05,2026-05-08,3.0,4.0,7,Confirmada,Cartão de Débito,Sim
4544,13,8,186,1,2025-07-20,2025-07-23,3.0,3.0,8,Confirmada,Cartão de Débito,Sim
3962,12,1,46,4,2026-02-12,2026-02-15,3.0,2.0,9,Confirmada,PIX,Sim
3602,9,1,53,2,2026-02-01,2026-02-07,6.0,3.0,7,Concluída,PIX,Sim
3140,6,3,18,4,2025-03-31,2025-04-04,4.0,4.0,7,Cancelada,Cartão de Débito,Sim
2547,1,1,18,1,2025-07-28,2025-08-01,4.0,1.0,99,Concluída,Transferência,Não
2679,2,2,8,3,2025-10-07,2025-10-11,4.0,2.0,7,Confirmada,Cartão de Crédito,Sim
3708,10,2,12,1,2025-05-20,2025-05-25,5.0,1.0,8,Cancelada,Dinheiro,Sim
4139,3,3,300,2,2025-04-01,2025-04-04,3.0,4.0,4,Confirmada,Cartão de Débito,Sim
3589,9,5,199,2,2025-11-02,2025-11-05,3.0,2.0,99,Confirmada,Cartão de Crédito,Não
2930,4,2,109,3,2025-10-06,2025-10-09,3.0,1.0,5,Confirmada,Transferência,Sim
4449,5,2,227,2,2026-01-16,2026-01-23,7.0,2.0,3,Confirmada,Dinheiro,Sim
3081,6,5,297,1,2026-06-05,2026-06-10,5.0,4.0,7,Confirmada,Dinheiro,Sim
3748,10,4,12,1,2026-04-28,2026-05-03,5.0,4.0,9,No-show,Dinheiro,Sim
4477,5,3,261,1,2025-04-24,2025-04-29,5.0,4.0,2,Confirmada,PIX,Sim
4397,5,2,166,4,2026-02-05,2026-02-10,5.0,2.0,3,Confirmada,Dinheiro,Sim
4252,3,3,43,2,2026-05-09,2026-05-13,4.0,1.0,3,No-show,Transferência,Sim
3731,10,4,234,4,2025-08-13,2025-08-16,3.0,4.0,8,Confirmada,Cartão de Crédito,Sim
4368,5,2,105,3,2025-05-31,2025-06-03,3.0,4.0,2,Confirmada,Transferência,Sim
4473,5,3,89,1,2026-05-06,2026-05-09,3.0,3.0,2,Concluída,Dinheiro,Sim
2878,4,4,105,2,2025-11-04,2025-11-06,2.0,3.0,8,Confirmada,PIX,Sim
3288,7,1,120,4,2026-08-21,2026-08-22,1.0,3.0,9,Confirmada,Cartão de Débito,Sim
2598,1,2,71,2,2025-06-29,2025-06-30,1.0,1.0,5,Confirmada,Transferência,Sim
4378,5,3,281,1,2025-05-31,2025-06-04,4.0,2.0,99,Confirmada,Cartão de Crédito,Não
3948,12,1,76,4,2026-08-26,2026-08-27,1.0,2.0,7,Confirmada,Dinheiro,Sim
2920,4,2,122,4,2025-03-22,2025-03-25,3.0,4.0,8,Confirmada,Dinheiro,Sim
3959,12,5,250,3,2026-06-09,2026-06-13,4.0,2.0,8,Confirmada,Transferência,Sim
3369,8,5,216,4,2025-03-17,2025-03-18,1.0,3.0,7,Confirmada,Dinheiro,Sim
2563,1,5,65,4,2025-10-29,2025-10-31,2.0,3.0,9,Concluída,Transferência,Sim
4304,3,2,288,3,2026-02-22,2026-02-23,1.0,1.0,1,Confirmada,Transferência,Sim
3347,8,2,160,1,2026-07-13,2026-07-15,2.0,2.0,10,No-show,Transferência,Sim
4617,13,8,316,3,2026-03-23,2026-03-26,3.0,1.0,7,Confirmada,Cartão de Crédito,Sim
3400,8,2,116,2,2025-09-29,2025-10-01,2.0,3.0,8,Confirmada,Cartão de Crédito,Sim
3632,10,3,250,2,2026-06-22,2026-06-24,2.0,4.0,9,Concluída,PIX,Sim
3978,12,1,129,1,2025-10-03,2025-10-06,3.0,4.0,8,Confirmada,Cartão de Crédito,Sim
4302,3,3,24,1,2025-01-20,2025-01-23,3.0,1.0,1,Confirmada,Cartão de Crédito,Sim
3885,11,2,104,1,2025-03-12,2025-03-15,3.0,3.0,6,Confirmada,PIX,Sim
3784,11,4,89,4,2025-05-20,2025-05-23,3.0,2.0,9,Confirmada,Transferência,Sim
3071,6,3,272,4,2026-03-22,2026-03-27,5.0,3.0,7,Confirmada,Cartão de Débito,Sim
3851,11,4,85,1,2025-12-12,2025-12-16,4.0,1.0,99,Confirmada,Cartão de Crédito,Não
3606,9,4,158,3,2025-01-03,2025-01-09,6.0,4.0,7,Confirmada,Cartão de Crédito,Sim
4305,3,1,185,2,2025-03-17,2025-03-20,3.0,3.0,3,Concluída,Cartão de Débito,Sim
3830,11,4,84,3,2026-08-20,2026-08-25,5.0,2.0,7,Confirmada,Transferência,Sim
3850,11,1,51,4,2025-10-07,2025-10-09,2.0,3.0,8,Concluída,Cartão de Débito,Sim
3623,10,3,6,1,2026-03-18,2026-03-21,3.0,3.0,9,Concluída,Transferência,Sim
4273,3,3,111,2,2026-02-27,2026-03-01,2.0,4.0,1,Cancelada,Transferência,Sim
3503,9,5,273,2,2025-03-11,2025-03-16,5.0,2.0,8,Confirmada,Transferência,Sim
2976,4,1,273,3,2025-12-13,2025-12-15,2.0,1.0,7,Concluída,PIX,Sim
4083,12,3,53,2,2025-06-21,2025-06-24,3.0,2.0,5,Concluída,PIX,Sim
4087,12,4,121,4,2025-04-03,2025-04-06,3.0,1.0,8,Confirmada,PIX,Sim
2507,1,4,230,2,2026-06-25,2026-06-27,2.0,2.0,7,Concluída,Dinheiro,Sim
4025,12,2,187,3,2026-03-16,2026-03-18,2.0,2.0,8,Concluída,Cartão de Crédito,Sim
4445,5,1,55,3,2025-04-04,2025-04-06,2.0,2.0,2,No-show,Cartão de Débito,Sim
2511,1,4,102,1,2026-01-07,2026-01-10,3.0,1.0,10,No-show,PIX,Sim
3558,9,1,157,2,2026-02-05,2026-02-06,1.0,4.0,8,Confirmada,Transferência,Sim
4264,3,2,127,4,2025-06-28,2025-07-04,6.0,1.0,99,Confirmada,Cartão de Débito,Não
4166,3,1,269,2,2025-04-01,2025-04-02,1.0,1.0,1,Confirmada,Cartão de Crédito,Sim
3958,12,2,104,3,2025-11-23,2025-11-28,5.0,1.0,8,Concluída,Cartão de Débito,Sim
3276,7,2,43,2,2025-09-29,2025-10-04,5.0,4.0,8,Cancelada,PIX,Sim
3626,10,4,166,3,2025-05-19,2025-05-22,3.0,4.0,8,Confirmada,Cartão de Débito,Sim
3097,6,1,283,1,2025-03-22,2025-03-26,4.0,3.0,9,Confirmada,Transferência,Sim
3624,10,1,287,3,2025-09-01,2025-09-07,6.0,3.0,8,Confirmada,PIX,Sim
3508,9,2,37,2,2025-08-17,2025-08-21,4.0,3.0,7,Concluída,PIX,Sim
4479,5,2,38,3,2026-06-07,2026-06-11,4.0,3.0,2,Concluída,Dinheiro,Sim
2955,4,2,290,3,2025-01-24,2025-01-26,2.0,4.0,7,Confirmada,Transferência,Sim
3414,8,5,35,2,2025-03-20,2025-03-23,3.0,2.0,7,Cancelada,PIX,Sim
2483,1,1,58,2,2026-06-09,2026-06-12,3.0,3.0,8,Cancelada,Transferência,Sim
4187,3,3,238,0,2025-11-07,2025-11-08,1.0,3.0,3,Confirmada,PIX,Sim
2535,1,3,193,2,2025-10-12,2025-10-18,6.0,1.0,6,Confirmada,Cartão de Crédito,Sim
2706,2,3,3,4,2025-04-03,2025-04-04,1.0,1.0,8,Confirmada,PIX,Sim
3867,11,3,91,1,2025-07-16,2025-07-21,5.0,3.0,7,Confirmada,Cartão de Crédito,Sim
4283,3,1,38,1,2025-08-21,2025-08-23,2.0,3.0,3,Confirmada,Transferência,Sim
4073,12,1,157,2,2026-02-02,2026-02-06,4.0,3.0,6,Confirmada,PIX,Sim
4327,5,1,203,2,2025-05-31,2025-06-03,3.0,1.0,2,Confirmada,PIX,Sim
3976,12,5,275,3,2025-02-06,2025-02-07,1.0,1.0,8,Cancelada,Transferência,Sim
3427,8,3,246,1,2026-05-11,2026-05-12,1.0,2.0,99,Concluída,PIX,Não
3932,12,2,58,1,2025-03-18,2025-03-19,1.0,1.0,9,Concluída,Dinheiro,Sim
2730,2,4,207,2,2026-08-15,2026-08-18,3.0,2.0,8,Concluída,Cartão de Crédito,Sim
3473,9,5,164,1,2026-02-12,2026-02-14,2.0,3.0,9,No-show,Transferência,Sim
2698,2,4,114,3,2025-06-18,2025-06-21,3.0,2.0,99,Cancelada,Cartão de Crédito,Não
3363,8,3,121,0,2025-11-23,2025-11-24,1.0,1.0,9,Concluída,Dinheiro,Sim
2768,2,2,241,2,2025-08-10,2025-08-14,4.0,3.0,6,No-show,Cartão de Crédito,Sim
3442,8,4,277,4,2025-10-25,2025-11-01,7.0,3.0,8,Cancelada,PIX,Sim
3535,9,3,184,3,2026-01-29,2026-01-31,2.0,3.0,9,Confirmada,Cartão de Crédito,Sim
2699,2,4,218,2,2025-09-21,2025-09-23,2.0,2.0,7,Cancelada,Transferência,Sim
2852,4,2,124,2,2025-04-11,2025-04-16,5.0,3.0,8,Concluída,Cartão de Crédito,Sim
4090,12,4,1,3,2025-01-04,2025-01-07,3.0,3.0,6,Concluída,Cartão de Crédito,Sim
4502,5,2,59,1,2025-01-30,2025-02-02,3.0,4.0,2,No-show,Transferência,Sim
2965,4,5,1,2,2026-03-29,2026-03-30,1.0,2.0,10,Cancelada,Cartão de Débito,Sim
3544,9,3,139,1,2026-02-07,2026-02-10,3.0,2.0,9,Confirmada,Dinheiro,Sim
3356,8,1,153,3,2025-10-10,2025-10-11,1.0,1.0,8,Cancelada,PIX,Sim
3767,10,3,222,3,2025-11-21,2025-11-24,3.0,4.0,6,Confirmada,PIX,Sim
3854,11,3,242,2,2026-04-06,2026-04-07,1.0,2.0,6,Confirmada,Cartão de Crédito,Sim
3202,7,5,125,2,2025-07-15,2025-07-20,5.0,2.0,8,Concluída,Dinheiro,Sim
3637,10,5,241,3,2025-09-29,2025-09-30,1.0,4.0,10,Confirmada,Transferência,Sim
3899,11,1,51,3,2025-03-23,2025-03-26,3.0,1.0,8,Concluída,Cartão de Crédito,Sim
2736,2,5,98,1,2025-12-16,2025-12-17,1.0,2.0,8,Cancelada,PIX,Sim
4556,13,8,306,3,2025-07-20,2025-07-21,1.0,3.0,8,Confirmada,Cartão de Débito,Sim
3043,6,3,120,2,2025-07-07,2025-07-11,4.0,4.0,6,Concluída,Dinheiro,Sim
3222,7,5,137,3,2025-08-06,2025-08-10,4.0,2.0,6,Concluída,Dinheiro,Sim
3973,12,5,213,4,2026-04-21,2026-04-25,4.0,2.0,10,Concluída,Transferência,Sim
2731,2,3,68,4,2026-01-26,2026-01-30,4.0,1.0,8,Concluída,Transferência,Sim
2836,4,2,157,4,2025-06-08,2025-06-14,6.0,4.0,7,Concluída,PIX,Sim
2764,2,1,106,3,2025-11-22,2025-11-23,1.0,1.0,9,Confirmada,Cartão de Débito,Sim
3755,10,2,22,4,2025-12-26,2025-12-28,2.0,4.0,9,Concluída,Transferência,Sim
2520,1,5,63,3,2025-08-29,2025-09-02,4.0,3.0,9,Confirmada,Transferência,Sim
2718,2,3,256,3,2026-02-08,2026-02-10,2.0,2.0,99,No-show,Cartão de Crédito,Não
4491,5,2,245,2,2025-05-26,2025-05-27,1.0,1.0,99,Concluída,Transferência,Não
2960,4,2,207,3,2026-07-20,2026-07-22,2.0,3.0,99,Confirmada,Cartão de Débito,Não
3521,9,2,295,2,2025-11-22,2025-11-24,2.0,1.0,6,Cancelada,Dinheiro,Sim
3963,12,5,283,4,2026-08-13,2026-08-17,4.0,4.0,10,Concluída,PIX,Sim
3711,10,5,246,4,2025-03-06,2025-03-12,6.0,2.0,9,Confirmada,Transferência,Sim
3593,9,1,278,4,2025-03-11,2025-03-16,5.0,2.0,9,Confirmada,Dinheiro,Sim
3277,7,1,285,4,2026-08-30,2026-08-31,1.0,2.0,99,Concluída,PIX,Não
4349,5,2,5,2,2025-05-31,2025-06-05,5.0,1.0,2,Confirmada,Dinheiro,Sim
3786,11,1,194,4,2025-01-14,2025-01-17,3.0,2.0,9,Confirmada,PIX,Sim
2710,2,1,111,2,2025-04-11,2025-04-12,1.0,4.0,8,Confirmada,Cartão de Crédito,Sim
3172,7,4,238,3,2025-12-24,2025-12-25,1.0,2.0,8,Confirmada,Dinheiro,Sim
4485,5,1,55,1,2025-12-28,2025-12-30,2.0,4.0,4,Concluída,PIX,Sim
2672,2,3,31,2,2026-02-16,2026-02-18,2.0,4.0,9,Concluída,Dinheiro,Sim
3333,8,5,239,3,2025-08-18,2025-08-21,3.0,1.0,7,Confirmada,Dinheiro,Sim
4385,5,3,146,4,2026-02-05,2026-02-09,4.0,4.0,99,Confirmada,Cartão de Débito,Não
4642,13,6,317,1,2025-07-09,2025-07-12,3.0,4.0,99,Concluída,Transferência,Não
4310,3,1,257,2,2025-02-18,2025-02-20,2.0,2.0,3,Confirmada,Cartão de Débito,Sim
2783,2,1,118,1,2025-02-28,2025-03-02,2.0,4.0,8,Cancelada,Transferência,Sim
3679,10,1,154,2,2025-09-04,2025-09-09,5.0,2.0,7,Confirmada,Cartão de Crédito,Sim
4423,5,1,181,1,2026-02-05,2026-02-13,8.0,4.0,2,Confirmada,Cartão de Crédito,Sim
2526,1,4,105,1,2026-02-05,2026-02-06,1.0,1.0,5,Confirmada,Cartão de Crédito,Sim
3353,8,4,118,4,2025-10-10,2025-10-12,2.0,2.0,99,Confirmada,Cartão de Crédito,Não
4375,5,2,232,4,2025-05-31,2025-06-01,1.0,3.0,4,Confirmada,Dinheiro,Sim
3669,10,5,234,3,2025-05-08,2025-05-09,1.0,2.0,7,Confirmada,Dinheiro,Sim
2854,4,5,156,3,2026-06-17,2026-06-19,2.0,4.0,9,Confirmada,Cartão de Débito,Sim
4135,3,1,236,3,2025-04-01,2025-04-04,3.0,1.0,3,Confirmada,Dinheiro,Sim
2522,1,3,120,1,2025-02-11,2025-02-15,4.0,2.0,7,Confirmada,Cartão de Crédito,Sim
3812,11,1,26,3,2025-01-15,2025-01-16,1.0,3.0,9,Concluída,Cartão de Crédito,Sim
3312,8,2,22,4,2026-04-29,2026-05-03,4.0,2.0,6,Concluída,Transferência,Sim
3597,9,2,272,3,2025-01-28,2025-01-29,1.0,2.0,7,Concluída,Dinheiro,Sim
4230,3,2,25,4,2025-11-07,2025-11-08,1.0,4.0,4,Confirmada,Cartão de Débito,Sim
2821,4,1,24,2,2026-04-30,2026-05-01,1.0,2.0,6,Cancelada,Dinheiro,Sim
3795,11,4,222,1,2025-12-18,2025-12-22,4.0,1.0,10,Confirmada,PIX,Sim
2586,1,3,238,1,2025-04-19,2025-04-20,1.0,3.0,8,Concluída,Cartão de Débito,Sim
3218,7,3,1,1,2025-11-06,2025-11-07,1.0,3.0,8,Confirmada,Transferência,Sim
2898,4,4,172,2,2025-08-03,2025-08-07,4.0,4.0,9,Confirmada,Cartão de Crédito,Sim
3676,10,1,87,4,2025-03-19,2025-03-23,4.0,3.0,99,Cancelada,Cartão de Débito,Não
4608,13,8,71,4,2026-04-16,2026-04-20,4.0,3.0,99,Confirmada,Dinheiro,Não
4605,13,8,312,3,2026-04-16,2026-04-19,3.0,1.0,6,Confirmada,Cartão de Débito,Sim
3501,9,2,174,1,2026-02-18,2026-02-22,4.0,2.0,8,Confirmada,Cartão de Débito,Sim
3706,10,3,133,1,2026-04-27,2026-04-29,2.0,4.0,9,Confirmada,Cartão de Débito,Sim
4497,5,3,265,4,2026-08-19,2026-08-20,1.0,3.0,3,Confirmada,Cartão de Crédito,Sim
3021,6,5,13,1,2026-08-24,2026-08-28,4.0,3.0,10,Confirmada,Cartão de Crédito,Sim
3160,7,5,233,3,2025-04-19,2025-04-20,1.0,4.0,10,Cancelada,Cartão de Crédito,Sim
2700,2,3,133,3,2025-06-07,2025-06-09,2.0,2.0,8,Confirmada,Cartão de Débito,Sim
3557,9,5,14,2,2026-08-02,2026-08-05,3.0,1.0,5,Cancelada,Transferência,Sim
3287,7,1,173,2,2025-12-07,2025-12-08,1.0,3.0,7,Concluída,PIX,Sim
4246,3,3,289,2,2026-04-12,2026-04-15,3.0,2.0,2,Cancelada,Cartão de Crédito,Sim
2558,1,4,81,3,2025-09-06,2025-09-11,5.0,1.0,6,Confirmada,Transferência,Sim
2817,2,2,138,2,2026-01-21,2026-01-22,1.0,1.0,7,Concluída,Cartão de Débito,Sim
3705,10,5,160,3,2025-03-18,2025-03-22,4.0,4.0,99,Confirmada,Transferência,Não
2827,4,1,146,4,2026-04-15,2026-04-16,1.0,3.0,9,Cancelada,PIX,Sim
4373,5,1,190,1,2025-05-31,2025-06-03,3.0,4.0,1,Confirmada,Transferência,Sim
4585,13,8,320,4,2026-04-16,2026-04-21,5.0,1.0,8,Confirmada,Dinheiro,Sim
3998,12,2,157,3,2026-03-16,2026-03-19,3.0,4.0,9,Concluída,Cartão de Débito,Sim
3252,7,3,264,2,2025-04-11,2025-04-15,4.0,2.0,5,Confirmada,Transferência,Sim
3488,9,5,125,2,2025-03-15,2025-03-19,4.0,3.0,9,Confirmada,Dinheiro,Sim
3849,11,2,144,0,2025-03-15,2025-03-18,3.0,2.0,10,No-show,Transferência,Sim
4122,3,2,120,3,2025-04-01,2025-04-07,6.0,3.0,3,Confirmada,Transferência,Sim
3730,10,2,106,3,2026-02-16,2026-02-22,6.0,1.0,9,Confirmada,Cartão de Débito,Sim
4228,3,3,222,1,2025-11-07,2025-11-10,3.0,1.0,2,Confirmada,Cartão de Débito,Sim
4426,5,2,152,3,2026-02-05,2026-02-06,1.0,3.0,4,Confirmada,PIX,Sim
4149,3,1,144,4,2025-04-01,2025-04-07,6.0,2.0,1,Confirmada,Transferência,Sim
4294,3,3,196,2,2025-06-28,2025-07-02,4.0,4.0,2,Confirmada,Cartão de Crédito,Sim
2994,4,4,83,1,2025-06-14,2025-06-17,3.0,2.0,5,Cancelada,Transferência,Sim
3465,9,3,75,1,2025-08-22,2025-08-25,3.0,4.0,7,Confirmada,PIX,Sim
4415,5,1,271,1,2026-02-05,2026-02-06,1.0,1.0,3,Confirmada,Cartão de Débito,Sim
4390,5,2,113,2,2026-02-05,2026-02-08,3.0,2.0,4,Confirmada,PIX,Sim
2776,2,3,296,3,2026-04-11,2026-04-14,3.0,3.0,9,Confirmada,Transferência,Sim
4275,3,3,16,2,2026-06-28,2026-07-02,4.0,1.0,2,Confirmada,Cartão de Crédito,Sim
3430,8,3,123,3,2026-08-16,2026-08-19,3.0,3.0,7,Concluída,Dinheiro,Sim
2514,1,3,170,4,2026-01-23,2026-01-27,4.0,3.0,6,Confirmada,Dinheiro,Sim
3865,11,3,74,1,2026-03-20,2026-03-24,4.0,3.0,9,Concluída,Cartão de Crédito,Sim
4037,12,3,42,1,2026-05-21,2026-05-24,3.0,2.0,6,Concluída,Cartão de Débito,Sim
2815,2,4,281,1,2025-02-04,2025-02-06,2.0,3.0,99,Confirmada,Cartão de Débito,Não
4012,12,3,209,4,2026-05-16,2026-05-21,5.0,4.0,6,Concluída,Dinheiro,Sim
2968,4,1,46,4,2026-04-26,2026-04-28,2.0,4.0,8,Confirmada,Cartão de Débito,Sim
4028,12,1,260,4,2026-02-07,2026-02-09,2.0,3.0,10,Cancelada,Cartão de Crédito,Sim
4222,3,2,203,4,2025-11-07,2025-11-09,2.0,4.0,1,Confirmada,Transferência,Sim
3652,10,4,230,3,2025-12-10,2025-12-15,5.0,3.0,7,Confirmada,PIX,Sim
4457,5,2,182,3,2026-05-11,2026-05-13,2.0,2.0,99,Cancelada,Transferência,Não
3707,10,4,294,2,2025-10-13,2025-10-14,1.0,4.0,7,Confirmada,Cartão de Crédito,Sim
3668,10,3,287,4,2026-02-27,2026-03-02,3.0,4.0,10,Concluída,Dinheiro,Sim
2468,1,3,27,0,2025-04-23,2025-04-26,3.0,1.0,7,Concluída,Transferência,Sim
4518,5,2,151,4,2026-03-23,2026-03-24,1.0,4.0,1,No-show,Dinheiro,Sim
2640,1,3,87,0,2026-01-07,2026-01-09,2.0,4.0,8,Concluída,Dinheiro,Sim
4538,13,7,48,1,2025-07-20,2025-07-24,4.0,4.0,99,Confirmada,Cartão de Crédito,Não
3085,6,3,13,2,2025-12-02,2025-12-04,2.0,3.0,99,Confirmada,Cartão de Crédito,Não
3547,9,1,231,4,2026-08-19,2026-08-23,4.0,1.0,7,Cancelada,Transferência,Sim
3671,10,4,196,2,2025-08-31,2025-09-05,5.0,2.0,5,Confirmada,Cartão de Débito,Sim
3598,9,5,212,3,2025-06-04,2025-06-09,5.0,3.0,10,Concluída,Dinheiro,Sim
4213,3,2,7,2,2025-11-07,2025-11-08,1.0,1.0,3,Confirmada,Cartão de Crédito,Sim
3404,8,3,283,2,2026-07-27,2026-07-28,1.0,2.0,8,Cancelada,Transferência,Sim
2595,1,1,132,2,2025-10-21,2025-10-26,5.0,3.0,7,Cancelada,Cartão de Crédito,Sim
4051,12,4,46,4,2025-06-13,2025-06-14,1.0,2.0,5,Cancelada,Cartão de Crédito,Sim
3323,8,1,233,1,2025-02-18,2025-02-19,1.0,1.0,8,Confirmada,Cartão de Crédito,Sim
3365,8,3,235,2,2025-04-30,2025-05-01,1.0,4.0,7,Confirmada,Transferência,Sim
4185,3,3,192,1,2025-11-07,2025-11-11,4.0,2.0,2,Confirmada,Transferência,Sim
4429,5,2,268,3,2026-02-05,2026-02-09,4.0,1.0,1,Confirmada,Cartão de Débito,Sim
3158,7,5,243,1,2025-05-25,2025-05-31,6.0,4.0,10,Confirmada,Cartão de Débito,Sim
3175,7,3,206,4,2025-01-03,2025-01-04,1.0,2.0,4,Cancelada,Dinheiro,Sim
4353,5,2,19,4,2025-05-31,2025-06-03,3.0,2.0,1,Confirmada,Cartão de Débito,Sim
3530,9,5,125,2,2026-07-17,2026-07-23,6.0,1.0,7,Confirmada,Cartão de Débito,Sim
4604,13,6,302,4,2026-04-16,2026-04-17,1.0,2.0,5,Confirmada,Cartão de Crédito,Sim
2583,1,5,249,4,2026-07-07,2026-07-10,3.0,2.0,8,Confirmada,Cartão de Débito,Sim
3327,8,1,257,2,2025-07-21,2025-07-23,2.0,1.0,99,Confirmada,Dinheiro,Não
3336,8,3,210,3,2026-05-25,2026-05-28,3.0,3.0,6,Cancelada,PIX,Sim
3528,9,1,262,3,2026-03-07,2026-03-15,8.0,1.0,8,Cancelada,PIX,Sim
2714,2,1,130,2,2025-04-29,2025-05-05,6.0,2.0,8,Concluída,Transferência,Sim
4464,5,2,120,2,2026-06-02,2026-06-07,5.0,1.0,99,Cancelada,PIX,Não
4280,3,3,105,2,2026-05-20,2026-05-26,6.0,1.0,2,Cancelada,Cartão de Crédito,Sim
4035,12,4,295,4,2026-01-27,2026-01-30,3.0,4.0,99,Confirmada,Transferência,Não
3297,8,1,90,2,2025-04-05,2025-04-12,7.0,2.0,9,Confirmada,Transferência,Sim
4270,3,2,17,1,2025-07-08,2025-07-10,2.0,3.0,2,Confirmada,Transferência,Sim
2549,1,4,266,1,2025-02-01,2025-02-06,5.0,2.0,8,Cancelada,Cartão de Débito,Sim
4416,5,1,124,3,2026-02-05,2026-02-07,2.0,3.0,2,Confirmada,Dinheiro,Sim
2474,1,1,199,2,2025-03-28,2025-04-01,4.0,3.0,5,Cancelada,Cartão de Crédito,Sim
4454,5,2,245,1,2025-11-04,2025-11-05,1.0,3.0,3,Confirmada,Dinheiro,Sim
3887,11,2,22,1,2026-02-03,2026-02-04,1.0,4.0,7,Confirmada,Cartão de Débito,Sim
4317,3,3,21,1,2025-08-03,2025-08-06,3.0,1.0,2,No-show,Dinheiro,Sim
3529,9,2,217,0,2025-01-17,2025-01-18,1.0,1.0,7,No-show,Cartão de Crédito,Sim
2615,1,4,295,4,2025-05-29,2025-05-31,2.0,3.0,10,Cancelada,Dinheiro,Sim
4407,5,3,185,1,2026-02-05,2026-02-10,5.0,2.0,3,Confirmada,Transferência,Sim
3832,11,3,271,3,2025-12-29,2026-01-01,3.0,2.0,10,Cancelada,Cartão de Crédito,Sim
4239,3,2,138,4,2025-11-07,2025-11-09,2.0,1.0,99,Confirmada,PIX,Não
3341,8,3,33,3,2026-02-24,2026-02-27,3.0,4.0,8,Confirmada,Dinheiro,Sim
4023,12,1,123,3,2026-03-02,2026-03-06,4.0,4.0,7,Confirmada,Dinheiro,Sim
3448,8,5,199,2,2026-03-21,2026-03-24,3.0,1.0,9,Confirmada,Transferência,Sim
3429,8,5,10,2,2025-06-13,2025-06-16,3.0,3.0,10,Confirmada,Transferência,Sim
3116,6,5,243,1,2025-08-22,2025-08-23,1.0,1.0,8,Concluída,PIX,Sim
2840,4,3,33,4,2026-04-04,2026-04-07,3.0,4.0,7,Concluída,Cartão de Crédito,Sim
3700,10,2,136,3,2026-03-30,2026-04-07,8.0,3.0,99,Confirmada,Cartão de Débito,Não
4573,13,8,307,3,2026-04-16,2026-04-18,2.0,1.0,7,Confirmada,PIX,Sim
4542,13,7,279,4,2025-07-20,2025-07-23,3.0,1.0,99,Confirmada,Transferência,Não
4189,3,3,171,1,2025-11-07,2025-11-10,3.0,1.0,3,Confirmada,Dinheiro,Sim
2548,1,3,11,3,2026-03-10,2026-03-14,4.0,3.0,8,Concluída,Cartão de Crédito,Sim
3132,6,2,123,1,2025-09-01,2025-09-04,3.0,3.0,8,Concluída,Cartão de Crédito,Sim
2887,4,3,127,4,2025-11-12,2025-11-16,4.0,2.0,7,Cancelada,PIX,Sim
2560,1,3,211,4,2026-06-19,2026-06-23,4.0,4.0,8,Cancelada,Transferência,Sim
3536,9,1,228,1,2026-01-25,2026-01-28,3.0,2.0,99,Concluída,PIX,Não
4406,5,2,129,2,2026-02-05,2026-02-10,5.0,3.0,2,Confirmada,Dinheiro,Sim
2915,4,4,196,3,2025-01-07,2025-01-09,2.0,1.0,8,Concluída,Dinheiro,Sim
3470,9,2,82,1,2025-08-17,2025-08-20,3.0,3.0,7,Confirmada,Cartão de Débito,Sim
3072,6,3,270,1,2025-07-16,2025-07-21,5.0,1.0,99,Concluída,Dinheiro,Não
4010,12,5,83,2,2025-12-12,2025-12-13,1.0,3.0,99,Concluída,Cartão de Débito,Não
3371,8,3,110,2,2026-07-18,2026-07-19,1.0,2.0,9,Confirmada,Cartão de Crédito,Sim
3609,9,3,195,2,2026-05-14,2026-05-15,1.0,1.0,7,Confirmada,Transferência,Sim
4150,3,1,184,2,2025-04-01,2025-04-05,4.0,1.0,3,Confirmada,Cartão de Débito,Sim
3591,9,5,248,3,2026-01-06,2026-01-12,6.0,1.0,9,Cancelada,Dinheiro,Sim
2942,4,2,209,3,2026-05-11,2026-05-13,2.0,2.0,8,Concluída,PIX,Sim
2501,1,2,192,4,2025-11-20,2025-11-25,5.0,4.0,10,Cancelada,Dinheiro,Sim
2880,4,4,63,1,2026-05-29,2026-05-30,1.0,4.0,9,Confirmada,Dinheiro,Sim
3051,6,4,251,1,2025-01-14,2025-01-17,3.0,1.0,8,Confirmada,Dinheiro,Sim
2496,1,3,265,3,2026-05-17,2026-05-21,4.0,1.0,99,Confirmada,Transferência,Não
3594,9,1,158,1,2026-07-26,2026-07-27,1.0,3.0,8,Confirmada,Cartão de Débito,Sim
3046,6,3,147,3,2025-07-16,2025-07-19,3.0,4.0,9,Concluída,Dinheiro,Sim
3267,7,3,251,4,2025-07-07,2025-07-10,3.0,2.0,99,Confirmada,Dinheiro,Não
3456,8,1,270,0,2025-11-14,2025-11-16,2.0,1.0,9,Confirmada,Dinheiro,Sim
2911,4,2,227,1,2026-07-08,2026-07-12,4.0,2.0,99,Confirmada,Cartão de Crédito,Não
3275,7,1,160,1,2025-02-01,2025-02-07,6.0,1.0,7,Confirmada,PIX,Sim
3827,11,1,277,3,2026-06-13,2026-06-14,1.0,4.0,99,No-show,Dinheiro,Não
4495,5,2,261,3,2026-02-20,2026-02-21,1.0,3.0,1,Concluída,PIX,Sim
2618,1,4,226,3,2026-05-14,2026-05-17,3.0,1.0,7,Confirmada,Cartão de Crédito,Sim
4448,5,3,89,2,2025-04-21,2025-04-24,3.0,3.0,3,Confirmada,Dinheiro,Sim
3627,10,5,87,3,2025-02-04,2025-02-07,3.0,3.0,6,Confirmada,Dinheiro,Sim
3560,9,3,267,2,2025-04-25,2025-04-30,5.0,1.0,10,Concluída,Transferência,Sim
2932,4,2,269,2,2025-02-04,2025-02-06,2.0,4.0,7,Confirmada,Dinheiro,Sim
4192,3,3,230,1,2025-11-07,2025-11-10,3.0,2.0,1,Confirmada,Dinheiro,Sim
3739,10,1,297,3,2025-09-04,2025-09-09,5.0,3.0,9,Confirmada,PIX,Sim
2554,1,4,122,2,2025-12-09,2025-12-11,2.0,2.0,5,No-show,PIX,Sim
3771,10,4,82,4,2026-08-14,2026-08-20,6.0,3.0,9,Concluída,Dinheiro,Sim
3667,10,1,284,2,2025-12-06,2025-12-09,3.0,4.0,9,Confirmada,Cartão de Crédito,Sim
3797,11,4,121,1,2025-07-09,2025-07-10,1.0,1.0,99,Confirmada,Transferência,Não
3207,7,1,87,3,2025-12-07,2025-12-10,3.0,3.0,9,Cancelada,Transferência,Sim
4295,3,1,35,4,2025-04-20,2025-04-22,2.0,2.0,4,Confirmada,Cartão de Débito,Sim
3246,7,3,205,4,2026-04-09,2026-04-10,1.0,4.0,6,Confirmada,Dinheiro,Sim
3950,12,5,223,1,2026-04-24,2026-04-27,3.0,1.0,10,Confirmada,Dinheiro,Sim
3580,9,5,253,4,2026-01-01,2026-01-04,3.0,1.0,10,Confirmada,PIX,Sim
2684,2,3,268,4,2026-04-30,2026-05-02,2.0,1.0,9,Confirmada,PIX,Sim
2908,4,1,111,2,2026-05-14,2026-05-17,3.0,1.0,9,Cancelada,Dinheiro,Sim
3334,8,1,300,2,2025-02-07,2025-02-08,1.0,3.0,8,Confirmada,Cartão de Débito,Sim
4606,13,7,316,1,2026-04-16,2026-04-20,4.0,4.0,6,Confirmada,Cartão de Crédito,Sim
2839,4,1,80,1,2026-03-18,2026-03-22,4.0,3.0,10,Confirmada,Dinheiro,Sim
4529,13,6,301,1,2025-07-20,2025-07-21,1.0,1.0,7,Confirmada,Transferência,Sim
3943,12,2,24,1,2026-01-25,2026-01-30,5.0,2.0,9,Confirmada,PIX,Sim
3273,7,1,28,1,2025-11-30,2025-12-04,4.0,4.0,7,Concluída,PIX,Sim
4646,13,7,314,1,2025-06-20,2025-06-21,1.0,2.0,7,Confirmada,Dinheiro,Sim
3513,9,3,66,3,2026-01-29,2026-02-01,3.0,1.0,9,Confirmada,Cartão de Débito,Sim
3106,6,3,99,3,2026-05-17,2026-05-19,2.0,2.0,6,Confirmada,Cartão de Crédito,Sim
3759,10,2,272,4,2025-08-07,2025-08-11,4.0,2.0,8,Confirmada,Dinheiro,Sim
4243,3,1,33,2,2025-01-29,2025-01-31,2.0,2.0,2,Cancelada,PIX,Sim
2779,2,1,102,2,2025-03-26,2025-03-28,2.0,3.0,9,Confirmada,Transferência,Sim
3109,6,1,248,4,2025-09-10,2025-09-13,3.0,2.0,99,Cancelada,Dinheiro,Não
4362,5,1,129,1,2025-05-31,2025-06-03,3.0,3.0,1,Confirmada,Cartão de Débito,Sim
4470,5,1,4,4,2025-08-19,2025-08-22,3.0,1.0,2,Cancelada,Transferência,Sim
4627,13,6,84,1,2025-07-26,2025-07-28,2.0,3.0,99,Confirmada,Dinheiro,Não
3965,12,1,148,0,2026-07-12,2026-07-15,3.0,4.0,6,Confirmada,Transferência,Sim
3406,8,2,233,3,2026-02-15,2026-02-17,2.0,1.0,9,Confirmada,PIX,Sim
2900,4,2,114,3,2026-03-18,2026-03-20,2.0,1.0,5,Cancelada,Cartão de Crédito,Sim
3985,12,4,156,3,2025-01-16,2025-01-20,4.0,2.0,6,No-show,Cartão de Débito,Sim
4121,3,2,96,3,2025-04-01,2025-04-02,1.0,3.0,3,Confirmada,PIX,Sim
3040,6,2,134,4,2026-07-18,2026-07-22,4.0,4.0,99,Cancelada,PIX,Não
4377,5,3,279,1,2025-05-31,2025-06-02,2.0,3.0,2,Confirmada,PIX,Sim
3208,7,1,264,1,2026-05-28,2026-05-29,1.0,3.0,7,Concluída,Cartão de Crédito,Sim
4350,5,1,87,1,2025-05-31,2025-06-05,5.0,2.0,2,Confirmada,Transferência,Sim
4058,12,2,234,4,2025-10-15,2025-10-18,3.0,3.0,7,Confirmada,Transferência,Sim
3468,9,1,144,4,2025-06-30,2025-07-01,1.0,2.0,8,Confirmada,Cartão de Débito,Sim
4155,3,2,138,3,2025-04-01,2025-04-07,6.0,2.0,3,Confirmada,PIX,Sim
3331,8,2,70,4,2026-01-17,2026-01-20,3.0,4.0,6,Cancelada,Transferência,Sim
3171,7,2,34,3,2025-07-07,2025-07-15,8.0,2.0,6,Concluída,Cartão de Crédito,Sim
2829,4,2,298,1,2025-04-14,2025-04-16,2.0,1.0,99,Confirmada,Cartão de Débito,Não
2855,4,4,82,1,2026-07-16,2026-07-19,3.0,4.0,7,Cancelada,Cartão de Crédito,Sim
4381,5,3,137,1,2025-05-31,2025-06-02,2.0,1.0,2,Confirmada,Transferência,Sim
3646,10,3,56,3,2026-06-30,2026-07-05,5.0,3.0,9,Concluída,Cartão de Crédito,Sim
2646,1,5,101,4,2025-12-23,2025-12-28,5.0,4.0,8,Confirmada,Cartão de Débito,Sim
3379,8,4,117,2,2025-06-05,2025-06-14,9.0,2.0,7,Concluída,Cartão de Débito,Sim
2778,2,4,288,0,2026-07-02,2026-07-03,1.0,2.0,7,Confirmada,PIX,Sim
3972,12,5,263,3,2025-10-17,2025-10-21,4.0,3.0,7,Confirmada,PIX,Sim
4566,13,8,308,1,2026-04-16,2026-04-19,3.0,3.0,8,Confirmada,Cartão de Débito,Sim
3098,6,1,289,4,2026-01-23,2026-01-24,1.0,1.0,6,Confirmada,Dinheiro,Sim
3657,10,4,158,1,2026-04-16,2026-04-17,1.0,2.0,10,Confirmada,Cartão de Crédito,Sim
2580,1,4,198,4,2026-03-04,2026-03-05,1.0,3.0,10,Confirmada,Transferência,Sim
2467,1,5,28,4,2025-05-09,2025-05-10,1.0,4.0,10,Confirmada,PIX,Sim
4455,5,3,243,4,2025-07-19,2025-07-23,4.0,1.0,1,Confirmada,PIX,Sim
2622,1,1,7,3,2026-03-17,2026-03-20,3.0,3.0,8,Confirmada,Transferência,Sim
3262,7,3,240,1,2026-08-01,2026-08-06,5.0,4.0,7,Confirmada,Cartão de Débito,Sim
4268,3,2,205,4,2025-04-09,2025-04-12,3.0,2.0,2,Confirmada,Cartão de Crédito,Sim
4104,12,3,253,3,2025-01-17,2025-01-18,1.0,3.0,9,Concluída,PIX,Sim
3583,9,1,162,2,2025-06-16,2025-06-19,3.0,4.0,9,Confirmada,Cartão de Débito,Sim
2689,2,4,221,3,2025-10-30,2025-11-03,4.0,2.0,9,Confirmada,PIX,Sim
3833,11,5,226,3,2025-05-26,2025-05-29,3.0,4.0,7,Confirmada,Dinheiro,Sim
2831,4,4,14,1,2026-01-29,2026-01-30,1.0,4.0,10,Concluída,Cartão de Crédito,Sim
3029,6,1,137,3,2026-05-05,2026-05-09,4.0,2.0,7,Concluída,Dinheiro,Sim
4540,13,8,67,3,2025-07-20,2025-07-24,4.0,1.0,8,Confirmada,Cartão de Débito,Sim
4042,12,3,162,2,2026-04-05,2026-04-07,2.0,2.0,7,Confirmada,Cartão de Débito,Sim
3184,7,1,294,2,2026-04-30,2026-05-05,5.0,2.0,99,Confirmada,PIX,Não
2729,2,3,96,2,2025-12-11,2025-12-12,1.0,3.0,8,Confirmada,Cartão de Débito,Sim
4103,12,1,70,2,2025-06-06,2025-06-07,1.0,1.0,99,Confirmada,Cartão de Débito,Não
4431,5,3,60,4,2026-02-05,2026-02-06,1.0,1.0,99,Confirmada,Cartão de Débito,Não
4171,3,2,285,2,2025-04-01,2025-04-05,4.0,1.0,99,Confirmada,Dinheiro,Não
4127,3,2,150,2,2025-04-01,2025-04-04,3.0,3.0,1,Confirmada,PIX,Sim
2697,2,4,105,2,2026-02-20,2026-02-25,5.0,1.0,9,Cancelada,Cartão de Débito,Sim
3392,8,1,186,2,2025-04-18,2025-04-20,2.0,2.0,7,Confirmada,Cartão de Crédito,Sim
3665,10,4,129,3,2025-11-16,2025-11-22,6.0,1.0,9,Concluída,PIX,Sim
2534,1,4,74,3,2025-10-09,2025-10-13,4.0,2.0,9,Concluída,Dinheiro,Sim
2681,2,1,123,3,2025-05-27,2025-06-01,5.0,2.0,4,Concluída,Dinheiro,Sim
3120,6,3,15,1,2026-04-16,2026-04-17,1.0,2.0,7,Confirmada,Cartão de Crédito,Sim
3100,6,5,230,0,2025-03-10,2025-03-15,5.0,3.0,5,Confirmada,Dinheiro,Sim
4312,3,1,20,2,2026-06-21,2026-06-26,5.0,1.0,2,Confirmada,Cartão de Débito,Sim
4052,12,2,28,1,2026-08-27,2026-09-01,5.0,1.0,7,Confirmada,Transferência,Sim
3439,8,4,23,2,2026-01-18,2026-01-21,3.0,4.0,99,Concluída,PIX,Não
4167,3,2,194,3,2025-04-01,2025-04-05,4.0,4.0,3,Confirmada,Cartão de Crédito,Sim
4000,12,3,111,3,2026-06-21,2026-06-22,1.0,2.0,9,Confirmada,Cartão de Crédito,Sim
4366,5,1,202,3,2025-05-31,2025-06-02,2.0,3.0,2,Confirmada,Cartão de Débito,Sim
2918,4,4,188,4,2026-04-11,2026-04-13,2.0,1.0,7,Confirmada,Dinheiro,Sim
2769,2,2,1,2,2025-06-15,2025-06-19,4.0,4.0,9,Confirmada,Transferência,Sim
3500,9,3,269,2,2025-09-04,2025-09-05,1.0,3.0,7,Confirmada,PIX,Sim
3673,10,2,270,4,2025-08-18,2025-08-22,4.0,2.0,10,Concluída,Cartão de Crédito,Sim
2871,4,2,211,2,2025-04-14,2025-04-15,1.0,2.0,99,Confirmada,PIX,Não
3487,9,3,245,1,2025-09-07,2025-09-11,4.0,2.0,9,Cancelada,Transferência,Sim
3636,10,5,142,2,2025-08-09,2025-08-12,3.0,3.0,99,Concluída,Cartão de Débito,Não
2738,2,2,290,3,2025-12-30,2026-01-02,3.0,1.0,99,Concluída,Cartão de Crédito,Não
2957,4,4,174,3,2025-07-11,2025-07-12,1.0,3.0,9,Cancelada,Cartão de Débito,Sim
2786,2,1,130,2,2026-05-11,2026-05-18,7.0,4.0,5,Confirmada,Cartão de Crédito,Sim
2458,1,2,203,1,2025-11-28,2025-11-30,2.0,3.0,99,Cancelada,PIX,Não
3030,6,5,299,2,2025-08-01,2025-08-04,3.0,3.0,8,Confirmada,PIX,Sim
3390,8,3,83,0,2026-06-03,2026-06-09,6.0,2.0,99,Concluída,Cartão de Crédito,Não
4237,3,2,206,3,2025-11-07,2025-11-11,4.0,4.0,1,Confirmada,Transferência,Sim
4186,3,2,2,1,2025-11-07,2025-11-11,4.0,2.0,3,Confirmada,Cartão de Crédito,Sim
3067,6,1,266,4,2025-01-09,2025-01-11,2.0,4.0,6,Cancelada,Dinheiro,Sim
3199,7,1,125,2,2025-02-03,2025-02-06,3.0,2.0,7,Confirmada,Dinheiro,Sim
3643,10,4,189,2,2026-06-03,2026-06-07,4.0,1.0,9,Confirmada,Dinheiro,Sim
2797,2,1,248,4,2026-06-15,2026-06-17,2.0,2.0,6,Confirmada,Cartão de Crédito,Sim
3664,10,3,199,4,2025-07-14,2025-07-15,1.0,2.0,9,Confirmada,Transferência,Sim
2951,4,5,99,4,2025-06-19,2025-06-20,1.0,3.0,8,Cancelada,PIX,Sim
3239,7,2,207,4,2026-06-05,2026-06-09,4.0,3.0,9,Confirmada,PIX,Sim
3578,9,3,199,4,2026-06-16,2026-06-20,4.0,1.0,9,Confirmada,Transferência,Sim
4148,3,2,185,0,2025-04-01,2025-04-02,1.0,2.0,1,Confirmada,PIX,Sim
3385,8,3,250,0,2025-02-23,2025-02-28,5.0,3.0,7,Confirmada,Cartão de Débito,Sim
2513,1,2,202,4,2025-03-03,2025-03-07,4.0,1.0,9,Cancelada,Dinheiro,Sim
2808,2,2,188,4,2025-01-05,2025-01-10,5.0,2.0,6,Cancelada,Cartão de Crédito,Sim
4580,13,6,308,3,2026-04-16,2026-04-17,1.0,4.0,7,Confirmada,Cartão de Crédito,Sim
3398,8,4,23,4,2025-07-30,2025-08-02,3.0,4.0,5,Confirmada,Dinheiro,Sim
3229,7,1,129,4,2025-12-13,2025-12-15,2.0,1.0,9,Concluída,Cartão de Débito,Sim
2497,1,4,138,4,2026-06-03,2026-06-04,1.0,2.0,9,Confirmada,Cartão de Débito,Sim
2980,4,4,300,1,2025-04-12,2025-04-13,1.0,4.0,6,Concluída,Dinheiro,Sim
3746,10,3,278,3,2025-08-08,2025-08-09,1.0,3.0,8,Cancelada,Transferência,Sim
2949,4,3,34,3,2026-06-15,2026-06-22,7.0,3.0,10,Concluída,Transferência,Sim
2762,2,3,185,4,2025-03-11,2025-03-14,3.0,1.0,9,Confirmada,Dinheiro,Sim
2673,2,2,167,4,2025-12-29,2026-01-01,3.0,4.0,9,Concluída,Transferência,Sim
4307,3,3,97,2,2025-01-16,2025-01-20,4.0,2.0,4,Cancelada,PIX,Sim
3780,11,5,32,4,2026-08-15,2026-08-18,3.0,4.0,10,Confirmada,Dinheiro,Sim
3853,11,4,26,2,2025-11-25,2025-11-29,4.0,1.0,7,Concluída,Dinheiro,Sim
2996,6,5,233,0,2025-05-06,2025-05-07,1.0,2.0,99,Concluída,Cartão de Crédito,Não
4508,5,2,58,3,2025-07-23,2025-07-29,6.0,1.0,3,No-show,Cartão de Crédito,Sim
4178,3,2,206,1,2025-11-07,2025-11-10,3.0,3.0,3,Confirmada,Dinheiro,Sim
3719,10,2,26,3,2025-12-12,2025-12-13,1.0,1.0,6,Confirmada,Cartão de Crédito,Sim
3858,11,4,194,4,2026-08-27,2026-08-30,3.0,4.0,9,Confirmada,Transferência,Sim
3570,9,1,29,1,2026-02-24,2026-02-27,3.0,2.0,10,Confirmada,Dinheiro,Sim
4450,5,3,208,1,2025-07-11,2025-07-14,3.0,3.0,3,Confirmada,Cartão de Crédito,Sim
4011,12,1,139,1,2025-11-19,2025-11-20,1.0,4.0,9,Confirmada,Dinheiro,Sim
2463,1,3,180,4,2025-11-18,2025-11-21,3.0,1.0,99,Confirmada,Cartão de Débito,Não
4549,13,6,316,0,2025-07-20,2025-07-25,5.0,2.0,8,Confirmada,PIX,Sim
2726,2,1,78,3,2025-11-19,2025-11-20,1.0,4.0,7,Confirmada,Transferência,Sim
3520,9,2,38,3,2025-04-14,2025-04-16,2.0,3.0,8,Concluída,Cartão de Débito,Sim
2610,1,5,280,4,2025-07-13,2025-07-16,3.0,3.0,8,No-show,PIX,Sim
2537,1,3,159,3,2026-06-13,2026-06-18,5.0,2.0,7,Concluída,PIX,Sim
3911,11,1,152,1,2026-05-08,2026-05-10,2.0,1.0,7,Confirmada,Transferência,Sim
3723,10,2,296,4,2026-05-21,2026-05-26,5.0,3.0,7,Confirmada,PIX,Sim
3219,7,3,55,3,2025-11-01,2025-11-07,6.0,2.0,8,Confirmada,Cartão de Débito,Sim
3302,8,1,224,4,2025-06-08,2025-06-13,5.0,1.0,9,No-show,Transferência,Sim
2847,4,3,188,1,2026-03-19,2026-03-20,1.0,3.0,10,Confirmada,Transferência,Sim
2803,2,4,111,3,2025-04-23,2025-04-28,5.0,1.0,6,Confirmada,Cartão de Débito,Sim
4374,5,1,22,2,2025-05-31,2025-06-04,4.0,3.0,3,Confirmada,Cartão de Débito,Sim
2632,1,2,150,1,2025-04-11,2025-04-13,2.0,2.0,10,Confirmada,Transferência,Sim
2734,2,5,16,2,2026-08-15,2026-08-16,1.0,3.0,9,Confirmada,Dinheiro,Sim
3988,12,1,143,4,2025-12-03,2025-12-06,3.0,1.0,8,No-show,Transferência,Sim
4493,5,1,29,2,2026-07-06,2026-07-11,5.0,2.0,2,Confirmada,Dinheiro,Sim
2482,1,5,207,3,2026-03-18,2026-03-20,2.0,1.0,10,Confirmada,Cartão de Débito,Sim
2619,1,3,261,4,2025-10-29,2025-10-30,1.0,2.0,9,Confirmada,Transferência,Sim
4481,5,3,259,1,2025-04-04,2025-04-08,4.0,4.0,2,Cancelada,PIX,Sim
3152,7,5,60,4,2026-01-21,2026-01-28,7.0,4.0,99,Confirmada,Cartão de Crédito,Não
4550,13,8,2,1,2025-07-20,2025-07-23,3.0,1.0,5,Confirmada,PIX,Sim
2577,1,2,242,1,2025-05-05,2025-05-09,4.0,4.0,8,Confirmada,PIX,Sim
3540,9,2,247,2,2025-07-11,2025-07-17,6.0,1.0,8,Confirmada,PIX,Sim
2720,2,3,157,4,2025-10-30,2025-11-04,5.0,1.0,7,Confirmada,Cartão de Crédito,Sim
4260,3,2,258,3,2025-02-26,2025-03-02,4.0,3.0,1,Concluída,PIX,Sim
3028,6,3,154,2,2025-12-01,2025-12-06,5.0,4.0,9,Confirmada,Dinheiro,Sim
4434,5,1,1,1,2026-02-05,2026-02-08,3.0,1.0,2,Confirmada,PIX,Sim
3650,10,2,205,2,2026-07-16,2026-07-22,6.0,1.0,8,Cancelada,Transferência,Sim
2539,1,2,77,4,2025-01-15,2025-01-16,1.0,3.0,9,Confirmada,Transferência,Sim
4421,5,3,180,3,2026-02-05,2026-02-10,5.0,2.0,3,Confirmada,Transferência,Sim
4258,3,1,112,3,2026-07-07,2026-07-08,1.0,1.0,2,Cancelada,Cartão de Crédito,Sim
3196,7,2,11,1,2026-05-07,2026-05-09,2.0,1.0,8,Confirmada,Dinheiro,Sim
4392,5,1,27,4,2026-02-05,2026-02-08,3.0,3.0,3,Confirmada,Cartão de Crédito,Sim
4328,5,3,236,3,2025-05-31,2025-06-04,4.0,4.0,3,Confirmada,Transferência,Sim
4545,13,7,243,2,2025-07-20,2025-07-22,2.0,1.0,7,Confirmada,Transferência,Sim
3703,10,3,153,1,2025-12-23,2025-12-28,5.0,3.0,9,Confirmada,Cartão de Crédito,Sim
4629,13,7,296,4,2026-05-06,2026-05-10,4.0,4.0,7,Cancelada,Transferência,Sim
3576,9,5,212,1,2026-06-01,2026-06-07,6.0,1.0,9,Concluída,Cartão de Débito,Sim
2868,4,3,255,4,2025-06-13,2025-06-14,1.0,4.0,7,Confirmada,PIX,Sim
4460,5,1,204,1,2025-10-01,2025-10-04,3.0,1.0,99,Cancelada,PIX,Não
4266,3,3,7,3,2025-07-01,2025-07-04,3.0,2.0,99,Confirmada,Cartão de Débito,Não
2571,1,3,258,3,2026-02-18,2026-02-20,2.0,2.0,8,Concluída,Cartão de Débito,Sim
2893,4,1,226,4,2026-04-23,2026-04-25,2.0,2.0,7,Confirmada,Cartão de Crédito,Sim
2541,1,2,212,2,2025-07-21,2025-07-25,4.0,4.0,6,Confirmada,Dinheiro,Sim
2550,1,1,179,4,2025-02-25,2025-02-26,1.0,2.0,6,Concluída,PIX,Sim
2759,2,3,187,2,2025-05-14,2025-05-18,4.0,3.0,6,Confirmada,PIX,Sim
2477,1,1,182,4,2025-05-15,2025-05-17,2.0,4.0,9,Cancelada,Dinheiro,Sim
4040,12,2,247,2,2026-06-22,2026-06-26,4.0,2.0,9,Concluída,Cartão de Débito,Sim
2643,1,1,291,4,2025-02-12,2025-02-13,1.0,4.0,8,Concluída,PIX,Sim
2685,2,4,91,1,2025-06-06,2025-06-12,6.0,4.0,99,Confirmada,Cartão de Débito,Não
3691,10,3,299,4,2026-03-22,2026-03-24,2.0,3.0,9,Confirmada,Transferência,Sim
2791,2,5,165,3,2025-06-02,2025-06-04,2.0,3.0,99,Concluída,Transferência,Não
4089,12,3,96,1,2025-03-23,2025-03-25,2.0,2.0,8,Concluída,Cartão de Débito,Sim
4009,12,1,59,2,2025-11-05,2025-11-07,2.0,1.0,9,Cancelada,Cartão de Débito,Sim
3713,10,2,183,3,2026-06-27,2026-07-01,4.0,2.0,7,Confirmada,Transferência,Sim
4393,5,1,27,3,2026-02-05,2026-02-09,4.0,2.0,2,Confirmada,Dinheiro,Sim
2966,4,3,3,2,2026-05-06,2026-05-11,5.0,4.0,99,Confirmada,PIX,Não
3910,11,5,186,2,2025-03-20,2025-03-28,8.0,4.0,5,Concluída,Dinheiro,Sim
2772,2,4,154,1,2026-06-27,2026-06-30,3.0,3.0,99,No-show,Cartão de Débito,Não
3562,9,4,97,3,2025-03-12,2025-03-19,7.0,4.0,10,Confirmada,PIX,Sim
3248,7,2,209,4,2025-12-17,2025-12-20,3.0,3.0,8,No-show,Dinheiro,Sim
3285,7,2,252,1,2026-03-18,2026-03-22,4.0,2.0,99,No-show,Dinheiro,Não
4099,12,4,256,2,2025-07-30,2025-08-05,6.0,3.0,99,No-show,PIX,Não
3009,6,3,240,1,2026-05-07,2026-05-10,3.0,2.0,8,Concluída,Cartão de Crédito,Sim
3129,6,3,244,4,2026-05-22,2026-05-25,3.0,4.0,7,Concluída,Cartão de Crédito,Sim
4240,3,1,108,4,2026-04-12,2026-04-19,7.0,3.0,99,Concluída,Dinheiro,Não
3720,10,3,169,4,2026-06-21,2026-06-25,4.0,4.0,9,Confirmada,PIX,Sim
3619,10,3,223,1,2025-02-12,2025-02-16,4.0,4.0,10,Confirmada,Dinheiro,Sim
3507,9,2,188,1,2025-06-16,2025-06-20,4.0,2.0,10,No-show,Dinheiro,Sim
4525,13,7,110,2,2025-07-20,2025-07-24,4.0,2.0,6,Confirmada,Cartão de Débito,Sim
3662,10,4,283,4,2026-07-13,2026-07-17,4.0,1.0,8,Confirmada,Cartão de Débito,Sim
2798,2,1,237,0,2026-08-06,2026-08-11,5.0,1.0,8,Confirmada,Cartão de Débito,Sim
3543,9,2,159,3,2025-02-07,2025-02-09,2.0,4.0,10,Cancelada,Dinheiro,Sim
2765,2,1,276,2,2026-04-27,2026-04-29,2.0,2.0,8,Confirmada,Transferência,Sim
4512,5,1,274,3,2025-03-19,2025-03-22,3.0,4.0,2,Cancelada,PIX,Sim
3380,8,2,168,1,2025-06-22,2025-06-24,2.0,4.0,9,Concluída,Dinheiro,Sim
3640,10,5,87,3,2026-02-24,2026-02-26,2.0,4.0,9,Confirmada,Transferência,Sim
4005,12,5,256,2,2025-05-20,2025-05-21,1.0,1.0,9,Confirmada,Cartão de Crédito,Sim
4234,3,1,6,4,2025-11-07,2025-11-11,4.0,4.0,99,Confirmada,Cartão de Crédito,Não
3953,12,5,123,2,2026-04-23,2026-04-29,6.0,3.0,8,Confirmada,Dinheiro,Sim
2475,1,2,15,2,2025-06-24,2025-06-26,2.0,2.0,6,Concluída,Cartão de Débito,Sim
4201,3,3,214,1,2025-11-07,2025-11-12,5.0,4.0,2,Confirmada,Cartão de Crédito,Sim
2525,1,3,210,3,2026-02-12,2026-02-13,1.0,1.0,8,Concluída,Transferência,Sim
4516,5,3,50,2,2025-01-22,2025-01-23,1.0,4.0,99,Confirmada,Cartão de Débito,Não
4488,5,1,253,4,2026-05-16,2026-05-19,3.0,3.0,1,Cancelada,Dinheiro,Sim
3179,7,3,87,4,2026-03-30,2026-04-02,3.0,3.0,7,Concluída,Transferência,Sim
2570,1,1,188,3,2025-12-13,2025-12-16,3.0,2.0,99,Confirmada,Transferência,Não
4346,5,3,130,2,2025-05-31,2025-06-01,1.0,3.0,2,Confirmada,Cartão de Crédito,Sim
4318,3,1,2,4,2025-09-03,2025-09-05,2.0,3.0,99,Confirmada,Dinheiro,Não
4565,13,6,303,2,2026-04-16,2026-04-17,1.0,4.0,6,Confirmada,Cartão de Débito,Sim
3183,7,4,2,1,2026-02-18,2026-02-20,2.0,4.0,99,Confirmada,Dinheiro,Não
4100,12,1,128,4,2025-01-03,2025-01-08,5.0,1.0,10,Cancelada,Transferência,Sim
2974,4,5,133,3,2026-02-23,2026-02-27,4.0,3.0,8,Concluída,Dinheiro,Sim
4619,13,7,234,2,2025-11-18,2025-11-25,7.0,1.0,9,Cancelada,Cartão de Crédito,Sim
3584,9,5,82,3,2025-07-16,2025-07-18,2.0,2.0,6,Confirmada,Dinheiro,Sim
2873,4,3,117,2,2025-08-11,2025-08-14,3.0,4.0,7,No-show,Cartão de Crédito,Sim
4048,12,5,12,1,2025-03-19,2025-03-20,1.0,2.0,6,Concluída,PIX,Sim
3969,12,1,189,4,2026-07-28,2026-07-31,3.0,2.0,7,Concluída,PIX,Sim
4468,5,2,8,1,2025-03-13,2025-03-16,3.0,2.0,1,Cancelada,Cartão de Crédito,Sim
3955,12,5,300,1,2026-01-21,2026-01-25,4.0,2.0,99,Confirmada,Cartão de Crédito,Não
2721,2,3,263,2,2026-04-04,2026-04-07,3.0,1.0,8,Confirmada,PIX,Sim
4247,3,3,247,3,2026-05-24,2026-05-25,1.0,3.0,2,Confirmada,Transferência,Sim
3304,8,3,261,1,2025-12-17,2025-12-20,3.0,4.0,9,Cancelada,Cartão de Débito,Sim
2749,2,3,99,1,2026-08-14,2026-08-19,5.0,2.0,8,Confirmada,Cartão de Crédito,Sim
3745,10,4,264,1,2026-07-15,2026-07-20,5.0,1.0,9,Confirmada,Dinheiro,Sim
2709,2,1,150,1,2026-06-15,2026-06-16,1.0,2.0,9,Concluída,Cartão de Crédito,Sim
4384,5,1,188,1,2026-02-05,2026-02-07,2.0,4.0,99,Confirmada,PIX,Não
3063,6,3,228,1,2025-05-13,2025-05-18,5.0,1.0,7,Cancelada,PIX,Sim
4153,3,3,255,1,2025-04-01,2025-04-04,3.0,2.0,3,Confirmada,Transferência,Sim
3573,9,2,221,2,2026-05-28,2026-06-03,6.0,3.0,9,Confirmada,Transferência,Sim
3896,11,5,8,2,2025-11-20,2025-11-22,2.0,3.0,10,Confirmada,Transferência,Sim
3483,9,1,184,3,2025-01-24,2025-01-26,2.0,3.0,99,Cancelada,Cartão de Crédito,Não
4031,12,5,283,1,2026-07-27,2026-08-01,5.0,4.0,9,Confirmada,Cartão de Débito,Sim
3857,11,1,118,4,2026-07-16,2026-07-20,4.0,1.0,7,Cancelada,PIX,Sim
2838,4,1,115,4,2026-04-24,2026-04-27,3.0,3.0,7,Confirmada,Dinheiro,Sim
4413,5,2,54,2,2026-02-05,2026-02-06,1.0,3.0,2,Confirmada,PIX,Sim
4643,13,8,318,4,2025-10-29,2025-11-02,4.0,1.0,8,Cancelada,PIX,Sim
3425,8,1,236,2,2025-11-21,2025-11-28,7.0,1.0,7,Cancelada,Cartão de Crédito,Sim
2825,4,5,62,3,2025-06-14,2025-06-16,2.0,2.0,9,Confirmada,Cartão de Débito,Sim
2860,4,5,89,1,2025-07-22,2025-07-23,1.0,3.0,8,Confirmada,Transferência,Sim
3136,6,2,193,0,2026-01-05,2026-01-08,3.0,4.0,99,Confirmada,Cartão de Débito,Não
4471,5,1,13,4,2026-01-10,2026-01-15,5.0,4.0,3,Confirmada,Dinheiro,Sim
3024,6,1,201,1,2025-06-14,2025-06-19,5.0,1.0,10,Confirmada,Cartão de Crédito,Sim
3484,9,2,183,3,2025-02-21,2025-02-22,1.0,3.0,7,Cancelada,Transferência,Sim
3577,9,3,234,3,2026-05-22,2026-05-26,4.0,4.0,7,Confirmada,PIX,Sim
3357,8,3,34,4,2026-08-07,2026-08-09,2.0,4.0,7,Concluída,Transferência,Sim
2993,4,2,277,2,2025-11-06,2025-11-09,3.0,3.0,10,Concluída,PIX,Sim
4253,3,1,34,4,2026-06-13,2026-06-17,4.0,3.0,3,Confirmada,Transferência,Sim
3409,8,2,154,1,2026-02-14,2026-02-15,1.0,1.0,7,Concluída,Dinheiro,Sim
3437,8,5,78,2,2026-04-22,2026-04-28,6.0,2.0,99,Concluída,Dinheiro,Não
2954,4,4,168,2,2026-07-18,2026-07-21,3.0,3.0,9,Concluída,Cartão de Crédito,Sim
3005,6,4,67,4,2025-12-05,2025-12-11,6.0,1.0,10,Concluída,Cartão de Débito,Sim
2917,4,4,11,4,2025-08-07,2025-08-13,6.0,1.0,10,No-show,Cartão de Débito,Sim
3766,10,3,177,2,2026-02-28,2026-03-03,3.0,3.0,8,Confirmada,Dinheiro,Sim
2669,2,3,5,4,2025-05-16,2025-05-17,1.0,3.0,7,Concluída,Cartão de Débito,Sim
3395,8,5,118,2,2025-07-31,2025-08-02,2.0,3.0,5,Confirmada,Cartão de Débito,Sim
3769,10,2,51,4,2025-11-10,2025-11-13,3.0,2.0,7,Confirmada,Transferência,Sim
2650,2,4,69,1,2025-03-17,2025-03-20,3.0,1.0,8,Concluída,Dinheiro,Sim
4386,5,3,291,2,2026-02-05,2026-02-06,1.0,2.0,2,Confirmada,Cartão de Débito,Sim
3674,10,4,182,3,2025-09-21,2025-09-28,7.0,1.0,8,Cancelada,Transferência,Sim
3595,9,4,211,3,2026-03-16,2026-03-23,7.0,4.0,7,Concluída,PIX,Sim
3883,11,2,63,3,2025-04-22,2025-04-27,5.0,2.0,8,Confirmada,Cartão de Crédito,Sim
2687,2,2,190,3,2026-06-18,2026-06-21,3.0,2.0,7,Confirmada,Transferência,Sim
3699,10,3,100,3,2025-10-02,2025-10-05,3.0,3.0,9,Cancelada,Transferência,Sim
3055,6,5,185,1,2025-01-27,2025-02-02,6.0,4.0,8,Concluída,Cartão de Crédito,Sim
2612,1,2,104,3,2025-12-27,2025-12-28,1.0,4.0,7,Concluída,Cartão de Crédito,Sim
3912,11,3,297,2,2026-08-06,2026-08-09,3.0,4.0,7,No-show,Cartão de Crédito,Sim
3342,8,2,239,1,2025-06-25,2025-06-29,4.0,2.0,99,Confirmada,PIX,Não
3663,10,4,118,2,2025-03-31,2025-04-03,3.0,2.0,6,Confirmada,Transferência,Sim
3817,11,5,167,2,2025-03-15,2025-03-17,2.0,3.0,9,Cancelada,PIX,Sim
4561,13,7,315,4,2025-07-20,2025-07-24,4.0,3.0,99,Confirmada,Cartão de Crédito,Não
2532,1,5,21,1,2026-06-01,2026-06-02,1.0,3.0,8,Confirmada,PIX,Sim
3266,7,2,6,3,2026-08-13,2026-08-16,3.0,1.0,7,Confirmada,Cartão de Débito,Sim
2872,4,5,99,4,2026-08-24,2026-08-27,3.0,1.0,99,Cancelada,Cartão de Crédito,Não
3917,11,5,197,2,2026-01-30,2026-02-01,2.0,2.0,8,Confirmada,Transferência,Sim
3688,10,3,5,4,2026-02-03,2026-02-07,4.0,4.0,6,Confirmada,Dinheiro,Sim
3388,8,3,84,4,2025-03-31,2025-04-02,2.0,4.0,9,Concluída,Cartão de Crédito,Sim
4107,12,4,30,0,2025-01-23,2025-01-24,1.0,2.0,99,No-show,Cartão de Crédito,Não
2691,2,4,204,4,2025-03-08,2025-03-11,3.0,1.0,99,Concluída,Cartão de Débito,Não
4526,13,8,179,4,2025-07-20,2025-07-22,2.0,4.0,99,Confirmada,Cartão de Débito,Não
3261,7,2,90,4,2026-08-26,2026-08-29,3.0,1.0,8,Confirmada,Cartão de Crédito,Sim
3340,8,4,108,4,2025-02-05,2025-02-07,2.0,4.0,7,Confirmada,Transferência,Sim
4091,12,3,81,3,2025-06-07,2025-06-11,4.0,2.0,8,Confirmada,Cartão de Crédito,Sim
3512,9,3,179,2,2026-08-17,2026-08-20,3.0,3.0,9,Cancelada,Cartão de Crédito,Sim
2748,2,5,45,3,2025-04-24,2025-04-30,6.0,2.0,9,Cancelada,Transferência,Sim
3372,8,3,30,3,2025-05-03,2025-05-04,1.0,1.0,10,Confirmada,Cartão de Débito,Sim
4414,5,2,90,3,2026-02-05,2026-02-08,3.0,1.0,1,Confirmada,Transferência,Sim
3551,9,3,110,4,2025-11-28,2025-12-02,4.0,1.0,7,Confirmada,PIX,Sim
3569,9,5,158,3,2026-04-01,2026-04-04,3.0,2.0,9,Confirmada,Transferência,Sim
4347,5,3,249,1,2025-05-31,2025-06-03,3.0,2.0,3,Confirmada,Dinheiro,Sim
2572,1,1,205,4,2025-03-31,2025-04-04,4.0,3.0,8,Confirmada,Cartão de Crédito,Sim
4030,12,2,41,2,2026-08-31,2026-09-01,1.0,2.0,9,Confirmada,Cartão de Crédito,Sim
2923,4,2,156,3,2025-03-08,2025-03-10,2.0,1.0,10,Confirmada,Dinheiro,Sim
2625,1,2,88,3,2025-03-31,2025-04-01,1.0,3.0,8,Confirmada,Cartão de Crédito,Sim
3355,8,1,241,4,2025-12-25,2025-12-29,4.0,1.0,10,Confirmada,Cartão de Crédito,Sim
4067,12,1,46,4,2026-06-17,2026-06-19,2.0,3.0,7,Confirmada,PIX,Sim
3559,9,4,229,4,2026-01-01,2026-01-05,4.0,1.0,8,Confirmada,Cartão de Crédito,Sim
3378,8,2,53,2,2025-05-01,2025-05-05,4.0,1.0,7,Confirmada,Dinheiro,Sim
4013,12,3,148,4,2025-12-23,2025-12-24,1.0,2.0,6,Confirmada,Dinheiro,Sim
3056,6,3,50,1,2025-12-28,2025-12-29,1.0,2.0,8,Confirmada,PIX,Sim
4401,5,2,248,1,2026-02-05,2026-02-08,3.0,3.0,2,Confirmada,Cartão de Crédito,Sim
2715,2,1,117,3,2026-02-20,2026-02-21,1.0,4.0,99,Confirmada,Dinheiro,Não
2713,2,2,133,3,2026-05-24,2026-05-25,1.0,2.0,5,Cancelada,Cartão de Débito,Sim
3185,7,3,241,2,2025-10-15,2025-10-22,7.0,1.0,10,Concluída,Cartão de Crédito,Sim
3226,7,1,230,1,2026-01-09,2026-01-10,1.0,4.0,7,Confirmada,Dinheiro,Sim
4184,3,2,274,1,2025-11-07,2025-11-09,2.0,2.0,3,Confirmada,Cartão de Crédito,Sim
3935,12,5,4,4,2026-04-03,2026-04-07,4.0,3.0,99,Confirmada,PIX,Não
2568,1,5,4,2,2026-07-07,2026-07-13,6.0,4.0,8,Cancelada,Cartão de Crédito,Sim
4137,3,2,31,1,2025-04-01,2025-04-02,1.0,1.0,2,Confirmada,PIX,Sim
4154,3,2,34,1,2025-04-01,2025-04-05,4.0,1.0,2,Confirmada,Transferência,Sim
3684,10,2,297,4,2025-06-22,2025-06-23,1.0,2.0,7,Cancelada,PIX,Sim
3170,7,4,258,2,2025-12-30,2026-01-02,3.0,2.0,10,Confirmada,Cartão de Débito,Sim
3937,12,1,85,1,2025-05-19,2025-05-24,5.0,3.0,10,Concluída,PIX,Sim
3477,9,5,121,4,2025-11-14,2025-11-17,3.0,4.0,6,Confirmada,PIX,Sim
3618,9,1,20,4,2026-06-26,2026-06-28,2.0,2.0,8,Confirmada,PIX,Sim
3418,8,1,239,3,2025-07-05,2025-07-10,5.0,4.0,7,Confirmada,PIX,Sim
2728,2,1,158,2,2026-02-27,2026-03-04,5.0,1.0,6,Confirmada,Dinheiro,Sim
2521,1,2,168,1,2026-08-16,2026-08-20,4.0,2.0,99,Confirmada,Dinheiro,Não
3552,9,3,280,3,2025-06-28,2025-07-01,3.0,4.0,10,Concluída,PIX,Sim
3350,8,4,82,1,2025-10-15,2025-10-17,2.0,2.0,7,Confirmada,PIX,Sim
3753,10,3,266,3,2025-08-26,2025-08-29,3.0,3.0,99,Confirmada,Cartão de Crédito,Não
3236,7,5,251,4,2026-06-07,2026-06-11,4.0,3.0,6,Cancelada,Cartão de Crédito,Sim
2494,1,4,130,1,2025-03-09,2025-03-15,6.0,2.0,10,Concluída,Cartão de Crédito,Sim
2701,2,4,77,2,2025-07-22,2025-07-24,2.0,1.0,8,Confirmada,Cartão de Débito,Sim
2540,1,4,266,4,2026-08-16,2026-08-21,5.0,1.0,7,Confirmada,Cartão de Crédito,Sim
4583,13,7,302,4,2026-04-16,2026-04-18,2.0,1.0,99,Confirmada,PIX,Não
3318,8,4,289,2,2025-01-09,2025-01-13,4.0,2.0,7,Confirmada,PIX,Sim
2830,4,1,294,2,2025-07-05,2025-07-12,7.0,2.0,7,Cancelada,Transferência,Sim
4461,5,2,15,1,2025-09-21,2025-09-24,3.0,3.0,3,Confirmada,Dinheiro,Sim
4308,3,2,61,2,2025-08-05,2025-08-08,3.0,2.0,2,Confirmada,Dinheiro,Sim
3819,11,3,196,0,2025-04-30,2025-05-05,5.0,1.0,5,Concluída,Cartão de Crédito,Sim
3209,7,4,139,4,2026-07-27,2026-07-28,1.0,1.0,10,Concluída,Transferência,Sim
3495,9,5,130,2,2025-10-26,2025-10-27,1.0,1.0,5,Confirmada,Cartão de Crédito,Sim
3692,10,4,288,3,2026-04-16,2026-04-17,1.0,2.0,8,Confirmada,Transferência,Sim
3337,8,3,236,3,2025-01-18,2025-01-21,3.0,1.0,8,Confirmada,Dinheiro,Sim
4320,3,3,54,4,2025-08-18,2025-08-19,1.0,4.0,2,Confirmada,PIX,Sim
2934,4,2,156,2,2026-01-21,2026-01-23,2.0,1.0,10,Confirmada,Dinheiro,Sim
2683,2,3,33,4,2026-01-23,2026-01-26,3.0,3.0,7,Concluída,Transferência,Sim
3090,6,4,265,4,2025-05-13,2025-05-15,2.0,1.0,9,Confirmada,PIX,Sim
2674,2,3,145,1,2025-05-20,2025-05-24,4.0,2.0,7,Concluída,PIX,Sim
3511,9,1,61,1,2025-03-26,2025-03-27,1.0,3.0,7,Cancelada,Cartão de Crédito,Sim
4341,5,2,298,2,2025-05-31,2025-06-02,2.0,4.0,1,Confirmada,Cartão de Crédito,Sim
2638,1,2,289,2,2025-05-17,2025-05-22,5.0,4.0,7,Confirmada,Dinheiro,Sim
3096,6,3,295,3,2025-04-28,2025-05-03,5.0,1.0,10,Confirmada,Cartão de Crédito,Sim
2502,1,3,249,1,2025-05-22,2025-05-26,4.0,2.0,9,Confirmada,Transferência,Sim
3956,12,3,262,2,2026-07-11,2026-07-13,2.0,2.0,99,Confirmada,Dinheiro,Não
2722,2,5,24,4,2026-08-14,2026-08-18,4.0,3.0,99,Confirmada,Dinheiro,Não
3546,9,4,288,3,2026-07-08,2026-07-09,1.0,4.0,8,Confirmada,Transferência,Sim
4620,13,7,315,4,2026-05-07,2026-05-10,3.0,1.0,8,Confirmada,Transferência,Sim
3696,10,3,66,2,2025-12-25,2025-12-29,4.0,4.0,8,Concluída,Transferência,Sim
4631,13,6,189,2,2025-06-07,2025-06-08,1.0,3.0,8,Cancelada,PIX,Sim
3308,8,2,128,2,2026-01-05,2026-01-08,3.0,2.0,9,Confirmada,Cartão de Crédito,Sim
2552,1,1,217,1,2026-02-09,2026-02-14,5.0,4.0,8,Confirmada,Dinheiro,Sim
2790,2,5,148,4,2025-07-09,2025-07-13,4.0,2.0,8,Cancelada,PIX,Sim
4537,13,6,83,1,2025-07-20,2025-07-23,3.0,1.0,6,Confirmada,PIX,Sim
2832,4,4,273,4,2025-02-25,2025-02-28,3.0,2.0,8,Cancelada,PIX,Sim
3879,11,1,252,2,2025-10-09,2025-10-13,4.0,3.0,8,Concluída,PIX,Sim
2866,4,4,278,4,2025-05-27,2025-05-30,3.0,2.0,8,Confirmada,PIX,Sim
3143,6,1,202,2,2026-05-17,2026-05-20,3.0,4.0,7,Confirmada,Dinheiro,Sim
2876,4,4,38,4,2025-11-16,2025-11-22,6.0,4.0,9,Cancelada,Cartão de Crédito,Sim
3871,11,4,154,1,2025-12-07,2025-12-10,3.0,4.0,9,Confirmada,PIX,Sim
2602,1,1,50,2,2025-01-31,2025-02-05,5.0,4.0,9,Concluída,Cartão de Crédito,Sim
4032,12,1,217,0,2026-02-08,2026-02-10,2.0,4.0,10,Confirmada,Cartão de Crédito,Sim
3444,8,4,222,2,2025-08-16,2025-08-17,1.0,4.0,99,Confirmada,Cartão de Crédito,Não
2472,1,2,266,4,2025-08-21,2025-08-23,2.0,1.0,7,Confirmada,Transferência,Sim
2986,4,3,9,4,2026-03-25,2026-03-27,2.0,4.0,8,Confirmada,Transferência,Sim
2849,4,3,216,2,2026-03-26,2026-03-27,1.0,2.0,8,Confirmada,Cartão de Crédito,Sim
3311,8,4,255,3,2026-06-07,2026-06-10,3.0,1.0,7,Confirmada,Cartão de Débito,Sim
3259,7,4,29,4,2026-06-05,2026-06-10,5.0,3.0,9,Confirmada,Cartão de Crédito,Sim
4405,5,1,54,0,2026-02-05,2026-02-07,2.0,4.0,99,Confirmada,Dinheiro,Não
4584,13,6,63,1,2026-04-16,2026-04-18,2.0,1.0,99,Confirmada,PIX,Não
2845,4,3,142,1,2026-06-29,2026-07-02,3.0,3.0,8,Confirmada,Transferência,Sim
3293,8,3,257,4,2026-05-16,2026-05-22,6.0,4.0,9,No-show,Transferência,Sim
2648,2,5,191,4,2025-05-31,2025-06-02,2.0,4.0,7,Confirmada,Cartão de Crédito,Sim
4152,3,3,243,0,2025-04-01,2025-04-05,4.0,1.0,3,Confirmada,Cartão de Crédito,Sim
2822,4,1,18,2,2025-03-30,2025-03-31,1.0,1.0,9,Confirmada,PIX,Sim
3617,9,2,125,3,2025-04-30,2025-05-03,3.0,1.0,10,Cancelada,Cartão de Crédito,Sim
2703,2,5,154,1,2025-08-21,2025-08-26,5.0,1.0,99,Cancelada,Dinheiro,Não
3339,8,3,187,4,2025-05-09,2025-05-12,3.0,3.0,8,Confirmada,Transferência,Sim
2732,2,1,185,1,2026-08-06,2026-08-10,4.0,3.0,7,Confirmada,Dinheiro,Sim
2605,1,1,167,2,2026-07-29,2026-08-03,5.0,2.0,99,Concluída,Transferência,Não
3587,9,3,285,1,2026-02-02,2026-02-03,1.0,4.0,6,Confirmada,Cartão de Crédito,Sim
2752,2,1,123,3,2025-12-03,2025-12-06,3.0,1.0,9,Cancelada,Dinheiro,Sim
2782,2,5,223,0,2026-04-29,2026-05-02,3.0,2.0,10,Concluída,Cartão de Débito,Sim
3228,7,1,112,1,2025-06-19,2025-06-22,3.0,1.0,7,Confirmada,Dinheiro,Sim
4173,3,2,271,2,2025-04-01,2025-04-08,7.0,3.0,2,Confirmada,Cartão de Débito,Sim
3358,8,5,197,3,2026-08-23,2026-08-26,3.0,4.0,7,Confirmada,Cartão de Crédito,Sim
4458,5,3,236,1,2026-06-09,2026-06-11,2.0,3.0,5,Cancelada,Cartão de Crédito,Sim
4511,5,2,257,3,2026-04-24,2026-04-28,4.0,3.0,1,Cancelada,Transferência,Sim
3432,8,2,184,3,2026-05-20,2026-05-24,4.0,1.0,8,Cancelada,Transferência,Sim
2561,1,1,7,1,2026-02-14,2026-02-18,4.0,3.0,7,Confirmada,PIX,Sim
4379,5,2,71,2,2025-05-31,2025-06-06,6.0,3.0,2,Confirmada,Cartão de Débito,Sim
3928,11,1,175,3,2025-03-20,2025-03-21,1.0,2.0,99,Confirmada,Transferência,Não
2499,1,3,62,0,2026-01-21,2026-01-22,1.0,4.0,8,Cancelada,Transferência,Sim
3844,11,3,33,4,2026-01-26,2026-01-28,2.0,3.0,99,Confirmada,Transferência,Não
2835,4,2,36,3,2025-07-05,2025-07-07,2.0,1.0,99,Confirmada,Dinheiro,Não
3736,10,1,72,3,2026-05-31,2026-06-01,1.0,4.0,10,Concluída,Cartão de Crédito,Sim
4462,5,1,166,0,2025-04-28,2025-04-29,1.0,3.0,3,Confirmada,Dinheiro,Sim
2663,2,2,142,3,2025-11-23,2025-11-25,2.0,3.0,6,Confirmada,Transferência,Sim
3526,9,5,116,0,2026-03-03,2026-03-07,4.0,2.0,7,Confirmada,Cartão de Crédito,Sim
4533,13,8,307,2,2025-07-20,2025-07-24,4.0,4.0,7,Confirmada,PIX,Sim
3919,11,5,181,3,2025-08-07,2025-08-09,2.0,2.0,9,No-show,Dinheiro,Sim
2662,2,1,98,1,2025-12-15,2025-12-20,5.0,3.0,10,Confirmada,Cartão de Crédito,Sim
4440,5,1,36,0,2026-02-05,2026-02-07,2.0,1.0,1,Confirmada,Dinheiro,Sim
3198,7,5,268,1,2026-08-05,2026-08-07,2.0,2.0,9,Confirmada,Cartão de Débito,Sim
3490,9,3,48,1,2026-05-24,2026-05-26,2.0,3.0,8,Confirmada,Transferência,Sim
4579,13,6,306,4,2026-04-16,2026-04-18,2.0,4.0,99,Confirmada,Dinheiro,Não
3882,11,1,100,4,2025-01-03,2025-01-06,3.0,1.0,8,Confirmada,Cartão de Crédito,Sim
4183,3,1,102,1,2025-11-07,2025-11-09,2.0,1.0,3,Confirmada,PIX,Sim
