id_reserva;id_unidade;id_tipo_quarto;id_cliente;id_canal;data_checkin;data_checkout;qtd_diarias;num_hospedes;avaliacao_hospede;status_reserva;forma_pagamento
3787;11;2;42;4.0;2025-09-23;2025-09-25;2;2;8.0;concluída;Cartão de Crédito
3638;10;2;17;4.0;2025-03-12;2025-03-13;1;3;;confirmada;PIX
2950;4;3;275;2.0;2025-06-25;2025-07-01;6;3;10.0;concluída;Dinheiro
2582;1;4;81;1.0;2025-10-02;2025-10-03;1;2;8.0;cancelada;Transferência
3084;6;2;4;1.0;2026-01-14;2026-01-19;5;2;8.0;confirmada;Transferência
3241;7;3;218;2.0;2026-01-02;2026-01-08;6;1;7.0;concluída;Cartão de Débito
3377;8;4;292;3.0;2025-08-21;2025-08-25;4;4;8.0;confirmada;Transferência
4159;3;2;88;4.0;2025-04-01;2025-04-03;2;2;2.0;confirmada;Cartão de Crédito
4057;12;3;223;3.0;2025-05-11;2025-05-14;3;4;7.0;confirmada;Dinheiro
3189;7;4;124;2.0;2026-08-28;2026-08-29;1;1;;confirmada;Cartão de Débito
3740;10;2;30;4.0;2026-07-02;2026-07-04;2;1;8.0;confirmada;Cartão de Crédito
2578;1;3;286;4.0;2025-03-28;2025-03-29;1;3;;confirmada;CD
3387;8;4;126;1.0;2026-08-28;2026-09-02;5;3;8.0;Concluída ;Cartão de Débito
2635;1;3;270;1.0;2025-08-15;2025-08-18;3;4;5.0;concluída;Dinheiro
2997;6;2;228;3.0;2025-04-29;2025-04-30;1;4;;confirmada;Transferência
4123;3;2;79;1.0;2025-04-01;2025-04-03;2;1;1.0;confirmada;TED
3295;8;1;201;3.0;2025-09-07;2025-09-09;2;2;8.0;cancelada;Cartão de Crédito
4427;5;1;259;2.0;2026-02-05;2026-02-08;3;2;2.0;confirmada;Transferência
2804;2;3;236;2.0;2025-05-26;2025-05-29;3;3;7.0;concluída;Transferência
4501;5;1;62;;2026-04-20;2026-04-21;1;3;2.0;Concluída ;Cartão de Débito
3214;7;4;184;3.0;2026-08-28;2026-08-29;1;3;8.0;cancelada;Cartão de Crédito
4041;12;1;125;1.0;2025-12-03;2025-12-06;3;2;8.0;confirmada;Cartão de Débito
4109;12;1;138;2.0;2025-02-26;2025-02-28;2;1;;cancelada;Dinheiro
4169;3;3;226;3.0;2025-04-01;2025-04-05;4;2;1.0;confirmada;PIX
4443;5;3;219;;2025-01-01;2025-01-05;4;3;1.0;confirmada;Cartão de Crédito
3811;11;3;75;3.0;2025-12-18;2025-12-21;3;2;10.0;confirmada;PIX
4534;13;6;108;1.0;2025-07-20;2025-07-25;5;2;7.0;confirmada;Transferência
3315;8;2;293;3.0;2025-08-12;2025-08-13;1;4;6.0;confirmada;Dinheiro
4615;13;8;275;3.0;2025-10-09;2025-10-10;1;4;10.0;no-show;Cartão de Débito
4110;3;1;189;4.0;2025-04-01;2025-04-03;2;4;3.0;conf.;Transferência
4570;13;6;82;4.0;2026-04-16;2026-04-17;1;3;7.0;conf.;PIX
3017;6;5;19;1.0;2026-06-04;2026-06-07;3;1;7.0;confirmada;Transferência
4231;3;2;128;4.0;2025-11-07;2025-11-11;4;1;;confirmada;Cartão de Débito
3453;8;2;239;2.0;2025-11-07;2025-11-14;7;2;8.0;Confirmada;cred
2921;4;3;186;1.0;2026-06-25;2026-06-28;3;4;;confirmada;Transferência
4507;5;2;90;3.0;2025-06-27;2025-07-01;4;4;1.0;cancelada;Cartão de Débito
3908;11;2;75;2.0;2025-03-22;2025-03-24;2;1;;confirmada;cartao debito
4241;3;2;245;3.0;2026-03-27;2026-04-03;7;3;2.0;confirmada;Dinheiro
4074;12;4;81;3.0;2025-03-27;2025-04-01;5;4;7.0;concluída;PIX
3509;9;3;157;2.0;2025-09-10;2025-09-17;7;3;8.0;confirmada;Dinheiro
3210;7;5;23;1.0;2025-04-07;2025-04-09;2;4;9.0;concluída;C. Crédito
4007;12;3;50;;2026-07-13;2026-07-14;1;3;;concluída;Dinheiro
3026;6;1;33;4.0;2025-01-08;2025-01-13;5;3;8.0;conf.;PIX
3466;9;4;148;2.0;2025-01-13;2025-01-14;1;1;;concluída;Dinheiro
3874;11;5;214;1.0;2025-04-18;2025-04-20;2;3;8.0;confirmada;Dinheiro
3869;11;4;71;2.0;2025-11-20;2025-11-24;4;4;6.0;confirmada;PIX
3031;6;1;180;;2026-07-20;2026-07-23;3;1;8.0;confirmada;PIX
3734;10;2;38;3.0;2026-03-06;2026-03-09;3;1;4.0;concluída;Dinheiro
2743;2;1;292;1.0;2026-03-27;2026-03-30;3;2;10.0;Confirmada;Cartão de Débito
3485;9;4;199;4.0;2026-06-27;2026-06-28;1;1;7.0;confirmada;pix
3458;8;3;268;4.0;2025-07-04;2025-07-09;5;2;10.0;concluída;Transferência
4425;5;2;206;2.0;2026-02-05;2026-02-09;4;4;1.0;Confirmada;Dinheiro
4337;5;3;125;2.0;2025-05-31;2025-06-03;3;4;4.0;confirmada;Transferência
2675;2;1;225;2.0;2026-01-05;2026-01-09;4;3;8.0;cancel.;PIX
4624;13;8;307;2.0;2025-01-08;2025-01-13;5;2;9.0;no-show;Dinheiro
3527;9;3;252;4.0;2026-03-24;2026-03-28;4;2;7.0;concluída;Pix
3944;12;4;94;;2025-02-07;2025-02-12;5;4;7.0;cancelada;Cartão de Crédito
3211;7;4;135;3.0;2026-08-29;2026-08-30;1;4;8.0;cancelada;Transferência
4558;13;8;110;1.0;2025-07-20;2025-07-22;2;2;8.0;confirmada;Cartão de Débito
2636;1;4;263;2.0;2025-07-30;2025-08-02;3;3;8.0;confirmada;Cartão de Crédito
2875;4;1;169;1.0;2025-01-09;2025-01-10;1;1;8.0;confirmada;Cartão de Débito
4082;12;5;175;2.0;2026-08-26;2026-08-31;5;4;8.0;CONFIRMADA ;Cartão de Débito
4319;3;2;281;4.0;2025-07-26;2025-07-29;3;2;1.0;cancelada;Cartão de Crédito
4116;3;2;96;;2025-04-01;2025-04-04;3;2;2.0;CONFIRMADA ;Cartão de Crédito
4212;3;3;9;4.0;2025-11-07;2025-11-11;4;4;2.0;confirmada;PIX
3825;11;2;68;3.0;2025-10-31;2025-11-02;2;3;7.0;cancelada;Transferência
2891;4;3;236;4.0;2026-01-04;2026-01-08;4;2;8.0;concluída;PIX
2940;4;2;75;4.0;2026-05-19;2026-05-20;1;4;9.0;confirmada;Cartão de Crédito
2959;4;5;81;4.0;2025-04-22;2025-04-28;6;3;7.0;Confirmada;PIX
4408;5;3;104;2.0;2026-02-05;2026-02-07;2;1;1.0;confirmada;Cartão de Débito
2614;1;3;181;4.0;2025-12-28;2026-01-01;4;3;7.0;concluída;Cartão de Débito
2890;4;4;264;4.0;2026-08-07;2026-08-08;1;3;5.0;confirmada;Cartão de Débito
2910;4;2;125;1.0;2026-01-16;2026-01-18;2;3;6.0;confirmada;Dinheiro
2705;2;1;263;1.0;2025-02-04;2025-02-09;5;4;8.0;confirmada;PIX
4332;5;3;41;2.0;2025-05-31;2025-06-06;6;3;1.0;confirmada;Cartão de Débito
3282;7;4;103;1.0;2026-03-31;2026-04-02;2;3;7.0;cancelada;pix
2604;1;4;216;1.0;2025-01-19;2025-01-20;1;3;7.0;confirmada;Transferência
3225;7;2;258;4.0;2025-04-28;2025-04-29;1;3;7.0;confirmada;Transferência
4338;5;1;178;1.0;2025-05-31;2025-06-03;3;4;3.0;confirmada;Cartão de Débito
3647;10;5;81;2.0;2026-01-06;2026-01-09;3;1;9.0;confirmada;Transferência
2523;1;2;20;3.0;2025-12-25;2025-12-27;2;3;7.0;concluída;Dinheiro
3548;9;4;165;3.0;2026-06-14;2026-06-15;1;1;;concluída;PIX
2753;2;1;276;2.0;2026-06-28;2026-06-30;2;1;9.0;confirmada;Dinheiro
2641;1;3;5;3.0;2026-07-11;2026-07-15;4;3;;confirmada;PIX
2751;2;4;84;4.0;2025-06-16;2025-06-22;6;3;;confirmada;Transferência
4125;3;3;146;1.0;2025-04-01;2025-04-03;2;1;4.0;confirmada;Cartão de Crédito
4522;13;8;319;1.0;2025-07-20;2025-07-23;3;2;7.0;confirmada;PIX
4623;13;7;312;1.0;2026-05-26;2026-05-30;4;4;7.0;no-show;Dinheiro
2544;1;2;200;3.0;2025-12-01;2025-12-06;5;4;;confirmada;PIX
3590;9;3;46;1.0;2026-03-25;2026-03-26;1;2;8.0;confirmada;Dinheiro
4126;3;1;257;1.0;2025-04-01;2025-04-02;1;2;3.0;CONFIRMADA ;Cartão de Crédito
2933;4;2;24;;2026-05-03;2026-05-08;5;1;8.0;confirmada;Cartão de Débito
3749;10;5;241;3.0;2026-03-18;2026-03-25;7;2;8.0;concluída;Dinheiro
2784;2;4;174;3.0;2025-08-20;2025-08-26;6;3;;concluída;PIX
4370;5;1;188;3.0;2025-05-31;2025-06-03;3;1;1.0;confirmada;Cartão de Débito
4203;3;3;104;4.0;2025-11-07;2025-11-11;4;3;4.0;confirmada;cartao debito
3514;9;2;110;2.0;2025-09-25;2025-09-30;5;1;9.0;confirmada;cash
2597;1;3;293;2.0;2025-08-12;2025-08-17;5;2;;confirmada;Dinheiro
3446;8;2;73;2.0;2026-08-27;2026-08-28;1;1;8.0;concluída;PIX
4311;3;2;191;2.0;2025-07-08;2025-07-10;2;2;2.0;confirmada;Dinheiro
3785;11;3;263;2.0;2025-04-08;2025-04-12;4;1;;confirmada;pix
2529;1;4;94;;2025-07-20;2025-07-21;1;2;6.0;confirmada;Cartão de Crédito
3431;8;1;185;1.0;2025-11-22;2025-11-25;3;1;;cancelada;Cartão de Débito
3060;6;5;93;2.0;2026-07-18;2026-07-22;4;2;9.0;confirmada;Cartão de Débito
2741;2;5;195;;2026-08-23;2026-08-28;5;1;9.0;Confirmada;Transferência
3087;6;5;42;2.0;2025-02-10;2025-02-13;3;1;9.0;no-show;transferencia
3658;10;3;228;4.0;2026-07-14;2026-07-19;5;3;9.0;confirmada;PIX
3494;9;4;241;4.0;2026-04-10;2026-04-14;4;1;6.0;cancelada;Transferência
3951;12;4;143;1.0;2026-05-08;2026-05-10;2;3;7.0;conf.;Cartão de Débito
2927;4;2;160;4.0;2025-07-08;2025-07-13;5;3;9.0;confirmada;Transferência
3472;9;1;141;1.0;2025-03-02;2025-03-03;0;1;;confirmada;Dinheiro
3661;10;4;134;1.0;2026-02-23;2026-02-26;3;3;;confirmada;dinheiro
2591;1;3;247;4.0;2025-05-08;2025-05-12;4;2;7.0;cancelada;PIX
2975;4;1;178;;2025-09-20;2025-09-21;1;1;9.0;concluída;Cartão de Crédito
3045;6;1;108;2.0;2025-09-16;2025-09-23;7;2;9.0;no-show;Cartão de Crédito
2704;2;3;92;1.0;2025-12-04;2025-12-05;1;1;;confirmada;Dinheiro
2512;1;1;254;2.0;2025-10-30;2025-11-01;2;1;7.0;confirmada;PIX
2491;1;4;12;3.0;2025-02-12;2025-02-13;1;2;7.0;concluída;cash
3718;10;5;39;1.0;2025-11-28;2025-12-03;5;1;5.0;confirmada;PIX
3605;9;2;220;4.0;2025-07-12;2025-07-14;2;3;8.0;concluída;déb
3422;8;2;59;4.0;2025-12-20;2025-12-21;1;2;7.0;cancelada;dinheiro
4062;12;5;143;4.0;2025-09-01;2025-09-03;2;4;7.0;confirmada;dinheiro
4298;3;2;103;;2025-02-05;2025-02-07;2;1;;confirmada;Dinheiro
3945;12;5;292;1.0;2025-09-06;2025-09-11;5;4;8.0;confirmada;transferencia
3068;6;3;128;1.0;2025-03-14;2025-03-18;4;4;8.0;cancelada;PIX
2981;4;1;232;4.0;2025-04-14;2025-04-16;2;3;6.0;confirmada;Dinheiro
4558;13;8;110;1.0;2025-07-20;2025-07-22;2;2;8.0;confirmada;Cartão de Débito
2505;1;2;193;3.0;2026-06-21;2026-06-24;3;3;10.0;confirmada;Pix
4621;13;7;116;3.0;2026-08-17;2026-08-21;4;1;6.0;Confirmada;dinheiro
3555;9;1;147;1.0;2025-09-23;2025-09-25;2;4;8.0;cancelada;Cartão de Crédito
4483;5;2;239;2.0;2026-03-17;2026-03-19;2;3;;confirmada;Transferência
3947;12;2;239;2.0;2026-07-16;2026-07-18;2;3;8.0;concluída;PIX
4024;12;2;139;1.0;2026-06-25;2026-06-26;1;4;10.0;concluída;Cartão de Débito
2806;2;4;266;2.0;2025-10-11;2025-10-15;4;2;;conf.;Dinheiro
3934;12;5;71;3.0;2025-01-08;2025-01-11;3;3;8.0;confirmada;PIX
4463;5;1;278;3.0;2025-07-19;2025-07-20;1;-1;2.0;cancelada;Cartão de Crédito
3475;9;5;47;4.0;2025-06-25;2025-06-27;2;4;7.0;confirmada;PIX
3510;9;5;279;3.0;2025-02-14;2025-02-18;4;1;;cancelada;Cartão de Débito
4359;5;3;280;4.0;2025-05-31;2025-06-01;1;4;2.0;confirmada;PIX
4641;13;6;80;3.0;2025-09-05;2025-09-10;5;4;8.0;confirmada;transferencia
2677;2;1;70;2.0;2025-01-16;2025-01-18;2;1;;cancelada;PIX
3686;10;2;254;2.0;2025-12-28;2025-12-30;2;1;;cancelada;Dinheiro
3181;7;5;165;3.0;2025-08-27;2025-08-30;3;1;7.0;concluída;Dinheiro
4357;5;3;49;3.0;2025-05-31;2025-06-04;4;2;;confirmada;PIX
2678;2;2;115;2.0;2025-01-03;2025-01-10;7;1;;cancelada;PIX
4611;13;6;304;1.0;2025-10-30;2025-11-02;3;3;8.0;cancelada;cartao debito
2634;1;1;300;1.0;2025-10-21;2025-10-22;1;1;8.0;conf.;Dinheiro
4553;13;6;231;2.0;2025-07-20;2025-07-23;3;1;8.0;confirmada;Dinheiro
2885;4;3;30;1.0;2026-02-23;2026-02-27;4;2;8.0;concluída;DINHEIRO
2899;4;4;211;1.0;2025-01-19;2025-01-25;6;1;6.0;confirmada;cartao debito
2750;2;1;70;4.0;2025-03-02;2025-03-04;2;3;10.0;concluída;Transferência
3238;7;4;299;1.0;2025-09-01;2025-09-03;2;2;;cancelada;Cartão de Débito
4136;3;1;99;3.0;2025-04-01;2025-04-03;2;3;3.0;confirmada;Cartão de Crédito
4170;3;3;173;2.0;2025-04-01;2025-04-02;1;4;2.0;confirmada;PIX
4027;12;3;67;2.0;2025-08-09;2025-08-12;3;2;10.0;confirmada;Dinheiro
3410;8;1;139;2.0;2026-07-23;2026-07-24;1;4;8.0;confirmada;Transferência
2599;1;1;8;4.0;2026-05-20;2026-05-23;3;3;;concluída;Cartão de Débito
4382;5;2;195;3.0;2025-05-31;2025-06-04;4;3;4.0;confirmada;Cartão de Crédito
3317;8;5;207;1.0;2026-01-23;2026-01-27;4;3;8.0;concluída;PIX
3178;7;1;66;1.0;2025-04-16;2025-04-19;3;3;10.0;confirmada;Transferência
3774;10;2;284;4.0;2025-05-22;2025-05-24;2;2;9.0;Concluida;Transferência
4094;12;4;299;3.0;2026-01-18;2026-01-22;4;3;9.0;confirmada;Cartão de Crédito
3254;7;1;194;2.0;2025-02-01;2025-02-02;1;1;8.0;NO-SHOW;CC
3134;6;2;211;2.0;2025-12-17;2025-12-19;2;1;7.0;concluída;Dinheiro
4499;5;1;101;4.0;2025-06-27;2025-07-01;4;4;2.0;cancelada;Dinheiro
3036;6;3;257;4.0;2025-07-12;2025-07-16;4;2;8.0;concluída;Transferência
3549;9;3;236;1.0;2025-12-21;2025-12-23;2;3;7.0;cancelada;Cartão de Crédito
2744;2;2;3;4.0;2025-09-02;2025-09-04;2;2;;concluída;cred
4398;5;2;244;3.0;2026-02-05;2026-02-08;3;3;1.0;Confirmada;PIX
3568;9;2;64;3.0;2026-07-24;2026-07-27;3;2;8.0;NO-SHOW;Dinheiro
3781;11;3;233;3.0;2025-12-15;2025-12-17;2;3;8.0;concluída;Transferência
2546;1;1;24;1.0;2025-02-13;2025-02-17;4;2;;cancelada;dinheiro
3541;9;4;227;2.0;2025-07-11;2025-07-12;1;3;11.0;confirmada;Transferência
4527;13;6;310;2.0;2025-07-20;2025-07-21;1;4;6.0;confirmada;Cartão de Débito
3994;12;1;45;4.0;2025-12-22;2025-12-27;5;3;7.0;confirmada;Transferência
2566;1;2;207;2.0;2025-06-06;2025-06-09;3;1;8.0;cancelada;PIX
4202;3;1;61;;2025-11-07;2025-11-08;1;1;2.0;confirmada;C. Crédito
3997;12;5;265;3.0;2025-03-31;2025-04-04;4;1;9.0;CONFIRMADA ;Transferência
3332;8;3;54;2.0;2025-04-04;2025-04-06;2;3;7.0;confirmada;PIX
3138;6;1;156;3.0;2025-02-08;2025-02-09;1;2;10.0;confirmada;Cartão de Débito
3615;9;1;216;4.0;2025-08-12;2025-08-19;7;3;;no-show;Dinheiro
2487;1;5;98;4.0;2026-06-02;2026-06-07;5;4;7.0;confirmada;PIX
4322;3;2;71;4.0;2025-04-06;2025-04-09;3;3;1.0;confirmada;Cartão de Crédito
4430;5;3;179;1.0;2026-02-05;2026-02-08;3;4;4.0;confirmada;Transferência
3968;12;2;166;2.0;2026-01-10;2026-01-11;1;1;7.0;cancelada;Dinheiro
4399;5;2;243;4.0;2026-02-05;2026-02-09;4;2;3.0;confirmada;DINHEIRO
2969;4;3;250;2.0;2026-07-07;2026-07-12;5;1;7.0;concluída;PIX
2924;4;3;256;2.0;2026-01-16;2026-01-21;5;2;7.0;confirmada;dinheiro
4402;5;2;296;2.0;2026-02-05;2026-02-08;3;1;1.0;confirmada;cred
2727;2;3;231;;2025-05-05;2025-05-07;2;3;8.0;CANCELADA;Cartão de Crédito
2794;2;3;89;3.0;2025-02-26;2025-03-01;3;1;5.0;cancelada;Dinheiro
3411;8;1;75;1.0;2026-02-08;2026-02-10;2;4;8.0;confirmada;Cartão de Débito
4078;12;5;79;3.0;2025-12-21;2025-12-26;5;1;7.0;confirmada;Cartão de Débito
2584;1;4;277;1.0;2026-01-30;2026-02-03;4;1;8.0;concluída;Dinheiro
2652;2;5;59;3.0;2025-07-26;2025-07-29;3;3;9.0;concluída;Cartão de Débito
4168;3;2;101;1.0;2025-04-01;2025-04-04;3;3;3.0;confirmada;PIX
3848;11;2;188;2.0;2026-06-26;2026-07-01;5;1;10.0;concluída;Pix
3001;6;5;23;3.0;2025-06-16;2025-06-21;5;4;8.0;confirmada;Dinheiro
3433;8;1;158;3.0;2025-05-09;2025-05-10;1;1;8.0;confirmada;Transferência
3091;6;2;264;2.0;2026-04-13;2026-04-14;1;1;7.0;confirmada;Cartão de Crédito
4574;13;7;156;3.0;2026-04-16;2026-04-21;5;1;6.0;confirmada;Transferência
4597;13;6;308;3.0;2026-04-16;2026-04-20;4;1;7.0;confirmada;Cartão de Crédito
2879;4;1;152;3.0;2025-10-21;2025-10-27;6;2;10.0;Concluida;PIX
2758;2;3;135;;2026-08-25;2026-08-26;1;1;5.0;Concluída ;Transferência
4441;5;1;29;3.0;2026-05-05;2026-05-06;1;4;4.0;NO-SHOW;PIX
2853;4;3;214;;2026-03-28;2026-03-30;2;3;7.0;confirmada;Dinheiro
3571;9;3;241;2.0;2026-03-12;2026-03-18;6;1;8.0;confirmada;Cartão de Débito
2659;2;5;51;3.0;2026-03-13;2026-03-16;3;2;6.0;cancelada;Transferência
4496;5;1;51;2.0;2025-09-12;2025-09-18;6;3;2.0;CONFIRMADA ;Cartão de Débito
4645;13;8;56;2.0;2025-02-10;2025-02-13;3;4;8.0;confirmada;Cartão de Crédito
3533;9;1;257;3.0;2026-07-24;2026-07-28;4;3;7.0;confirmada;Transferência
2967;4;3;4;4.0;2026-06-26;2026-06-27;1;1;8.0;concluída;dinheiro
4586;13;7;309;3.0;2026-04-16;2026-04-18;2;2;7.0;confirmada;Cartão de Débito
4219;3;2;278;2.0;2025-11-07;2025-11-10;3;3;3.0;confirmada;Transferência
3320;8;2;217;3.0;2025-01-26;2025-01-29;3;4;8.0;concluída;PIX
3497;9;1;12;1.0;2025-12-19;2025-12-22;3;4;6.0;cancelada;Dinheiro
3961;12;1;183;;2026-07-11;2026-07-13;2;1;8.0;concluída;Dinheiro
3354;8;2;71;4.0;2026-06-08;2026-06-09;1;3;;no-show;Dinheiro
4476;5;3;212;1.0;2026-02-24;2026-02-26;2;4;1.0;no-show;DINHEIRO
3022;6;1;60;2.0;2026-08-23;2026-08-25;2;3;8.0;concluída;DINHEIRO
3290;8;5;57;4.0;2025-03-29;2025-04-02;4;4;8.0;confirmada;CD
2985;4;2;3;2.0;2025-09-27;2025-09-29;2;1;6.0;Confirmada;Cartão de Débito
4061;12;2;158;3.0;2026-02-27;2026-02-28;1;2;8.0;concluída;Transferência
2624;1;3;215;3.0;2026-04-12;2026-04-13;1;1;8.0;confirmada;dinheiro
3621;10;2;237;3.0;2025-09-02;2025-09-05;3;4;7.0;cancelada;Cartão de Crédito
4138;3;3;296;2.0;2025-04-01;2025-04-04;3;4;3.0;confirmada;Cartão de Débito
3815;11;5;177;1.0;2026-02-21;2026-02-23;2;2;5.0;cancelada;Dinheiro
4467;5;1;43;4.0;2025-10-15;2025-10-20;5;4;2.0;concluída;Transferência
3265;7;2;132;2.0;2026-01-16;2026-01-21;5;4;;Concluída ;CD
2590;1;1;52;2.0;2026-05-11;2026-05-14;3;2;7.0;Confirmada;Transferência
4054;12;3;143;2.0;2026-02-02;2026-02-05;3;2;7.0;cancelada;Transferência
2877;4;5;126;1.0;2026-04-18;2026-04-20;2;4;9.0;confirmada;Dinheiro
2530;1;3;61;4.0;2025-02-09;2025-02-11;2;3;8.0;confirmada;Cartão de Débito
3260;7;4;28;1.0;2025-03-26;2025-03-30;4;3;7.0;conf.;Transferência
4394;5;3;224;2.0;2026-02-05;2026-02-08;3;1;2.0;confirmada;Dinheiro
3758;10;3;263;2.0;2025-03-27;2025-03-29;2;4;6.0;cancelada;Cartão de Débito
2575;1;4;291;1.0;2025-02-25;2025-03-02;5;4;;cancelada;Cartão de Débito
3153;7;4;109;;2026-01-26;2026-01-30;4;3;6.0;confirmada;PIX
3572;9;2;297;2.0;2025-07-21;2025-07-22;1;1;;confirmada;Dinheiro
3799;11;2;69;2.0;2026-06-22;2026-06-26;4;3;8.0;concluída;Cartão de Crédito
3403;8;3;83;4.0;2025-02-08;2025-02-09;1;2;;confirmada;Dinheiro
4637;13;6;302;3.0;2026-02-17;2026-02-23;6;4;6.0;Concluída ;PIX
4601;13;8;319;2.0;2026-04-16;2026-04-18;2;1;9.0;confirmada;CD
2938;4;4;290;3.0;2025-01-30;2025-02-04;5;4;9.0;concluída;Cartão de Débito
3695;10;5;58;2.0;2025-08-02;2025-08-03;1;2;7.0;confirmada;Cartão de Débito
2644;1;2;227;4.0;2025-06-17;2025-06-23;6;4;;confirmada;Cartão de Débito
2633;1;5;160;2.0;2025-02-10;2025-02-17;7;4;8.0;confirmada;C. Crédito
3698;10;3;66;1.0;2025-12-13;2025-12-15;2;2;7.0;concluída;PIX
3866;11;4;47;1.0;2026-07-30;2026-08-01;2;1;7.0;concluída;Cartão de Crédito
4113;3;2;270;4.0;2025-04-01;2025-04-04;3;3;1.0;confirmada;Cartão de Crédito
3960;12;1;181;4.0;2025-02-02;2025-02-04;2;2;7.0;CONFIRMADA ;Dinheiro
2941;4;5;263;2.0;2026-06-08;2026-06-12;4;1;;confirmada;Cartão de Crédito
3269;7;4;130;1.0;2025-06-15;2025-06-18;3;3;;confirmada;Dinheiro
3733;10;3;283;3.0;2025-02-02;2025-02-03;1;2;10.0;confirmada;PIX
4132;3;3;44;4.0;2025-04-01;2025-04-06;5;3;2.0;confirmada;PIX
4259;3;1;168;1.0;2026-07-17;2026-07-22;5;4;;concluída;Cartão de Crédito
4209;3;2;271;1.0;2025-11-07;2025-11-10;3;2;3.0;confirmada;PIX
2901;4;3;7;4.0;2026-08-18;2026-08-22;4;1;;confirmada;Dinheiro
3298;8;3;167;2.0;2025-01-24;2025-01-30;6;1;7.0;NO-SHOW;PIX
4345;5;2;284;4.0;2025-05-31;2025-06-02;2;2;2.0;conf.;Cartão de Débito
4548;13;6;50;1.0;2025-07-20;2025-07-22;2;1;9.0;confirmada;Pix
2964;4;1;100;;2025-11-09;2025-11-13;4;3;10.0;CONFIRMADA ;Cartão de Crédito
3015;6;3;64;4.0;2025-12-07;2025-12-10;3;4;9.0;confirmada;Cartão de Crédito
3697;10;5;230;4.0;2025-08-15;2025-08-17;2;4;9.0;confirmada;Dinheiro
3735;10;1;277;2.0;2025-12-13;2025-12-16;3;3;8.0;concluída;Cartão de Débito
4076;12;1;187;3.0;2026-04-19;2026-04-20;1;2;7.0;confirmada;Cartão de Crédito
2826;4;1;189;4.0;2025-12-18;2025-12-21;3;2;8.0;confirmada;Cartão de Crédito
4333;5;2;275;4.0;2025-05-31;2025-06-02;2;2;4.0;confirmada;Transferência
4034;12;1;191;1.0;2026-08-17;2026-08-22;5;3;9.0;Confirmada;Transferência
3156;7;1;229;1.0;2026-02-13;2026-02-17;4;1;5.0;concluída;Dinheiro
3057;6;2;230;4.0;2026-06-11;2026-06-13;2;4;8.0;confirmada;Dinheiro
3002;6;3;155;4.0;2026-02-27;2026-03-03;4;4;9.0;confirmada;PIX
3205;7;5;224;4.0;2025-06-24;2025-06-27;3;3;8.0;confirmada;pix
3588;9;3;223;3.0;2026-03-15;2026-03-19;4;2;7.0;confirmada;PIX
3724;10;1;253;;2025-07-01;2025-07-05;4;4;8.0;concluída;Cartão de Débito
2509;1;4;134;2.0;2025-07-16;2025-07-17;-1;4;9.0;confirmada;Cartão de Débito
2888;4;1;41;3.0;2026-07-26;2026-07-30;4;3;8.0;cancelada;Transferência
2470;1;5;12;2.0;2025-06-15;2025-06-16;1;2;7.0;cancelada;Cartão de Crédito
3754;10;5;138;3.0;2025-09-07;2025-09-10;3;3;7.0;no-show;CC
4410;5;3;101;1.0;2026-02-05;2026-02-08;3;2;2.0;CONFIRMADA ;Transferência
4204;3;1;90;1.0;2025-11-07;2025-11-14;7;1;3.0;confirmada;Cartão de Débito
2889;4;2;244;;2025-04-17;2025-04-22;5;4;6.0;confirmada;Transferência
3463;9;4;17;3.0;2025-02-12;2025-02-18;6;3;8.0;concluída;Cartão de Débito
4616;13;8;301;3.0;2026-04-29;2026-05-01;2;2;7.0;cancelada;CC
3596;9;3;250;3.0;2026-03-21;2026-03-25;4;3;7.0;confirmada;Dinheiro
3702;10;2;283;2.0;2026-01-21;2026-01-24;3;2;10.0;confirmada;Dinheiro
2800;2;2;194;2.0;2025-01-12;2025-01-15;3;1;9.0;conf.;PIX
4164;3;1;130;4.0;2025-04-01;2025-04-02;1;1;2.0;confirmada;Cartão de Crédito
3449;8;4;135;4.0;2025-03-05;2025-03-10;5;3;6.0;conf.;Cartão de Crédito
3585;9;1;197;3.0;2025-07-13;2025-07-15;2;2;6.0;conf.;Cartão de Crédito
2796;2;4;160;4.0;2026-04-19;2026-04-22;3;4;9.0;confirmada;Cartão de Crédito
2814;2;2;248;1.0;2026-04-02;2026-04-06;4;2;9.0;cancelada;Dinheiro
3726;10;3;77;4.0;2025-03-03;2025-03-06;3;4;9.0;no-show;Cartão de Débito
3192;7;5;210;3.0;2025-10-08;2025-10-12;4;3;9.0;confirmada;Cartão de Débito
2459;1;5;64;2.0;2025-03-02;2025-03-06;4;1;;confirmada;Transferência
4536;13;8;230;1.0;2025-07-20;2025-07-23;3;2;7.0;confirmada;Transferência
3014;6;4;297;4.0;2025-04-11;2025-04-15;4;3;;confirmada;Cartão de Débito
2573;1;5;193;2.0;2026-07-11;2026-07-13;2;1;9.0;Concluída ;Cartão de Crédito
4176;3;2;47;2.0;2025-11-07;2025-11-11;4;4;4.0;confirmada;pix
3421;8;3;210;3.0;2025-06-29;2025-07-01;2;1;8.0;confirmada;Cartão de Débito
3504;9;4;208;4.0;2025-03-05;2025-03-08;3;4;10.0;confirmada;PIX
2562;1;4;109;2.0;2026-02-06;2026-02-09;3;2;6.0;concluída;Dinheiro
2629;1;5;47;3.0;2025-05-06;2025-05-08;2;1;6.0;Concluída ;PIX
3989;12;4;112;4.0;2025-12-29;2025-12-31;2;3;7.0;no-show;Cartão de Crédito
4456;5;3;47;3.0;2026-07-28;2026-07-31;3;1;2.0;confirmada;Dinheiro
2484;1;5;293;4.0;2026-07-04;2026-07-07;3;1;8.0;CONFIRMADA ;transferencia
2874;4;2;128;2.0;2025-02-21;2025-02-24;3;1;11.0;confirmada;dinheiro
2508;1;2;120;1.0;2025-01-02;2025-01-06;4;2;8.0;Confirmada;Cartão de Débito
2746;2;2;263;3.0;2026-06-26;2026-06-29;3;4;7.0;confirmada;Cartão de Débito
2639;1;3;7;3.0;2025-04-28;2025-05-01;3;3;7.0;confirmada;Dinheiro
4364;5;3;171;3.0;2025-05-31;2025-06-02;2;2;1.0;confirmada;Cartão de Crédito
3601;9;2;78;2.0;2025-02-02;2025-02-06;4;2;10.0;confirmada;Pix
2478;1;2;89;2.0;2025-01-05;2025-01-08;3;1;9.0;conf.;Cartão de Crédito
4484;5;3;191;1.0;2025-03-29;2025-03-31;2;4;1.0;confirmada;Dinheiro
3672;10;3;199;2.0;2025-07-07;2025-07-12;5;3;9.0;cancelada;PIX
3313;8;4;12;2.0;2025-02-19;2025-02-20;1;2;5.0;confirmada;Transferência
4523;13;7;227;1.0;2025-07-20;2025-07-21;1;4;6.0;confirmada;Cartão de Débito
3642;10;3;62;2.0;2025-01-28;2025-02-01;4;4;8.0;confirmada;C. Crédito
3075;6;5;55;3.0;2026-08-27;2026-09-02;6;3;9.0;confirmada;Dinheiro
4063;12;4;241;4.0;2026-02-15;2026-02-18;3;1;9.0;confirmada;Cartão de Débito
4174;3;3;6;1.0;2025-04-01;2025-04-06;5;4;2.0;confirmada;Cartão de Débito
2680;2;3;281;3.0;2026-07-12;2026-07-16;4;3;9.0;confirmada;Dinheiro
4590;13;7;5;2.0;2026-04-16;2026-04-18;2;3;7.0;confirmada;Dinheiro
3517;9;1;199;2.0;2025-09-16;2025-09-22;6;1;6.0;concluída;cred
4409;5;3;211;4.0;2026-02-05;2026-02-08;3;4;2.0;confirmada;Transferência
3119;6;2;176;2.0;2026-04-28;2026-05-04;6;4;7.0;confirmada;PIX
4315;3;3;230;1.0;2025-06-27;2025-06-29;2;1;;concluída;PIX
4115;3;1;116;2.0;2025-04-01;2025-04-08;7;3;2.0;confirmada;CD
3889;11;5;206;3.0;2026-05-30;2026-06-06;7;2;6.0;Concluida;Transferência
3359;8;3;266;4.0;2026-06-29;2026-07-01;2;1;7.0;cancelada;CD
3296;8;5;270;4.0;2026-03-11;2026-03-13;2;1;8.0;confirmada;transferencia
3264;7;3;67;4.0;2025-11-09;2025-11-13;4;4;10.0;confirmada;PIX
4289;3;2;43;1.0;2026-08-30;2026-09-06;7;1;;cancelada;Cartão de Crédito
3793;11;5;27;4.0;2026-07-02;2026-07-05;3;3;;concluída;PIX
3393;8;5;198;4.0;2026-03-19;2026-03-23;4;3;5.0;concluída;Dinheiro
3434;8;4;138;3.0;2026-07-24;2026-07-26;2;3;7.0;concluída;Cartão de Débito
4532;13;6;315;3.0;2025-07-20;2025-07-23;3;1;6.0;confirmada;Cartão de Débito
3058;6;3;148;3.0;2025-08-08;2025-08-11;3;1;;conf.;Transferência
4478;5;3;110;4.0;2026-05-25;2026-05-27;2;2;3.0;concluída;Transferência
4021;12;3;177;1.0;2025-01-21;2025-01-24;3;4;4.0;concluída;Transferência
3145;7;4;211;1.0;2026-04-27;2026-04-30;3;1;7.0;cancelada;déb
3567;9;4;115;3.0;2025-07-04;2025-07-07;3;1;10.0;confirmada;dinheiro
4588;13;8;47;3.0;2026-04-16;2026-04-19;3;1;9.0;conf.;Cartão de Débito
3532;9;5;23;3.0;2025-12-19;2025-12-23;4;1;7.0;concluída;Cartão de Débito
2649;2;1;97;3.0;2025-09-17;2025-09-18;1;4;6.0;concluída;Cartão de Crédito
4515;5;1;230;;2025-08-13;2025-08-15;2;2;1.0;concluída;Cartão de Débito
2991;4;4;40;1.0;2026-08-04;2026-08-07;3;1;10.0;Cancelada;PIX
2473;1;1;113;1.0;2026-01-09;2026-01-14;5;2;;no-show;Transferência
3480;9;5;50;3.0;2025-12-21;2025-12-24;3;2;9.0;cancelada;Cartão de Crédito
3344;8;4;169;4.0;2026-06-23;2026-06-24;1;4;9.0;confirmada;Cartão de Crédito
3478;9;5;58;1.0;2025-07-31;2025-08-04;4;2;8.0;confirmada;Cartão de Débito
3690;10;4;240;2.0;2025-12-24;2025-12-25;1;2;7.0;concluída;PIX
2607;1;5;19;1.0;2025-10-07;2025-10-09;2;4;8.0;confirmada;Cartão de Crédito
3603;9;5;14;4.0;2026-07-18;2026-07-24;6;3;10.0;concluída;Transferência
4084;12;4;47;1.0;2025-10-14;2025-10-18;4;2;8.0;confirmada;Cartão de Débito
2902;4;5;13;1.0;2026-06-01;2026-06-03;2;3;7.0;cancelada;Dinheiro
3368;8;1;194;1.0;2025-11-30;2025-12-01;1;3;6.0;confirmada;Transferência
4622;13;6;306;3.0;2026-03-28;2026-04-02;5;3;6.0;cancelada;PIX
3561;9;3;23;2.0;2026-08-28;2026-09-02;5;4;8.0;cancelada;Dinheiro
3942;12;5;53;3.0;2025-03-02;2025-03-04;2;3;6.0;confirmada;Cartão de Débito
4162;3;2;262;3.0;2025-04-01;2025-04-03;2;1;1.0;confirmada;Dinheiro
3806;11;1;116;4.0;2026-05-29;2026-05-30;1;1;7.0;CONFIRMADA ;Dinheiro
4026;12;5;160;4.0;2025-01-02;2025-01-05;3;1;7.0;conf.;PIX
3710;10;4;127;4.0;2025-03-21;2025-03-26;5;1;7.0;confirmada;Transferência
3402;8;4;26;4.0;2025-04-21;2025-04-22;1;2;8.0;no-show;PIX
3413;8;4;169;2.0;2026-03-26;2026-03-30;4;4;;confirmada;Dinheiro
2630;1;1;288;3.0;2025-04-22;2025-04-24;2;2;;confirmada;Transferência
4221;3;1;93;4.0;2025-11-07;2025-11-08;1;3;2.0;conf.;Dinheiro
3069;6;5;256;2.0;2026-02-14;2026-02-18;4;2;8.0;concluída;CD
4363;5;2;255;4.0;2025-05-31;2025-06-01;1;1;1.0;confirmada;Dinheiro
4472;5;3;174;2.0;2025-05-23;2025-05-24;1;2;2.0;confirmada;Cartão de Crédito
2820;4;2;34;3.0;2025-11-03;2025-11-08;5;4;8.0;concluída;Transferência
3367;8;1;234;1.0;2025-06-11;2025-06-13;2;1;8.0;concluída;Cartão de Crédito
4591;13;8;310;4.0;2026-04-16;2026-04-17;1;1;7.0;confirmada;CC
4263;3;1;149;3.0;2025-03-18;2025-03-22;4;4;2.0;no-show;PIX
3294;8;3;154;4.0;2026-06-04;2026-06-07;3;3;9.0;concluída;PIX
2998;6;4;272;2.0;2025-04-13;2025-04-15;2;2;8.0;concluída;PIX
3386;8;1;287;4.0;2025-10-02;2025-10-06;4;4;9.0;confirmada;Cartão de Crédito
3682;10;5;189;2.0;2025-12-22;2025-12-25;3;1;8.0;confirmada;Cartão de Crédito
3059;6;2;157;2.0;2025-11-28;2025-12-01;3;2;;confirmada;Cartão de Débito
3111;6;4;13;1.0;2025-07-01;2025-07-03;2;4;;cancelada;Cartão de Crédito
2757;2;1;199;2.0;2025-07-30;2025-08-02;3;3;6.0;confirmada;PIX
4486;5;1;223;3.0;2025-07-23;2025-07-26;3;1;2.0;confirmada;Dinheiro
2805;2;3;83;2.0;2025-11-07;2025-11-10;3;3;6.0;confirmada;Cartão de Débito
3732;10;2;284;2.0;2026-05-09;2026-05-13;4;1;6.0;confirmada;DINHEIRO
2922;4;3;96;4.0;2025-08-27;2025-08-30;3;4;;cancelada;Dinheiro
2883;4;4;155;1.0;2025-04-22;2025-04-24;2;4;9.0;confirmada;Cartão de Débito
4156;3;2;138;1.0;2025-04-01;2025-04-07;6;2;2.0;confirmada;Transferência
4560;13;7;302;2.0;2025-07-20;2025-07-23;3;3;8.0;confirmada;pix
3860;11;5;66;4.0;2025-04-12;2025-04-16;4;4;8.0;concluída;C. Crédito
3165;7;3;214;2.0;2026-08-25;2026-08-31;6;2;9.0;confirmada;Dinheiro
2961;4;1;291;3.0;2026-08-10;2026-08-11;1;3;;confirmada;Dinheiro
4066;12;1;40;1.0;2026-05-14;2026-05-20;6;3;7.0;Concluída ;Cartão de Débito
2882;4;2;63;1.0;2025-10-07;2025-10-10;3;4;10.0;concluída;Cartão de Crédito
3321;8;2;61;2.0;2025-09-14;2025-09-15;1;2;9.0;confirmada;Cartão de Débito
3796;11;5;74;1.0;2025-10-04;2025-10-09;5;1;7.0;concluída;Cartão de Crédito
4064;12;5;152;1.0;2026-05-28;2026-06-03;6;3;10.0;concluída;Cartão de Crédito
3078;6;5;22;4.0;2025-04-16;2025-04-18;2;3;;confirmada;PIX
3639;10;3;91;1.0;2026-06-25;2026-06-27;2;2;8.0;concluída;Cartão de Crédito
4293;3;3;267;2.0;2025-06-27;2025-06-30;3;4;;Confirmada;Cartão de Débito
2906;4;2;225;4.0;2025-04-14;2025-04-22;8;4;7.0;Concluida;dinheiro
3641;10;1;123;3.0;2026-07-24;2026-07-27;3;2;10.0;confirmada;Cartão de Crédito
2774;2;2;239;3.0;2025-12-15;2025-12-19;4;4;6.0;NO-SHOW;Transferência
2594;1;3;252;1.0;2025-06-21;2025-06-23;2;1;9.0;confirmada;Cartão de Débito
4200;3;1;299;2.0;2025-11-07;2025-11-14;7;1;;confirmada;Transferência
2593;1;3;114;1.0;2025-05-27;2025-06-02;6;2;9.0;conf.;Transferência
2660;2;3;282;4.0;2025-09-09;2025-09-14;5;3;7.0;concluída;Transferência
2812;2;1;255;4.0;2025-07-17;2025-07-19;2;2;;NO-SHOW;Transferência
3653;10;5;172;4.0;2025-03-06;2025-03-07;1;2;;no-show;Transferência
4036;12;2;79;2.0;2025-05-02;2025-05-06;4;3;10.0;concluída;PIX
4182;3;1;216;3.0;2025-11-07;2025-11-12;5;4;2.0;confirmada;Dinheiro
3049;6;5;20;4.0;2026-02-05;2026-02-08;3;4;6.0;concluída;Dinheiro
3971;12;2;147;3.0;2025-12-26;2025-12-30;4;1;8.0;concluída;déb
3073;6;1;124;4.0;2025-05-18;2025-05-21;3;1;;confirmada;Transferência
3809;11;1;162;1.0;2025-10-18;2025-10-27;9;3;6.0;concluída;Cartão de Crédito
3107;6;4;208;4.0;2025-04-29;2025-05-03;4;3;;confirmada;Dinheiro
3996;12;4;234;3.0;2025-06-28;2025-07-02;4;1;9.0;concluída;Cartão de Crédito
4245;3;2;191;3.0;2025-12-30;2026-01-01;2;3;3.0;confirmada;PIX
4503;5;2;9;4.0;2026-03-26;2026-03-30;4;1;;confirmada;déb
3915;11;5;194;1.0;2025-05-30;2025-06-05;6;1;;confirmada;Cartão de Crédito
4609;13;7;319;3.0;2026-04-16;2026-04-19;3;4;5.0;confirmada;Cartão de Débito
2469;1;4;63;1.0;2026-01-08;2026-01-15;7;4;8.0;confirmada;Dinheiro
3169;7;4;111;1.0;2025-08-22;2025-08-23;1;2;8.0;concluída;PIX
3361;8;4;187;2.0;2025-10-28;2025-11-03;6;4;;concluída;TED
3187;7;1;93;2.0;2025-06-02;2025-06-05;3;3;10.0;confirmada;PIX
4120;3;2;41;4.0;2025-04-01;2025-04-05;4;1;1.0;confirmada;Cartão de Débito
2666;2;4;205;3.0;2025-12-09;2025-12-13;4;1;;concluída;Transferência
4521;13;8;319;2.0;2025-07-20;2025-07-23;3;4;;Confirmada;PIX
3445;8;4;255;4.0;2025-06-27;2025-06-28;1;3;7.0;confirmada;Dinheiro
2724;2;2;160;1.0;2026-06-18;2026-06-21;3;3;6.0;confirmada;Transferência
3366;8;1;47;2.0;2025-09-14;2025-09-17;3;1;10.0;concluída;Transferência
3984;12;2;189;1.0;2026-02-21;2026-02-25;4;3;7.0;confirmada;Transferência
3314;8;4;226;2.0;2025-12-27;2026-01-03;7;3;7.0;concluída;PIX
4452;5;3;131;2.0;2025-12-05;2025-12-10;5;3;3.0;cancelada;Dinheiro
4296;3;2;243;;2026-07-11;2026-07-15;4;1;4.0;confirmada;Cartão de Débito
3820;11;1;12;2.0;2026-08-04;2026-08-08;4;2;10.0;cancelada;Transferência
4321;3;3;116;3.0;2025-03-29;2025-04-02;4;2;;confirmada;Cartão de Débito
2828;4;3;151;2.0;2025-07-14;2025-07-15;1;4;5.0;Concluída ;Cartão de Crédito
4554;13;7;315;2.0;2025-07-20;2025-07-22;2;4;6.0;confirmada;Transferência
4360;5;2;235;3.0;2025-05-31;2025-06-02;2;1;1.0;confirmada;Transferência
3435;8;4;67;3.0;2026-03-28;2026-03-31;3;4;9.0;confirmada;Transferência
2773;2;2;211;3.0;2025-09-19;2025-09-24;5;1;8.0;confirmada;Cartão de Crédito
3694;10;2;96;2.0;2025-08-21;2025-08-25;4;1;5.0;confirmada;CD
3922;11;4;282;2.0;2025-08-02;2025-08-03;1;4;;confirmada;cartao debito
4559;13;7;316;1.0;2025-07-20;2025-07-21;1;2;6.0;conf.;Dinheiro
4517;5;3;139;1.0;2025-04-10;2025-04-11;1;2;1.0;confirmada;Transferência
4539;13;8;316;2.0;2025-07-20;2025-07-26;6;3;7.0;confirmada;Dinheiro
4019;12;4;36;3.0;2026-07-13;2026-07-16;3;3;9.0;confirmada;pix
3217;7;4;236;3.0;2025-08-07;2025-08-10;3;4;10.0;confirmada;Cartão de Crédito
3751;10;1;294;4.0;2026-08-20;2026-08-21;1;2;10.0;concluída;Cartão de Crédito
4562;13;7;312;3.0;2025-07-20;2025-07-21;1;1;5.0;conf.;Cartão de Crédito
3693;10;1;120;4.0;2025-10-14;2025-10-17;3;3;7.0;confirmada;Cartão de Crédito
3681;10;4;288;2.0;2025-04-13;2025-04-16;3;4;10.0;confirmada;Dinheiro
3303;8;1;223;2.0;2025-11-27;2025-11-28;1;2;9.0;confirmada;Dinheiro
2979;4;1;14;3.0;2025-06-28;2025-06-29;1;3;8.0;Concluída ;Cartão de Crédito
3611;9;1;89;1.0;2025-06-04;2025-06-09;5;4;8.0;concluída;Transferência
2688;2;4;47;4.0;2025-09-29;2025-09-30;1;4;7.0;confirmada;Dinheiro
3216;7;3;240;1.0;2025-03-12;2025-03-15;3;4;5.0;cancelada;TED
4340;5;1;40;4.0;2025-05-31;2025-06-01;1;2;1.0;confirmada;Transferência
3397;8;2;197;4.0;2026-05-24;2026-05-29;5;3;9.0;cancelada;Cartão de Crédito
3803;11;2;294;3.0;2025-12-10;2025-12-11;1;1;7.0;no-show;Dinheiro
4331;5;1;151;1.0;2025-05-31;2025-06-04;4;3;2.0;confirmada;Transferência
2843;4;1;157;3.0;2025-12-29;2026-01-01;3;4;6.0;concluída;Cartão de Débito
3893;11;4;150;4.0;2026-04-06;2026-04-08;2;4;10.0;no-show;Cartão de Débito
3768;10;2;140;1.0;2025-10-28;2025-11-01;4;4;;confirmada;Cartão de Crédito
3455;8;2;189;1.0;2025-01-05;2025-01-08;3;4;9.0;concluída;Transferência
4267;3;3;22;1.0;2026-04-20;2026-04-25;5;1;3.0;concluída;Pix
3471;9;2;288;2.0;2026-08-20;2026-08-24;4;3;8.0;concluída;dinheiro
4369;5;1;70;2.0;2025-05-31;2025-06-05;5;2;1.0;Confirmada;TED
3010;6;2;71;4.0;2025-06-18;2025-06-23;5;2;7.0;confirmada;Transferência
2531;1;1;251;4.0;2025-01-24;2025-01-26;2;4;;cancelada;ted
3122;6;1;118;4.0;2026-01-17;2026-01-22;5;1;7.0;CONFIRMADA ;Transferência
4546;13;8;311;1.0;2025-07-20;2025-07-25;5;3;5.0;confirmada;cash
2493;1;1;193;4.0;2026-01-05;2026-01-07;2;2;8.0;confirmada;déb
4564;13;7;302;3.0;2025-07-20;2025-07-22;2;2;8.0;confirmada;Transferência
2579;1;5;85;4.0;2025-11-16;2025-11-19;3;4;;confirmada;PIX
3861;11;5;110;3.0;2026-02-23;2026-02-25;2;1;10.0;concluída;Cartão de Crédito
4250;3;2;214;4.0;2026-01-10;2026-01-15;5;1;4.0;no-show;Cartão de Débito
3077;6;4;35;2.0;2025-11-07;2025-11-11;4;3;8.0;concluída;C. Crédito
3952;12;3;196;4.0;2025-01-06;2025-01-07;1;3;8.0;concluída;Transferência
4158;3;2;85;3.0;2025-04-01;2025-04-03;2;4;3.0;confirmada;Transferência
2462;1;3;38;1.0;2026-04-05;2026-04-09;4;3;7.0;confirmada;Cartão de Débito
3443;8;1;131;4.0;2025-04-03;2025-04-06;3;1;6.0;concluída;Cartão de Débito
3800;11;3;152;3.0;2025-05-12;2025-05-13;1;2;5.0;cancelada;Dinheiro
3159;7;5;245;4.0;2025-07-09;2025-07-13;4;2;9.0;confirmada;Dinheiro
3249;7;3;291;2.0;2026-02-10;2026-02-13;3;4;9.0;concluída;Cartão de Débito
2623;1;1;28;2.0;2026-01-30;2026-02-02;3;1;;concluída;PIX
3966;12;5;60;4.0;2025-01-24;2025-01-30;6;4;7.0;cancelada;Cartão de Débito
2694;2;3;267;3.0;2026-07-06;2026-07-07;1;3;;confirmada;Dinheiro
3763;10;5;218;2.0;2025-03-31;2025-04-05;5;4;6.0;confirmada;Dinheiro
3245;7;4;122;4.0;2025-08-08;2025-08-12;4;4;6.0;confirmada;Cartão de Débito
2857;4;2;113;4.0;2026-07-09;2026-07-11;2;3;6.0;conf.;Cartão de Débito
3474;9;3;260;2.0;2026-04-22;2026-04-23;1;3;6.0;confirmada;Cartão de Débito
4391;5;3;131;1.0;2026-02-05;2026-02-06;1;3;3.0;confirmada;Cartão de Débito
4163;3;2;165;1.0;2025-04-01;2025-04-07;6;4;;confirmada;Cartão de Crédito
4599;13;7;256;3.0;2026-04-16;2026-04-18;2;2;10.0;confirmada;PIX
3168;7;4;208;4.0;2026-02-21;2026-02-26;5;1;5.0;CONFIRMADA ;PIX
4145;3;3;42;1.0;2025-04-01;2025-04-02;1;2;5.0;confirmada;Dinheiro
4649;13;7;320;;2025-03-15;2025-03-16;1;2;8.0;Confirmada;Cartão de Crédito
3195;7;3;286;4.0;2026-03-08;2026-03-11;3;4;6.0;confirmada;Dinheiro
3744;10;1;293;1.0;2025-12-21;2025-12-25;4;1;6.0;concluída;Cartão de Débito
2465;1;1;86;4.0;2026-05-24;2026-05-25;1;2;9.0;cancelada;Dinheiro
2928;4;1;156;3.0;2025-06-01;2025-06-06;5;4;9.0;confirmada;Transferência
2576;1;4;212;1.0;2025-06-09;2025-06-11;2;2;7.0;confirmada;Cartão de Crédito
3804;11;1;253;3.0;2026-05-24;2026-05-27;3;4;9.0;Concluida;Cartão de Débito
2971;4;2;242;4.0;2026-08-11;2026-08-16;5;1;10.0;cancelada;Cartão de Crédito
2945;4;3;47;;2026-01-16;2026-01-19;3;4;;confirmada;PIX
3864;11;3;98;4.0;2025-02-08;2025-02-09;1;4;8.0;concluída;Dinheiro
2962;4;3;29;2.0;2025-09-24;2025-09-27;3;1;8.0;confirmada;Cartão de Crédito
3065;6;5;300;3.0;2026-02-20;2026-02-21;1;1;;CANCELADA;Dinheiro
2692;2;4;61;1.0;2026-02-01;2026-02-05;4;1;8.0;conf.;PIX
4278;3;2;49;4.0;2026-08-29;2026-09-03;5;4;2.0;confirmada;Cartão de Débito
3438;8;2;10;1.0;2025-09-15;2025-09-17;2;3;7.0;concluída;TED
2946;4;4;166;1.0;2025-10-20;2025-10-25;5;2;9.0;cancelada;Cartão de Crédito
4594;13;7;272;4.0;2026-04-16;2026-04-19;3;2;7.0;confirmada;Cartão de Crédito
4111;3;3;124;4.0;2025-04-01;2025-04-06;5;2;2.0;confirmada;Cartão de Débito
4004;12;2;63;1.0;2026-08-21;2026-08-23;2;1;8.0;no-show;transferencia
3813;11;2;232;1.0;2026-01-06;2026-01-08;2;2;9.0;concluída;PIX
3773;10;4;245;2.0;2025-10-26;2025-10-29;3;3;10.0;concluída;Cartão de Débito
3790;11;3;285;1.0;2025-12-25;2026-01-02;8;2;8.0;Concluida;Cartão de Crédito
3044;6;4;47;3.0;2026-07-11;2026-07-17;6;1;6.0;confirmada;Transferência
3405;8;5;262;2.0;2025-01-02;2025-01-04;2;3;8.0;confirmada;PIX
3155;7;5;153;2.0;2026-05-05;2026-05-09;4;1;9.0;confirmada;PIX
2894;4;2;30;3.0;2025-10-21;2025-10-23;2;1;7.0;concluída;Dinheiro
3868;11;3;241;3.0;2025-03-18;2025-03-21;3;2;8.0;confirmada;CD
3079;6;5;49;4.0;2025-02-17;2025-02-19;2;3;7.0;confirmada;Cartão de Débito
2916;4;5;245;2.0;2025-10-22;2025-10-25;3;1;9.0;no-show;Transferência
2528;1;4;162;1.0;2025-02-14;2025-02-18;4;1;7.0;concluída;PIX
3564;9;3;69;3.0;2026-07-13;2026-07-17;4;1;5.0;confirmada;Transferência
3064;6;2;101;3.0;2025-05-07;2025-05-10;3;3;6.0;cancelada;PIX
2504;1;2;125;1.0;2026-07-15;2026-07-18;3;3;7.0;confirmada;Dinheiro
2711;2;5;86;2.0;2025-06-01;2025-06-06;5;2;8.0;confirmada;cash
2712;2;1;33;2.0;2025-12-04;2025-12-05;1;3;5.0;confirmada;Dinheiro
3476;9;4;32;2.0;2025-08-26;2025-08-31;5;1;6.0;confirmada;Cartão de Crédito
4106;12;3;56;2.0;2025-07-10;2025-07-13;3;4;10.0;concluída;Cartão de Débito
2670;2;5;105;2.0;2026-07-11;2026-07-12;1;2;8.0;cancelada;Transferência
3775;10;3;284;3.0;2026-05-01;2026-05-04;3;3;9.0;confirmada;PIX
4494;5;1;75;2.0;2025-05-28;2025-06-02;5;3;2.0;confirmada;PIX
3007;6;1;108;4.0;2026-07-15;2026-07-18;3;4;;concluída;Cartão de Crédito
2545;1;2;201;1.0;2025-11-12;2025-11-15;3;1;9.0;CONFIRMADA ;C. Crédito
4177;3;1;295;1.0;2025-11-07;2025-11-11;4;1;1.0;confirmada;Cartão de Débito
3492;9;4;13;4.0;2026-01-31;2026-02-06;6;1;6.0;cancelada;PIX
3814;11;1;66;2.0;2026-04-09;2026-04-12;3;2;8.0;concluída;PIX
3423;8;4;227;3.0;2025-01-20;2025-01-24;4;4;9.0;cancelada;Cartão de Débito
4469;5;1;216;1.0;2025-12-07;2025-12-08;1;2;2.0;NO-SHOW;Cartão de Débito
3396;8;2;108;1.0;2026-07-22;2026-07-25;3;4;8.0;confirmada;Cartão de Crédito
4367;5;3;22;2.0;2025-05-31;2025-06-02;2;2;2.0;confirmada;PIX
2919;4;5;260;4.0;2025-09-03;2025-09-05;2;4;7.0;confirmada;pix
3352;8;3;242;4.0;2025-04-19;2025-04-23;4;1;;cancelada;Cartão de Débito
2850;4;4;218;2.0;2025-02-25;2025-02-26;1;1;7.0;confirmada;Cartão de Crédito
2667;2;2;108;2.0;2025-01-20;2025-01-22;2;3;6.0;confirmada;Cartão de Débito
3424;8;4;53;1.0;2026-07-26;2026-07-27;1;1;6.0;confirmada;CD
2989;4;1;91;2.0;2025-01-09;2025-01-13;4;3;10.0;cancelada;Dinheiro
3489;9;5;65;3.0;2026-01-08;2026-01-12;4;4;7.0;concluída;Transferência
4232;3;3;236;1.0;2025-11-07;2025-11-08;1;1;2.0;confirmada;Dinheiro
3574;9;2;214;3.0;2026-08-05;2026-08-09;4;2;;confirmada;PIX
3061;6;5;143;1.0;2025-01-22;2025-01-24;2;4;8.0;concluída;Cartão de Crédito
3139;6;4;297;4.0;2025-02-14;2025-02-15;1;1;9.0;Confirmada;Dinheiro
4282;3;2;161;1.0;2025-06-17;2025-06-21;4;2;1.0;confirmada;Cartão de Crédito
3162;7;2;285;3.0;2026-02-21;2026-02-22;1;3;;confirmada;Transferência
4014;12;2;38;2.0;2026-03-10;2026-03-15;5;1;7.0;confirmada;Cartão de Débito
4446;5;1;274;;2025-05-07;2025-05-10;3;3;;concluída;PIX
3283;7;3;143;3.0;2025-06-17;2025-06-20;3;4;5.0;confirmada;PIX
3206;7;2;16;2.0;2026-03-20;2026-03-22;2;4;6.0;confirmada;Dinheiro
4581;13;8;160;1.0;2026-04-16;2026-04-18;2;3;7.0;conf.;Dinheiro
3980;12;3;216;4.0;2026-07-29;2026-07-30;1;1;7.0;concluída;Cartão de Crédito
2896;4;5;167;1.0;2025-10-24;2025-10-26;2;1;7.0;confirmada;Transferência
4223;3;3;132;1.0;2025-11-07;2025-11-11;4;3;;confirmada;Transferência
3582;9;5;208;3.0;2026-08-09;2026-08-12;3;4;9.0;concluída;PIX
3987;12;2;34;4.0;2025-11-06;2025-11-08;2;3;6.0;no-show;Cartão de Crédito
3760;10;2;282;1.0;2025-06-23;2025-06-26;3;3;;conf.;PIX
4274;3;1;81;4.0;2026-03-22;2026-03-23;1;1;;concluída;Cartão de Débito
3213;7;4;29;4.0;2025-08-18;2025-08-21;3;4;;cancelada;Transferência
2723;2;4;185;3.0;2026-01-25;2026-01-26;1;4;6.0;concluída;Cartão de Crédito
2811;2;2;76;3.0;2025-03-02;2025-03-05;3;3;;NO-SHOW;PIX
3126;6;3;114;2.0;2026-02-07;2026-02-12;5;4;9.0;cancelada;Cartão de Crédito
3457;8;3;116;3.0;2025-01-09;2025-01-11;2;3;9.0;conf.;Cartão de Crédito
4555;13;8;103;1.0;2025-07-20;2025-07-21;1;1;8.0;confirmada;Cartão de Crédito
3881;11;1;157;4.0;2025-05-27;2025-05-29;2;2;9.0;concluída;PIX
4389;5;2;275;4.0;2026-02-05;2026-02-09;4;2;;confirmada;CD
3704;10;4;174;2.0;2026-07-04;2026-07-06;2;1;7.0;confirmada;Transferência
3715;10;5;116;4.0;2025-06-13;2025-06-18;5;2;8.0;confirmada;Transferência
2987;4;1;269;4.0;2026-03-29;2026-04-02;4;4;;Concluída ;Cartão de Débito
3309;8;2;246;3.0;2025-06-08;2025-06-11;3;3;6.0;Confirmada;PIX
3166;7;1;243;3.0;2026-07-13;2026-07-16;3;3;8.0;concluída;Cartão de Crédito
4255;3;1;85;2.0;2026-05-27;2026-05-29;2;1;2.0;cancelada;PIX
3004;6;1;188;3.0;2026-07-27;2026-07-29;2;3;;CONFIRMADA ;Transferência
2609;1;3;233;2.0;2026-07-14;2026-07-17;3;3;9.0;confirmada;PIX
4560;13;7;302;2.0;2025-07-20;2025-07-23;3;3;8.0;confirmada;pix
4459;5;2;284;4.0;2026-02-03;2026-02-06;3;2;1.0;concluída;Dinheiro
3324;8;5;26;3.0;2025-09-12;2025-09-15;3;2;8.0;cancelada;Cartão de Débito
3307;8;3;278;1.0;2026-07-11;2026-07-12;1;4;8.0;confirmada;PIX
2671;2;4;256;2.0;2025-09-06;2025-09-08;2;4;;confirmada;Cartão de Crédito
4242;3;1;255;1.0;2026-08-20;2026-08-22;2;3;3.0;confirmada;Transferência
3459;9;4;237;1.0;2025-05-23;2025-05-24;1;4;5.0;concluída;pix
3516;9;1;127;2.0;2025-07-30;2025-08-02;3;3;7.0;confirmada;Dinheiro
4313;3;2;163;4.0;2025-02-09;2025-02-10;1;1;3.0;NO-SHOW;Cartão de Débito
4371;5;1;165;3.0;2025-05-31;2025-06-05;5;4;;confirmada;PIX
2780;2;1;27;3.0;2025-04-04;2025-04-08;4;3;8.0;confirmada;Cartão de Crédito
3856;11;3;173;2.0;2026-05-10;2026-05-14;4;1;7.0;confirmada;PIX
3777;11;4;9;2.0;2025-05-20;2025-05-21;1;2;9.0;Confirmada;Cartão de Débito
4046;12;5;173;1.0;2026-06-14;2026-06-17;3;3;7.0;confirmada;Dinheiro
4482;5;1;9;2.0;2025-09-27;2025-10-01;4;3;1.0;no-show;ted
2862;4;5;65;3.0;2025-11-24;2025-11-27;3;2;7.0;Concluída ;Transferência
4157;3;2;52;;2025-04-01;2025-04-06;5;4;1.0;confirmada;Cartão de Crédito
3230;7;3;254;2.0;2025-11-09;2025-11-14;5;2;;cancelada;Cartão de Débito
3086;6;1;146;4.0;2025-02-22;2025-02-26;4;1;10.0;confirmada;PIX
3918;11;5;75;2.0;2026-06-30;2026-07-02;2;4;7.0;confirmada;Cartão de Crédito
3255;7;4;221;2.0;2025-03-15;2025-03-19;4;4;8.0;confirmada;Dinheiro
3983;12;4;69;1.0;2026-03-13;2026-03-15;2;4;7.0;confirmada;cartao debito
3322;8;5;6;3.0;2025-03-09;2025-03-12;3;2;10.0;cancelada;PIX
2581;1;2;159;4.0;2025-01-16;2025-01-18;2;4;8.0;concluída;Cartão de Crédito
3563;9;1;82;;2025-06-29;2025-07-04;5;4;7.0;confirmada;Transferência
3977;12;5;242;3.0;2025-05-12;2025-05-14;2;4;9.0;concluída;PIX
2761;2;4;225;4.0;2025-01-31;2025-02-02;2;4;10.0;confirmada;dinheiro
3545;9;3;107;3.0;2025-09-13;2025-09-16;3;2;6.0;concluída;Cartão de Débito
3281;7;2;221;1.0;2025-10-09;2025-10-15;6;3;8.0;concluída;Cartão de Crédito
2793;2;2;27;2.0;2026-08-04;2026-08-08;4;3;8.0;confirmada;Transferência
4569;13;6;200;2.0;2026-04-16;2026-04-17;1;2;7.0;confirmada;Dinheiro
3346;8;5;162;2.0;2025-07-29;2025-07-31;2;1;9.0;confirmada;PIX
3531;9;5;91;4.0;2025-04-24;2025-04-25;1;2;10.0;no-show;Pix
4474;5;2;280;1.0;2026-05-01;2026-05-02;1;1;1.0;CANCELADA;PIX
3907;11;5;45;1.0;2025-11-16;2025-11-18;2;3;8.0;confirmada;Cartão de Débito
3756;10;1;181;1.0;2025-04-22;2025-04-23;1;4;10.0;concluída;Dinheiro
3147;7;2;15;1.0;2026-01-27;2026-01-29;2;3;7.0;confirmada;Cartão de Crédito
3625;10;3;169;3.0;2026-08-31;2026-09-04;4;1;7.0;CONFIRMADA ;PIX
4613;13;6;311;1.0;2025-03-13;2025-03-15;2;3;9.0;confirmada;ted
4380;5;1;265;1.0;2025-05-31;2025-06-04;4;3;2.0;confirmada;Dinheiro
3873;11;1;197;2.0;2026-04-09;2026-04-12;3;2;10.0;confirmada;Cartão de Crédito
2536;1;4;191;3.0;2026-07-03;2026-07-07;4;2;10.0;concluída;Cartão de Crédito
3902;11;5;63;2.0;2025-06-30;2025-07-04;4;3;;confirmada;Cartão de Débito
3235;7;1;63;2.0;2025-05-28;2025-06-01;4;1;8.0;confirmada;Dinheiro
3581;9;5;134;1.0;2026-03-20;2026-03-24;4;4;8.0;confirmada;DINHEIRO
3656;10;1;176;4.0;2025-11-07;2025-11-10;3;3;8.0;CONFIRMADA ;Cartão de Crédito
4050;12;4;111;2.0;2025-09-06;2025-09-07;1;3;6.0;concluída;PIX
4043;12;5;196;3.0;2025-01-16;2025-01-18;2;4;6.0;confirmada;PIX
2690;2;1;229;4.0;2025-03-14;2025-03-17;3;1;7.0;concluída;Dinheiro
3076;6;5;228;3.0;2025-05-15;2025-05-20;5;1;8.0;conf.;Transferência
2647;2;3;153;4.0;2025-03-03;2025-03-08;5;2;;confirmada;Dinheiro
4119;3;3;121;1.0;2025-04-01;2025-04-05;4;2;2.0;confirmada;Cartão de Débito
3032;6;3;278;2.0;2025-10-01;2025-10-04;3;3;8.0;concluída;Cartão de Débito
4418;5;1;35;;2026-02-05;2026-02-08;3;3;1.0;confirmada;Transferência
4342;5;1;197;1.0;2025-05-31;2025-06-01;1;1;2.0;confirmada;Cartão de Crédito
3940;12;3;50;1.0;2026-08-26;2026-08-29;3;2;7.0;concluída;Transferência
4131;3;1;136;3.0;2025-04-01;2025-04-02;1;4;2.0;confirmada;Cartão de Débito
2792;2;1;168;2.0;2025-02-10;2025-02-11;1;3;8.0;confirmada;pix
4114;3;3;178;4.0;2025-04-01;2025-04-03;2;3;3.0;confirmada;Cartão de Crédito
3351;8;2;42;1.0;2026-05-29;2026-06-01;3;2;8.0;concluída;CC
4085;12;2;199;3.0;2025-03-15;2025-03-16;1;4;8.0;cancelada;Transferência
2733;2;1;276;4.0;2025-02-03;2025-02-06;3;3;7.0;confirmada;Transferência
3197;7;3;112;4.0;2026-03-21;2026-03-22;1;1;9.0;confirmada;Dinheiro
3884;11;2;261;4.0;2026-04-16;2026-04-18;2;4;8.0;confirmada;PIX
3006;6;1;158;3.0;2026-08-02;2026-08-08;6;4;5.0;confirmada;Transferência
2642;1;5;87;1.0;2025-07-10;2025-07-11;1;3;9.0;Concluida;Transferência
4505;5;2;8;2.0;2025-12-31;2026-01-07;7;1;2.0;no-show;Cartão de Crédito
2953;4;2;91;3.0;2025-07-31;2025-08-06;6;3;;concluída;pix
3493;9;5;264;1.0;2026-03-26;2026-03-29;3;4;;cancelada;Cartão de Débito
3074;6;1;275;4.0;2026-08-13;2026-08-17;4;3;6.0;confirmada;Cartão de Crédito
2936;4;4;54;1.0;2025-03-22;2025-03-24;2;4;9.0;cancel.;pix
3215;7;1;271;3.0;2025-05-01;2025-05-03;2;1;6.0;confirmada;Dinheiro
3482;9;4;129;2.0;2025-06-22;2025-06-25;3;4;8.0;confirmada;Transferência
3630;10;5;295;1.0;2025-07-02;2025-07-05;3;1;;confirmada;Dinheiro
3752;10;2;64;;2025-07-19;2025-07-23;4;3;9.0;concluída;déb
4424;5;1;226;3.0;2026-02-05;2026-02-10;5;2;3.0;confirmada;Dinheiro
4299;3;2;88;4.0;2025-07-08;2025-07-10;2;3;3.0;cancelada;Transferência
4316;3;1;54;1.0;2026-04-12;2026-04-16;4;1;3.0;Concluída ;Dinheiro
3280;7;3;133;;2026-06-15;2026-06-19;4;2;7.0;cancelada;TED
3897;11;3;190;4.0;2025-05-07;2025-05-09;2;3;8.0;confirmada;Cartão de Crédito
3515;9;2;109;2.0;2026-04-10;2026-04-13;3;1;;no-show;Transferência
2719;2;5;129;3.0;2026-04-11;2026-04-15;4;4;10.0;concluída;Transferência
4355;5;2;14;3.0;2025-05-31;2025-06-02;2;1;3.0;confirmada;Cartão de Crédito
3852;11;3;258;1.0;2025-02-25;2025-03-01;4;2;7.0;CONFIRMADA ;Cartão de Débito
3300;8;5;63;1.0;2025-06-18;2025-06-22;4;1;8.0;cancelada;Dinheiro
3750;10;3;205;1.0;2025-02-24;2025-02-25;1;2;8.0;CONFIRMADA ;Dinheiro
2693;2;1;282;4.0;2026-05-10;2026-05-12;2;4;8.0;cancelada;Cartão de Crédito
3274;7;5;170;;2026-08-18;2026-08-20;2;4;8.0;Concluída ;Cartão de Crédito
3616;9;1;163;2.0;2026-06-09;2026-06-11;2;2;6.0;confirmada;Cartão de Débito
2740;2;3;11;2.0;2025-12-29;2026-01-03;5;4;9.0;concluída;Pix
3505;9;4;269;2.0;2025-06-01;2025-06-02;0;1;8.0;confirmada;Cartão de Débito
3607;9;2;13;3.0;2025-03-31;2025-04-01;1;3;9.0;confirmada;Cartão de Crédito
3847;11;5;173;1.0;2025-06-13;2025-06-17;4;1;8.0;no-show;Cartão de Débito
4124;3;2;111;1.0;2025-04-01;2025-04-03;2;1;3.0;CONFIRMADA ;PIX
3982;12;5;286;3.0;2026-07-03;2026-07-07;4;4;8.0;concluída;Cartão de Débito
3394;8;4;243;2.0;2026-04-14;2026-04-21;7;1;10.0;concluída;transferencia
3929;11;3;103;3.0;2025-02-19;2025-02-25;6;4;8.0;cancelada;Cartão de Crédito
4069;12;2;146;2.0;2025-01-06;2025-01-08;2;2;10.0;concluída;C. Crédito
2655;2;5;138;;2025-09-14;2025-09-17;3;2;9.0;conf.;Cartão de Débito
4097;12;1;37;3.0;2025-02-18;2025-02-19;1;4;8.0;confirmada;PIX
2992;4;2;290;4.0;2026-06-26;2026-06-28;2;2;7.0;confirmada;Cartão de Débito
3931;12;1;220;2.0;2025-07-01;2025-07-04;3;3;7.0;no-show;Cartão de Débito
4193;3;2;143;2.0;2025-11-07;2025-11-09;2;3;;confirmada;Transferência
4437;5;3;168;4.0;2026-02-05;2026-02-07;2;1;4.0;confirmada;Cartão de Crédito
4447;5;3;119;4.0;2025-06-25;2025-06-28;3;4;;confirmada;Dinheiro
4330;5;3;139;2.0;2025-05-31;2025-06-03;3;1;1.0;CONFIRMADA ;Cartão de Débito
2588;1;4;33;4.0;2026-04-15;2026-04-19;4;1;5.0;concluída;Dinheiro
3870;11;3;119;3.0;2025-09-30;2025-10-02;2;3;8.0;confirmada;Transferência
4403;5;2;92;4.0;2026-02-05;2026-02-07;2;4;2.0;confirmada;Dinheiro
4039;12;5;159;1.0;2025-03-19;2025-03-22;3;1;7.0;confirmada;dinheiro
3373;8;2;126;4.0;2025-06-08;2025-06-11;3;4;8.0;confirmada;Cartão de Débito
3039;6;3;270;4.0;2026-07-21;2026-07-25;4;1;7.0;conf.;Cartão de Crédito
2716;2;4;75;3.0;2025-11-03;2025-11-04;1;4;;concluída;Dinheiro
3117;6;1;79;1.0;2026-03-20;2026-03-24;4;4;6.0;confirmada;Cartão de Crédito
3227;7;2;111;;2025-03-28;2025-04-01;4;2;9.0;confirmada;Dinheiro
4420;5;1;179;4.0;2026-02-05;2026-02-09;4;2;2.0;confirmada;Dinheiro
4436;5;2;247;1.0;2026-02-05;2026-02-09;4;4;3.0;confirmada;Cartão de Débito
2606;1;1;116;2.0;2026-06-01;2026-06-04;3;4;10.0;CANCELADA;Cartão de Débito
4165;3;3;151;2.0;2025-04-01;2025-04-02;1;4;1.0;confirmada;Cartão de Crédito
4141;3;1;40;2.0;2025-04-01;2025-04-03;2;3;2.0;confirmada;Cartão de Crédito
4006;12;4;274;4.0;2026-03-09;2026-03-13;4;4;4.0;concluída;Cartão de Débito
3839;11;1;264;2.0;2025-02-21;2025-02-24;3;2;;confirmada;Cartão de Débito
4309;3;1;150;1.0;2025-05-31;2025-06-08;8;4;3.0;concluída;Dinheiro
2498;1;3;58;3.0;2026-06-05;2026-06-10;5;4;8.0;confirmada;PIX
2819;4;1;45;2.0;2026-03-14;2026-03-15;1;1;7.0;Confirmada;ted
4638;13;8;15;4.0;2026-06-25;2026-06-30;5;1;7.0;concluída;Dinheiro
4016;12;5;13;4.0;2025-09-27;2025-09-28;1;4;8.0;confirmada;Cartão de Crédito
4306;3;2;195;3.0;2026-05-19;2026-05-23;4;2;1.0;confirmada;Dinheiro
3491;9;4;214;4.0;2025-01-14;2025-01-20;6;3;;confirmada;Dinheiro
3579;9;3;104;4.0;2026-02-07;2026-02-08;1;4;;confirmada;PIX
3717;10;5;48;1.0;2026-01-04;2026-01-05;1;4;6.0;no-show;PIX
3553;9;4;25;3.0;2026-08-25;2026-08-29;4;4;8.0;concluída;Dinheiro
3685;10;4;256;3.0;2025-08-07;2025-08-13;6;3;10.0;confirmada;Dinheiro
4297;3;2;149;2.0;2026-07-09;2026-07-14;5;2;1.0;cancelada;Transferência
2818;2;5;251;3.0;2026-08-11;2026-08-12;1;4;8.0;concluída;Transferência
3522;9;5;247;4.0;2026-02-05;2026-02-08;3;1;8.0;confirmada;Cartão de Crédito
2907;4;1;204;1.0;2025-06-17;2025-06-19;2;4;7.0;Confirmada;Cartão de Débito
3554;9;3;63;3.0;2025-05-03;2025-05-04;1;1;6.0;confirmada;Dinheiro
2737;2;5;152;1.0;2025-07-26;2025-07-31;5;1;7.0;confirmada;Cartão de Débito
2795;2;3;185;2.0;2025-08-08;2025-08-11;3;1;6.0;confirmada;Cartão de Crédito
2600;1;3;267;4.0;2025-01-05;2025-01-08;3;3;9.0;cancelada;Dinheiro
3186;7;4;96;1.0;2026-05-23;2026-05-29;6;1;8.0;confirmada;Cartão de Débito
2492;1;1;263;4.0;2025-05-29;2025-05-30;1;2;10.0;Concluída ;cred
4466;5;1;135;2.0;2025-07-25;2025-07-27;2;1;2.0;conf.;Cartão de Débito
4079;12;3;271;1.0;2025-08-25;2025-08-28;3;3;5.0;conf.;Transferência
4372;5;3;22;1.0;2025-05-31;2025-06-05;5;3;;confirmada;Cartão de Débito
2542;1;4;224;4.0;2025-01-07;2025-01-09;2;2;;confirmada;Transferência
3946;12;1;77;4.0;2026-05-20;2026-05-24;4;4;9.0;confirmada;Transferência
3838;11;1;168;3.0;2026-03-17;2026-03-18;0;1;7.0;confirmada;Cartão de Crédito
4065;12;3;161;4.0;2026-05-27;2026-05-30;3;3;10.0;confirmada;Dinheiro
3794;11;1;118;2.0;2026-07-19;2026-07-21;2;1;6.0;no-show;Cartão de Crédito
3722;10;4;60;2.0;2025-04-22;2025-04-26;4;3;10.0;cancel.;C. Crédito
2844;4;2;192;3.0;2025-12-12;2025-12-16;4;2;;concluída;Cartão de Débito
3772;10;3;294;3.0;2025-02-21;2025-02-22;1;2;;cancelada;Cartão de Débito
2937;4;4;97;1.0;2026-08-19;2026-08-23;4;1;9.0;confirmada;Transferência
3193;7;2;134;4.0;2026-06-25;2026-06-28;3;4;8.0;confirmada;Cartão de Crédito
3539;9;3;53;2.0;2025-05-23;2025-05-28;5;3;8.0;confirmada;Cartão de Crédito
2747;2;1;28;3.0;2026-07-05;2026-07-08;3;2;7.0;CANCELADA;PIX
3801;11;2;253;2.0;2025-10-26;2025-10-31;5;4;7.0;CONFIRMADA ;Dinheiro
3920;11;4;59;3.0;2025-02-20;2025-02-22;2;1;6.0;confirmada;Cartão de Crédito
3289;7;1;73;1.0;2025-02-19;2025-02-22;3;1;8.0;concluída;PIX
3460;9;2;259;3.0;2026-03-08;2026-03-10;2;4;6.0;confirmada;PIX
3670;10;3;300;1.0;2025-03-17;2025-03-20;3;1;7.0;cancelada;Cartão de Débito
3133;6;3;11;1.0;2025-01-05;2025-01-09;4;4;9.0;confirmada;Dinheiro
3270;7;1;269;2.0;2026-06-02;2026-06-06;4;1;;concluída;Dinheiro
4582;13;8;311;3.0;2026-04-16;2026-04-17;1;1;6.0;confirmada;Dinheiro
3420;8;4;86;1.0;2026-06-11;2026-06-13;2;4;;Confirmada;Dinheiro
3823;11;4;149;4.0;2025-01-10;2025-01-12;2;1;7.0;confirmada;Cartão de Crédito
2631;1;2;142;;2026-04-21;2026-04-25;4;3;10.0;confirmada;Dinheiro
2725;2;1;134;3.0;2026-02-17;2026-02-22;5;4;8.0;confirmada;PIX
4324;3;3;61;4.0;2026-01-05;2026-01-08;3;2;2.0;cancelada;Dinheiro
2947;4;1;179;4.0;2026-01-10;2026-01-13;3;4;7.0;confirmada;déb
3957;12;5;89;3.0;2025-07-19;2025-07-21;2;3;9.0;confirmada;PIX
3407;8;5;73;1.0;2026-04-07;2026-04-08;1;1;6.0;concluída;Cartão de Crédito
4276;3;1;50;1.0;2026-06-01;2026-06-02;1;3;1.0;confirmada;Dinheiro
2645;1;1;29;4.0;2025-10-18;2025-10-19;1;1;6.0;cancelada;Dinheiro
2884;4;1;71;3.0;2026-06-15;2026-06-18;3;3;5.0;confirmada;Cartão de Débito
4056;12;4;204;3.0;2026-03-25;2026-03-26;1;2;7.0;Concluída ;Transferência
2603;1;4;300;3.0;2026-04-22;2026-04-25;3;2;10.0;confirmada;Dinheiro
4300;3;3;275;4.0;2025-04-20;2025-04-23;3;3;1.0;concluída;Transferência
3124;6;2;73;4.0;2026-05-11;2026-05-13;2;1;7.0;concluída;transferencia
4022;12;5;222;1.0;2025-06-04;2025-06-07;3;1;10.0;confirmada;Cartão de Débito
4404;5;3;95;3.0;2026-02-05;2026-02-07;2;2;4.0;CONFIRMADA ;Cartão de Débito
3747;10;5;35;3.0;2026-08-07;2026-08-09;2;1;7.0;confirmada;Transferência
2914;4;1;231;1.0;2025-04-02;2025-04-05;3;3;6.0;confirmada;Cartão de Débito
2661;2;1;233;4.0;2025-07-30;2025-08-03;4;3;7.0;concluída;Cartão de Débito
4603;13;8;305;4.0;2026-04-16;2026-04-18;2;1;8.0;confirmada;Cartão de Crédito
4635;13;8;304;1.0;2025-06-09;2025-06-10;1;4;7.0;NO-SHOW;Dinheiro
2481;1;1;80;3.0;2025-11-07;2025-11-14;7;4;8.0;no-show;PIX
2665;2;3;15;2.0;2025-01-16;2025-01-18;2;1;7.0;Confirmada;C. Crédito
3364;8;2;160;1.0;2025-06-23;2025-06-24;1;2;8.0;confirmada;cred
3878;11;5;31;2.0;2026-07-10;2026-07-13;3;3;6.0;confirmada;PIX
4578;13;7;311;2.0;2026-04-16;2026-04-20;4;3;8.0;confirmada;Transferência
4634;13;7;303;4.0;2025-05-19;2025-05-20;1;3;9.0;confirmada;Dinheiro
4133;3;3;185;2.0;2025-04-01;2025-04-05;4;2;2.0;Confirmada;Cartão de Débito
2460;1;1;293;3.0;2026-07-08;2026-07-11;3;1;8.0;Concluída ;Cartão de Débito
3888;11;4;259;3.0;2026-03-03;2026-03-08;5;4;6.0;confirmada;Dinheiro
3675;10;5;72;2.0;2025-08-14;2025-08-18;4;4;9.0;cancelada;Cartão de Débito
4075;12;2;137;1.0;2026-02-19;2026-02-22;3;1;8.0;confirmada;Transferência
4216;3;2;253;4.0;2025-11-07;2025-11-08;1;1;3.0;Confirmada;Dinheiro
3837;11;2;149;4.0;2025-09-20;2025-09-25;5;1;7.0;confirmada;PIX
2802;2;1;3;3.0;2025-02-25;2025-02-27;2;2;7.0;confirmada;PIX
4088;12;2;195;2.0;2025-01-24;2025-01-30;6;1;-3.0;confirmada;PIX
3992;12;5;47;1.0;2025-11-03;2025-11-06;3;1;7.0;cancelada;Cartão de Crédito
2608;1;3;44;4.0;2026-06-11;2026-06-14;3;4;6.0;confirmada;PIX
4335;5;2;59;2.0;2025-05-31;2025-06-04;4;1;2.0;confirmada;dinheiro
3247;7;1;244;1.0;2026-06-07;2026-06-11;4;3;10.0;confirmada;Dinheiro
3901;11;2;102;2.0;2026-05-18;2026-05-22;4;3;5.0;cancelada;Dinheiro
3964;12;4;278;2.0;2025-01-12;2025-01-16;4;3;8.0;confirmada;Cartão de Débito
3855;11;2;250;2.0;2025-06-09;2025-06-12;3;4;;concluída;Dinheiro
3121;6;4;248;3.0;2025-03-27;2025-04-01;5;1;10.0;concluída;Dinheiro
4451;5;1;131;4.0;2025-02-28;2025-03-05;5;3;;concluída;Cartão de Crédito
2657;2;4;170;4.0;2026-01-05;2026-01-08;3;1;9.0;confirmada;cartao debito
3828;11;4;153;4.0;2026-08-02;2026-08-06;4;2;5.0;confirmada;cartao debito
3565;9;2;173;2.0;2026-02-09;2026-02-11;2;3;4.0;confirmada;PIX
4442;5;1;294;4.0;2025-01-05;2025-01-09;4;4;3.0;no-show;PIX
3834;11;5;92;1.0;2025-07-08;2025-07-09;1;1;8.0;conf.;Transferência
4180;3;2;50;2.0;2025-11-07;2025-11-12;5;4;1.0;confirmada;Transferência
4175;3;3;47;4.0;2025-11-07;2025-11-08;1;1;4.0;confirmada;PIX
3329;8;4;75;3.0;2025-07-19;2025-07-21;2;3;5.0;confirmada;Cartão de Crédito
3447;8;5;30;3.0;2026-07-24;2026-07-28;4;2;;confirmada;PIX
3770;10;3;105;2.0;2026-03-19;2026-03-20;1;1;10.0;cancelada;Transferência
3816;11;4;42;1.0;2025-04-12;2025-04-13;1;1;;concluída;Dinheiro
3204;7;4;119;2.0;2025-10-09;2025-10-13;4;3;10.0;conf.;PIX
3190;7;4;260;2.0;2025-03-03;2025-03-07;4;1;9.0;cancelada;Transferência
3687;10;3;261;1.0;2026-05-17;2026-05-21;4;4;7.0;cancelada;Cartão de Crédito
4607;13;8;304;3.0;2026-04-16;2026-04-18;2;3;7.0;confirmada;Cartão de Crédito
2485;1;3;63;;2025-03-10;2025-03-12;2;4;6.0;confirmada;Cartão de Crédito
4033;12;5;294;2.0;2026-01-16;2026-01-19;3;3;7.0;no-show;PIX
2846;4;3;248;3.0;2025-02-02;2025-02-07;5;4;;concluída;PIX
2490;1;3;94;1.0;2025-08-12;2025-08-13;1;3;;confirmada;C. Crédito
3921;11;1;247;1.0;2026-01-19;2026-01-21;2;2;8.0;confirmada;CD
3556;9;5;170;4.0;2025-01-10;2025-01-11;1;3;;concluída;Cartão de Crédito
3608;9;5;273;3.0;2025-01-04;2025-01-07;3;4;5.0;cancelada;cartao debito
2785;2;4;16;2.0;2025-09-09;2025-09-13;4;3;;confirmada;Cartão de Débito
4020;12;4;188;3.0;2025-08-31;2025-09-03;3;2;;confirmada;dinheiro
4376;5;2;150;1.0;2025-05-31;2025-06-02;2;4;3.0;confirmada;Cartão de Crédito
3436;8;2;112;3.0;2026-01-12;2026-01-15;3;1;;confirmada;PIX
3913;11;4;25;3.0;2025-06-26;2025-06-29;3;4;9.0;Confirmada;Cartão de Débito
3926;11;1;134;4.0;2025-02-26;2025-02-28;2;2;;cancelada;PIX
3047;6;5;142;1.0;2025-10-29;2025-11-05;7;2;9.0;confirmada;PIX
2977;4;3;266;3.0;2026-06-30;2026-07-01;1;3;7.0;concluída;Cartão de Crédito
2904;4;4;236;2.0;2025-01-30;2025-02-01;2;1;10.0;cancelada;Cartão de Crédito
3872;11;1;227;1.0;2025-07-18;2025-07-22;4;2;9.0;cancelada;Dinheiro
4334;5;2;183;3.0;2025-05-31;2025-06-03;3;4;3.0;confirmada;Cartão de Crédito
4311;3;2;191;2.0;2025-07-08;2025-07-10;2;2;2.0;confirmada;Dinheiro
3224;7;5;282;;2026-05-27;2026-05-31;4;3;;Concluida;Cartão de Crédito
4197;3;1;127;2.0;2025-11-07;2025-11-10;3;3;2.0;confirmada;Transferência
3082;6;2;252;3.0;2025-12-29;2026-01-01;3;3;9.0;concluída;Dinheiro
4453;5;1;180;4.0;2025-08-31;2025-09-04;4;3;;confirmada;CD
2533;1;2;68;4.0;2025-04-23;2025-04-24;1;2;8.0;concluída;Transferência
2956;4;4;183;3.0;2025-05-01;2025-05-03;2;3;9.0;conf.;Dinheiro
4068;12;3;132;3.0;2025-09-05;2025-09-11;6;4;7.0;cancelada;Transferência
4118;3;1;197;4.0;2025-04-01;2025-04-06;5;2;4.0;confirmada;TED
4301;3;1;232;3.0;2025-05-03;2025-05-09;6;1;4.0;concluída;PIX
3023;6;1;238;1.0;2025-10-16;2025-10-17;1;1;;no-show;Transferência
2565;1;5;177;1.0;2025-05-24;2025-05-26;2;1;7.0;confirmada;Dinheiro
3089;6;5;239;3.0;2025-02-09;2025-02-13;4;1;6.0;conf.;Transferência
3127;6;3;192;2.0;2026-03-09;2026-03-13;4;4;9.0;confirmada;Cartão de Crédito
4211;3;3;292;4.0;2025-11-07;2025-11-11;4;4;2.0;confirmada;Transferência
4303;3;1;280;2.0;2025-08-03;2025-08-05;2;2;2.0;cancel.;Cartão de Débito
4229;3;3;242;3.0;2025-11-07;2025-11-10;3;2;3.0;confirmada;PIX
4251;3;1;290;1.0;2025-02-26;2025-03-02;4;3;;CANCELADA;PIX
3161;7;5;269;2.0;2025-12-22;2025-12-25;3;1;9.0;concluída;CD
4535;13;8;304;4.0;2025-07-20;2025-07-22;2;3;9.0;CONFIRMADA ;Transferência
3575;9;3;24;1.0;2025-05-18;2025-05-23;5;4;4.0;cancelada;Cartão de Crédito
4509;5;2;97;1.0;2025-10-15;2025-10-17;2;1;3.0;confirmada;Transferência
3765;10;4;230;3.0;2025-07-07;2025-07-09;2;1;6.0;confirmada;Transferência
3678;10;2;110;1.0;2025-11-04;2025-11-06;2;1;9.0;Concluida;DINHEIRO
2479;1;1;51;4.0;2025-10-11;2025-10-13;2;1;6.0;concluída;Dinheiro
4269;3;2;125;2.0;2026-08-04;2026-08-08;4;1;3.0;Cancelada;PIX
4612;13;6;165;;2025-08-15;2025-08-17;2;1;8.0;cancelada;Dinheiro
3319;8;3;19;2.0;2025-05-28;2025-05-31;3;4;;confirmada;Pix
3523;9;3;91;4.0;2025-06-28;2025-07-03;5;3;9.0;concluída;C. Crédito
3742;10;3;39;3.0;2025-12-28;2025-12-29;1;4;8.0;concluída;PIX
4354;5;2;219;4.0;2025-05-31;2025-06-01;1;2;2.0;confirmada;Cartão de Débito
2886;4;3;154;3.0;2026-08-23;2026-08-28;5;1;;confirmada;Cartão de Débito
3890;11;2;174;1.0;2026-01-24;2026-01-27;3;3;4.0;confirmada;cred
4102;12;5;183;4.0;2025-10-11;2025-10-13;2;4;10.0;concluída;Cartão de Crédito
4227;3;3;221;4.0;2025-11-07;2025-11-10;3;4;2.0;confirmada;cartao debito
4117;3;2;180;3.0;2025-04-01;2025-04-05;4;4;2.0;confirmada;Cartão de Crédito
2596;1;2;9;4.0;2025-10-28;2025-10-30;2;2;5.0;concluída;Cartão de Crédito
2519;1;2;219;1.0;2025-11-30;2025-12-03;3;1;8.0;confirmada;PIX
3310;8;4;279;4.0;2025-11-10;2025-11-14;4;3;7.0;conf.;PIX
2842;4;2;47;4.0;2025-01-04;2025-01-07;3;2;8.0;CONFIRMADA ;Cartão de Crédito
3452;8;3;218;4.0;2025-10-29;2025-11-01;3;3;10.0;confirmada;Dinheiro
4291;3;3;231;1.0;2025-03-08;2025-03-09;1;4;2.0;confirmada;Dinheiro
4146;3;2;25;2.0;2025-04-01;2025-04-06;5;3;2.0;confirmada;Cartão de Débito
4279;3;3;277;4.0;2026-06-13;2026-06-15;2;3;2.0;no-show;Cartão de Crédito
3118;6;5;163;4.0;2025-12-17;2025-12-20;3;1;5.0;confirmada;Transferência
3880;11;4;125;1.0;2025-01-29;2025-02-01;3;4;9.0;confirmada;Cartão de Débito
3788;11;1;55;1.0;2026-07-17;2026-07-21;4;3;;cancelada;PIX
2656;2;2;230;4.0;2026-05-03;2026-05-09;6;1;;confirmada;PIX
3416;8;4;29;4.0;2025-03-20;2025-03-21;1;1;8.0;confirmada;Dinheiro
3810;11;5;42;4.0;2025-11-23;2025-11-26;3;1;9.0;confirmada;Transferência
2856;4;3;3;4.0;2025-07-08;2025-07-13;5;3;8.0;no-show;Transferência
2895;4;2;277;4.0;2026-02-13;2026-02-19;6;2;8.0;no-show;Dinheiro
3628;10;3;294;3.0;2025-06-21;2025-06-27;6;3;;confirmada;Dinheiro
3305;8;3;68;4.0;2025-12-06;2025-12-08;2;4;8.0;Concluída ;Dinheiro
3534;9;2;257;4.0;2025-07-02;2025-07-03;1;4;9.0;Confirmada;PIX
2861;4;2;248;1.0;2026-07-02;2026-07-05;3;2;8.0;concluída;Dinheiro
2801;2;5;110;2.0;2025-06-08;2025-06-13;5;1;7.0;concluída;Cartão de Débito
4432;5;2;96;4.0;2026-02-05;2026-02-07;2;2;3.0;Confirmada;Transferência
3360;8;1;233;4.0;2026-05-17;2026-05-21;4;1;9.0;confirmada;Dinheiro
4610;13;7;313;4.0;2025-04-24;2025-04-27;3;2;7.0;no-show;Transferência
3094;6;3;274;1.0;2025-01-14;2025-01-19;5;1;6.0;conf.;Transferência
2461;1;4;161;4.0;2026-06-29;2026-06-30;1;3;;confirmada;Dinheiro
2464;1;3;198;;2026-04-02;2026-04-05;3;2;8.0;confirmada;Dinheiro
4096;12;5;219;1.0;2025-09-15;2025-09-21;6;1;8.0;confirmada;Cartão de Débito
2841;4;1;165;2.0;2025-03-18;2025-03-19;1;3;8.0;concluída;Dinheiro
2766;2;2;9;4.0;2025-07-06;2025-07-10;4;2;8.0;confirmada;Transferência
4557;13;7;302;2.0;2025-07-20;2025-07-24;4;1;4.0;confirmada;Dinheiro
3220;7;1;94;;2026-07-19;2026-07-21;2;1;7.0;confirmada;Dinheiro
3112;6;5;122;1.0;2025-03-03;2025-03-07;4;1;;Confirmada;Transferência
3415;8;1;165;3.0;2026-02-08;2026-02-12;4;1;9.0;no-show;PIX
2518;1;2;121;3.0;2025-11-07;2025-11-08;1;1;9.0;confirmada;Dinheiro
3401;8;4;133;4.0;2026-04-05;2026-04-08;3;2;7.0;confirmada;Cartão de Crédito
2870;4;5;283;2.0;2025-05-22;2025-05-25;3;1;7.0;concluída;Dinheiro
2627;1;2;285;4.0;2026-07-12;2026-07-15;3;2;10.0;confirmada;PIX
3469;9;2;197;4.0;2025-12-03;2025-12-06;3;2;8.0;confirmada;Cartão de Crédito
4257;3;3;161;4.0;2026-07-29;2026-07-30;1;4;2.0;Concluída ;Transferência
3859;11;2;52;4.0;2025-04-03;2025-04-06;3;4;5.0;confirmada;Dinheiro
2556;1;3;106;4.0;2025-04-20;2025-04-24;4;4;9.0;conf.;dinheiro
3008;6;4;41;4.0;2025-08-18;2025-08-22;4;4;8.0;cancelada;Cartão de Débito
4254;3;1;222;2.0;2025-05-08;2025-05-11;3;3;2.0;cancelada;Transferência
3035;6;1;110;4.0;2025-09-08;2025-09-10;2;3;5.0;CANCELADA;cartao debito
4422;5;2;278;3.0;2026-02-05;2026-02-07;2;2;4.0;conf.;Dinheiro
2760;2;1;115;2.0;2026-01-25;2026-01-30;5;3;;cancel.;Transferência
4226;3;1;180;2.0;2025-11-07;2025-11-11;4;1;;conf.;dinheiro
3586;9;1;66;1.0;2025-11-28;2025-11-30;2;4;8.0;confirmada;Cartão de Crédito
2495;1;1;76;3.0;2025-07-23;2025-07-26;3;3;8.0;confirmada;Cartão de Crédito
4262;3;2;30;4.0;2025-10-06;2025-10-08;2;2;1.0;confirmada;Dinheiro
3862;11;4;155;;2025-09-01;2025-09-03;2;2;;confirmada;Cartão de Crédito
2781;2;4;152;1.0;2026-03-09;2026-03-13;4;4;8.0;concluída;PIX
4644;13;8;89;1.0;2025-06-24;2025-06-29;5;1;8.0;no-show;Dinheiro
2972;4;2;119;3.0;2026-05-16;2026-05-22;6;1;8.0;concluída;Transferência
3898;11;2;197;4.0;2025-11-22;2025-11-23;1;4;9.0;cancelada;CC
4172;3;1;102;2.0;2025-04-01;2025-04-02;1;4;;CONFIRMADA ;Dinheiro
3802;11;5;142;4.0;2025-03-14;2025-03-20;6;1;5.0;confirmada;CC
3412;8;1;227;3.0;2025-07-19;2025-07-27;8;1;8.0;concluída;Dinheiro
3110;6;2;131;2.0;2026-04-04;2026-04-08;4;2;7.0;Confirmada;C. Crédito
3291;8;3;113;2.0;2025-03-08;2025-03-12;4;3;;cancelada;Transferência
2755;2;2;36;1.0;2026-08-29;2026-09-02;4;1;;confirmada;Dinheiro
4571;13;7;303;3.0;2026-04-16;2026-04-17;1;4;9.0;confirmada;Transferência
4029;12;5;181;3.0;2026-01-01;2026-01-05;4;3;8.0;concluída;Cartão de Débito
4563;13;8;310;1.0;2025-07-20;2025-07-23;3;4;4.0;confirmada;PIX
4323;3;2;221;2.0;2026-06-07;2026-06-08;1;3;2.0;cancel.;Cartão de Débito
3157;7;2;148;4.0;2025-06-19;2025-06-24;5;4;7.0;confirmada;PIX
4589;13;7;297;2.0;2026-04-16;2026-04-22;6;4;8.0;confirmada;PIX
4002;12;4;273;4.0;2025-09-26;2025-10-01;5;4;;confirmada;Transferência
2973;4;3;73;2.0;2025-12-04;2025-12-07;3;1;10.0;no-show;Cartão de Crédito
2503;1;3;248;4.0;2025-09-02;2025-09-06;4;1;8.0;cancelada;Dinheiro
3292;8;2;272;1.0;2025-03-22;2025-03-23;1;1;8.0;confirmada;Transferência
3875;11;2;138;4.0;2025-05-31;2025-06-01;1;2;6.0;Concluída ;Transferência
3954;12;3;3;3.0;2025-12-26;2025-12-29;3;3;6.0;cancelada;Cartão de Crédito
3999;12;4;241;1.0;2025-03-07;2025-03-10;3;1;10.0;concluída;Cartão de Débito
3649;10;4;222;4.0;2025-12-28;2026-01-03;6;4;10.0;confirmada;Dinheiro
3033;6;1;184;1.0;2025-03-13;2025-03-19;6;4;;CANCELADA;Transferência
4433;5;3;207;3.0;2026-02-05;2026-02-08;3;4;3.0;Confirmada;Dinheiro
4428;5;1;77;;2026-02-05;2026-02-11;6;2;3.0;confirmada;cred
3930;12;3;251;3.0;2026-01-31;2026-02-02;2;3;6.0;cancelada;Dinheiro
2515;1;4;45;1.0;2025-11-13;2025-11-16;3;4;;confirmada;dinheiro
4498;5;1;228;1.0;2025-08-12;2025-08-13;1;4;2.0;confirmada;Cartão de Débito
3729;10;4;150;1.0;2026-05-11;2026-05-16;5;4;9.0;confirmada;PIX
3272;7;4;126;1.0;2025-06-17;2025-06-22;5;1;6.0;concluída;Cartão de Débito
2617;1;5;180;4.0;2025-02-11;2025-02-15;4;2;9.0;confirmada;PIX
4092;12;1;50;2.0;2026-07-19;2026-07-21;2;1;5.0;Confirmada;PIX
4636;13;6;247;2.0;2026-08-15;2026-08-19;4;2;6.0;cancelada;Cartão de Crédito
3027;6;1;298;4.0;2025-04-18;2025-04-23;5;1;7.0;cancelada;PIX
4198;3;3;41;1.0;2025-11-07;2025-11-10;3;3;;conf.;Dinheiro
4400;5;2;273;2.0;2026-02-05;2026-02-11;6;2;;confirmada;dinheiro
4500;5;2;291;2.0;2026-02-25;2026-03-01;4;2;2.0;confirmada;Dinheiro
3592;9;1;264;4.0;2025-06-15;2025-06-16;1;2;9.0;no-show;Transferência
4129;3;2;12;3.0;2025-04-01;2025-04-04;3;2;2.0;confirmada;PIX
4284;3;3;15;2.0;2025-10-10;2025-10-15;5;4;1.0;Cancelada;Transferência
3191;7;5;80;4.0;2026-03-24;2026-03-27;3;3;5.0;no-show;PIX
4325;3;2;260;3.0;2025-11-14;2025-11-15;1;2;2.0;concluída;Pix
3714;10;4;136;2.0;2026-04-02;2026-04-08;6;3;9.0;confirmada;Cartão de Crédito
3034;6;2;54;1.0;2026-06-11;2026-06-12;1;1;6.0;concluída;Cartão de Crédito
3019;6;5;243;1.0;2025-11-26;2025-11-27;1;3;7.0;concluída;transferencia
2935;4;2;280;1.0;2025-07-25;2025-07-29;4;2;;confirmada;Transferência
3991;12;1;225;2.0;2025-08-01;2025-08-03;2;1;9.0;confirmada;ted
3237;7;3;259;2.0;2026-06-10;2026-06-17;7;4;8.0;conf.;Transferência
3256;7;4;156;1.0;2026-04-06;2026-04-10;4;4;8.0;CONFIRMADA ;pix
3253;7;2;156;3.0;2025-10-07;2025-10-08;1;2;9.0;confirmada;PIX
4513;5;2;198;1.0;2026-05-21;2026-05-27;6;2;;confirmada;Cartão de Débito
3231;7;2;128;;2025-04-15;2025-04-18;3;4;7.0;confirmada;Cartão de Débito
3003;6;3;54;4.0;2025-11-12;2025-11-17;5;2;10.0;no-show;cartao debito
3141;6;3;222;4.0;2025-12-19;2025-12-20;1;2;8.0;confirmada;Cartão de Débito
3836;11;1;297;2.0;2025-06-30;2025-07-03;3;2;10.0;concluída;Dinheiro
4281;3;2;20;4.0;2026-06-15;2026-06-16;1;3;3.0;confirmada;Dinheiro
3382;8;5;218;2.0;2025-02-09;2025-02-10;1;4;6.0;concluída;Transferência
4290;3;2;237;2.0;2025-12-26;2025-12-27;1;1;2.0;no-show;Cartão de Débito
2553;1;3;298;3.0;2025-02-04;2025-02-06;2;4;9.0;concluída;Cartão de Débito
3821;11;5;202;1.0;2025-03-06;2025-03-08;2;4;9.0;confirmada;Cartão de Crédito
3243;7;3;220;1.0;2025-02-16;2025-02-18;2;4;8.0;confirmada;Dinheiro
4487;5;3;125;1.0;2026-04-09;2026-04-11;2;1;1.0;cancelada;Dinheiro
3610;9;3;8;3.0;2025-06-09;2025-06-11;2;2;;confirmada;Dinheiro
4195;3;3;279;1.0;2025-11-07;2025-11-14;7;4;3.0;confirmada;Cartão de Crédito
3037;6;3;97;4.0;2025-05-19;2025-05-22;3;2;7.0;confirmada;Dinheiro
3782;11;5;69;3.0;2026-05-28;2026-05-29;1;1;6.0;confirmada;Transferência
2574;1;1;189;2.0;2025-04-14;2025-04-17;3;3;;confirmada;Cartão de Débito
2717;2;2;62;2.0;2026-07-06;2026-07-07;1;2;10.0;confirmada;Cartão de Débito
4598;13;7;181;1.0;2026-04-16;2026-04-22;6;4;7.0;confirmada;Cartão de Débito
4592;13;6;70;3.0;2026-04-16;2026-04-17;1;2;7.0;conf.;Transferência
4596;13;6;314;3.0;2026-04-16;2026-04-22;6;1;8.0;confirmada;Dinheiro
2466;1;1;91;2.0;2025-06-04;2025-06-07;3;4;8.0;confirmada;Cartão de Débito
2676;2;1;87;4.0;2025-12-27;2025-12-31;4;3;7.0;concluída;Cartão de Débito
2824;4;5;228;2.0;2026-06-30;2026-07-05;5;3;7.0;concluída;PIX
2653;2;4;23;3.0;2026-01-01;2026-01-02;1;1;7.0;cancelada;Cartão de Crédito
4244;3;3;292;3.0;2025-05-05;2025-05-06;1;2;3.0;confirmada;Dinheiro
4336;5;1;83;2.0;2025-05-31;2025-06-05;5;1;1.0;confirmada;Dinheiro
3251;7;3;165;4.0;2026-06-29;2026-07-04;5;1;8.0;confirmada;transferencia
4412;5;1;138;2.0;2026-02-05;2026-02-07;2;4;2.0;CONFIRMADA ;Cartão de Crédito
4018;12;2;205;3.0;2025-10-16;2025-10-17;1;1;8.0;Cancelada;Transferência
3895;11;4;150;2.0;2025-07-06;2025-07-10;4;1;4.0;cancelada;pix
3843;11;1;222;1.0;2026-04-02;2026-04-03;1;2;8.0;confirmada;Dinheiro
4417;5;2;298;2.0;2026-02-05;2026-02-07;2;3;4.0;confirmada;Cartão de Débito
3644;10;3;281;2.0;2025-03-28;2025-03-31;3;1;6.0;confirmada;Dinheiro
4419;5;3;232;3.0;2026-02-05;2026-02-09;4;4;1.0;confirmada;Dinheiro
3613;9;1;265;1.0;2025-04-07;2025-04-12;5;1;10.0;concluída;PIX
4383;5;2;2;;2025-05-31;2025-06-03;3;4;1.0;confirmada;Cartão de Crédito
2905;4;1;85;3.0;2025-09-08;2025-09-09;1;2;6.0;concluída;PIX
3389;8;4;269;3.0;2025-10-27;2025-11-02;6;1;7.0;cancelada;Dinheiro
3975;12;4;81;4.0;2025-11-14;2025-11-17;3;1;5.0;confirmada;Dinheiro
4286;3;1;14;4.0;2026-02-19;2026-02-23;4;4;1.0;confirmada;Cartão de Crédito
2848;4;3;173;4.0;2025-08-23;2025-08-25;2;2;7.0;confirmada;Transferência
2742;2;4;106;1.0;2026-04-18;2026-04-20;2;4;9.0;confirmada;Cartão de Débito
4475;5;3;71;2.0;2025-07-25;2025-07-28;3;3;3.0;confirmada;Cartão de Débito
4602;13;8;311;3.0;2026-04-16;2026-04-18;2;4;6.0;confirmada;Transferência
4161;3;2;36;1.0;2025-04-01;2025-04-04;3;2;3.0;confirmada;Dinheiro
3974;12;5;177;2.0;2026-06-26;2026-06-27;1;4;8.0;no-show;CD
2654;2;4;59;1.0;2026-08-19;2026-08-20;1;3;9.0;concluída;PIX
3428;8;4;264;3.0;2025-07-19;2025-07-23;4;4;9.0;concluída;PIX
4361;5;2;206;3.0;2025-05-31;2025-06-05;5;2;3.0;confirmada;Cartão de Débito
3986;12;5;197;3.0;2026-02-24;2026-02-27;3;4;8.0;confirmada;Cartão de Débito
3721;10;3;94;4.0;2025-02-10;2025-02-12;2;3;9.0;confirmada;Transferência
4093;12;3;159;4.0;2026-03-27;2026-04-01;5;4;9.0;no-show;PIX
4188;3;2;186;;2025-11-07;2025-11-10;3;2;2.0;confirmada;Cartão de Crédito
3375;8;4;86;4.0;2025-02-25;2025-02-28;3;1;;confirmada;Cartão de Crédito
4504;5;3;259;1.0;2025-10-04;2025-10-07;3;4;4.0;CONFIRMADA ;Cartão de Crédito
2564;1;3;246;4.0;2025-11-06;2025-11-08;2;3;;confirmada;Transferência
3550;9;2;258;3.0;2026-01-12;2026-01-14;2;3;10.0;concluída;Cartão de Débito
3328;8;3;99;2.0;2025-07-21;2025-07-23;2;2;;confirmada;Transferência
2926;4;3;242;1.0;2025-08-12;2025-08-15;3;2;10.0;confirmada;Cartão de Débito
3349;8;5;121;;2025-01-31;2025-02-04;4;2;7.0;NO-SHOW;Transferência
3776;11;2;21;;2026-01-25;2026-01-30;5;2;;confirmada;Transferência
2516;1;1;32;3.0;2026-04-21;2026-04-23;2;3;;confirmada;Transferência
2559;1;4;55;1.0;2026-02-03;2026-02-04;1;2;7.0;confirmada;CD
4196;3;2;18;;2025-11-07;2025-11-12;5;1;3.0;Confirmada;PIX
2834;4;5;199;4.0;2026-05-04;2026-05-10;6;2;8.0;no-show;Cartão de Crédito
4348;5;3;102;2.0;2025-05-31;2025-06-04;4;2;3.0;confirmada;PIX
2611;1;2;283;1.0;2025-01-23;2025-01-29;6;1;6.0;cancelada;PIX
2816;2;2;3;1.0;2026-01-28;2026-01-31;3;2;10.0;concluída;Cartão de Débito
3240;7;2;21;2.0;2025-11-24;2025-11-29;5;1;5.0;cancelada;Dinheiro
3020;6;1;273;2.0;2026-06-07;2026-06-10;3;2;8.0;confirmada;PIX
3041;6;2;178;1.0;2025-12-26;2025-12-31;5;2;4.0;confirmada;Transferência
4015;12;3;63;1.0;2025-04-05;2025-04-10;5;2;6.0;confirmada;Dinheiro
3892;11;3;293;3.0;2025-11-02;2025-11-06;4;4;8.0;confirmada;Dinheiro
4205;3;2;116;;2025-11-07;2025-11-12;5;1;3.0;confirmada;cartao debito
3612;9;2;243;4.0;2026-06-27;2026-06-30;3;1;7.0;confirmada;Dinheiro
3655;10;1;220;2.0;2026-05-17;2026-05-18;1;2;9.0;concluída;PIX
3479;9;2;66;4.0;2025-11-08;2025-11-10;2;2;10.0;cancelada;PIX
3114;6;3;80;3.0;2025-06-28;2025-06-29;1;3;10.0;Concluida;Dinheiro
3325;8;4;264;2.0;2025-06-25;2025-06-27;2;4;8.0;CANCELADA;PIX
4181;3;2;177;2.0;2025-11-07;2025-11-09;2;3;2.0;confirmada;Dinheiro
3967;12;2;38;2.0;2026-04-09;2026-04-11;2;1;;concluída;Cartão de Crédito
3925;11;2;283;4.0;2026-02-17;2026-02-21;4;1;7.0;confirmada;Dinheiro
4003;12;4;71;4.0;2025-02-27;2025-03-05;6;4;7.0;confirmada;pix
2543;1;5;224;3.0;2025-09-30;2025-10-03;3;2;8.0;confirmada;PIX
3050;6;5;103;1.0;2025-02-25;2025-03-01;4;1;6.0;CANCELADA;Dinheiro
3148;7;2;206;2.0;2025-01-05;2025-01-06;1;1;;cancelada;C. Crédito
3286;7;2;36;2.0;2025-01-15;2025-01-18;3;4;8.0;no-show;Dinheiro
2735;2;4;116;1.0;2026-08-26;2026-08-30;4;3;5.0;confirmada;Cartão de Débito
3659;10;4;92;2.0;2025-06-30;2025-07-01;1;1;9.0;confirmada;PIX
2686;2;1;141;4.0;2026-04-09;2026-04-11;2;1;8.0;conf.;PIX
3130;6;4;293;1.0;2025-12-26;2025-12-27;1;1;9.0;concluída;Cartão de Crédito
4438;5;1;75;1.0;2026-02-05;2026-02-08;3;4;2.0;Confirmada;Cartão de Débito
2538;1;1;28;1.0;2025-02-16;2025-02-20;4;3;;confirmada;Dinheiro
3863;11;3;276;1.0;2025-03-17;2025-03-20;3;3;;confirmada;Cartão de Crédito
3467;9;4;200;3.0;2025-08-08;2025-08-14;6;4;6.0;no-show;Cartão de Crédito
3115;6;5;267;3.0;2025-06-04;2025-06-05;1;1;;CANCELADA;Transferência
4625;13;7;312;2.0;2025-01-24;2025-01-28;4;1;7.0;CONFIRMADA ;Cartão de Crédito
3807;11;3;64;3.0;2025-12-03;2025-12-04;1;3;7.0;concluída;PIX
3149;7;2;284;1.0;2026-05-10;2026-05-14;4;4;;Confirmada;PIX
4287;3;3;120;4.0;2025-04-08;2025-04-11;3;3;3.0;confirmada;Transferência
3104;6;5;174;1.0;2026-02-28;2026-03-05;5;4;7.0;confirmada;Dinheiro
2939;4;4;186;1.0;2026-05-14;2026-05-17;3;1;9.0;concluída;PIX
3025;6;1;280;2.0;2025-05-08;2025-05-10;2;1;8.0;no-show;Cartão de Débito
4080;12;5;28;3.0;2026-07-30;2026-08-01;2;3;7.0;confirmada;Cartão de Débito
3099;6;2;119;1.0;2025-07-24;2025-07-25;1;3;7.0;Concluida;Cartão de Débito
4576;13;7;302;4.0;2026-04-16;2026-04-18;2;3;6.0;confirmada;Cartão de Débito
2517;1;1;34;1.0;2025-11-01;2025-11-07;6;4;7.0;confirmada;Dinheiro
3201;7;2;108;4.0;2025-08-08;2025-08-10;2;2;;concluída;Cartão de Débito
2707;2;1;260;3.0;2026-07-03;2026-07-09;6;4;5.0;no-show;PIX
4524;13;7;239;2.0;2025-07-20;2025-07-25;5;2;8.0;confirmada;Pix
3370;8;4;247;1.0;2025-02-26;2025-03-02;4;3;9.0;no-show;PIX
3712;10;3;252;1.0;2025-09-28;2025-10-02;4;3;10.0;confirmada;PIX
3829;11;3;87;1.0;2025-10-18;2025-10-22;4;3;9.0;confirmada;transferencia
2486;1;1;93;2.0;2025-09-26;2025-09-30;4;2;8.0;Confirmada;C. Crédito
4633;13;8;303;1.0;2026-04-23;2026-04-27;4;1;7.0;confirmada;dinheiro
3279;7;3;125;2.0;2026-08-14;2026-08-16;2;2;7.0;concluída;Cartão de Débito
3012;6;5;194;2.0;2025-11-28;2025-12-02;4;4;9.0;concluída;PIX
4288;3;1;277;1.0;2025-07-08;2025-07-12;4;2;1.0;concluída;PIX
4147;3;3;121;3.0;2025-04-01;2025-04-05;4;2;3.0;conf.;cash
3778;11;5;96;2.0;2025-03-05;2025-03-08;3;4;5.0;confirmada;Dinheiro
4236;3;3;209;4.0;2025-11-07;2025-11-08;1;3;2.0;confirmada;CC
2863;4;2;267;;2025-03-13;2025-03-17;4;4;8.0;cancelada;Transferência
3462;9;1;104;1.0;2026-08-18;2026-08-19;1;1;9.0;cancelada;Cartão de Crédito
4639;13;8;315;1.0;2025-03-19;2025-03-23;4;3;7.0;cancelada;Transferência
3135;6;3;64;4.0;2025-08-13;2025-08-15;2;1;;Concluida;Cartão de Débito
3092;6;1;293;2.0;2025-04-26;2025-04-30;4;2;;concluída;Cartão de Débito
4218;3;2;116;1.0;2025-11-07;2025-11-10;3;3;4.0;confirmada;Cartão de Crédito
4049;12;1;128;1.0;2025-07-03;2025-07-06;3;2;;concluída;PIX
4001;12;5;63;1.0;2025-08-18;2025-08-19;1;1;9.0;confirmada;déb
3831;11;3;30;4.0;2026-04-06;2026-04-08;2;1;8.0;CONFIRMADA ;Cartão de Débito
2881;4;3;57;1.0;2026-07-24;2026-07-31;7;2;7.0;confirmada;PIX
2929;4;2;170;2.0;2025-01-14;2025-01-18;4;4;9.0;confirmada;Cartão de Débito
4272;3;2;164;3.0;2025-09-29;2025-10-01;2;2;2.0;NO-SHOW;Dinheiro
4069;12;2;146;2.0;2025-01-06;2025-01-08;2;2;10.0;concluída;C. Crédito
3894;11;3;278;1.0;2025-05-20;2025-05-24;4;3;;Confirmada;Cartão de Débito
3822;11;5;203;2.0;2026-05-31;2026-06-03;3;2;;confirmada;Cartão de Crédito
3176;7;1;217;1.0;2025-03-24;2025-03-25;1;1;;confirmada;Cartão de Débito
3042;6;4;170;3.0;2026-05-19;2026-05-21;2;3;;Concluída ;Transferência
2551;1;2;256;2.0;2025-08-08;2025-08-12;4;1;;no-show;Cartão de Crédito
3263;7;3;27;2.0;2026-03-16;2026-03-17;1;3;7.0;CONFIRMADA ;Transferência
2952;4;4;129;2.0;2025-02-19;2025-02-21;2;2;10.0;confirmada;Dinheiro
4648;13;8;317;1.0;2026-06-15;2026-06-18;3;4;5.0;confirmada;Cartão de Crédito
3631;10;2;225;4.0;2025-11-08;2025-11-13;5;1;10.0;cancelada;Cartão de Débito
3151;7;3;25;3.0;2026-05-31;2026-06-03;3;1;7.0;cancelada;Cartão de Crédito
3524;9;5;222;3.0;2026-08-09;2026-08-10;1;2;10.0;confirmada;transferencia
4208;3;1;258;2.0;2025-11-07;2025-11-08;1;3;1.0;confirmada;Dinheiro
4105;12;3;80;1.0;2026-06-23;2026-06-24;1;2;7.0;confirmada;Dinheiro
3538;9;5;134;3.0;2026-01-05;2026-01-09;4;2;7.0;confirmada;Dinheiro
3299;8;3;140;2.0;2025-07-29;2025-07-31;2;3;8.0;confirmada;Dinheiro
3180;7;5;194;3.0;2025-06-18;2025-06-22;4;2;9.0;concluída;Cartão de Crédito
2702;2;4;179;1.0;2025-10-25;2025-10-27;2;1;9.0;confirmada;pix
4388;5;1;230;1.0;2026-02-05;2026-02-07;2;2;3.0;confirmada;pix
3038;6;1;32;4.0;2025-03-02;2025-03-05;3;2;8.0;confirmada;Dinheiro
3257;7;5;140;3.0;2026-08-06;2026-08-10;4;3;7.0;confirmada;PIX
3177;7;3;35;4.0;2026-07-09;2026-07-13;4;1;6.0;confirmada;Dinheiro
3689;10;5;289;2.0;2025-09-28;2025-10-03;5;4;10.0;concluída;dinheiro
4600;13;6;249;2.0;2026-04-16;2026-04-17;1;2;;confirmada;PIX
3599;9;3;157;3.0;2026-02-24;2026-02-26;2;1;7.0;concluída;Transferência
4248;3;3;226;3.0;2026-05-31;2026-06-02;2;3;1.0;no-show;Cartão de Débito
3648;10;4;111;3.0;2025-02-04;2025-02-06;2;3;8.0;cancelada;pix
4128;3;2;25;4.0;2025-04-01;2025-04-02;1;4;2.0;confirmada;Transferência
2770;2;2;268;2.0;2025-06-02;2025-06-04;2;1;8.0;confirmada;Transferência
2471;1;5;188;2.0;2025-09-25;2025-09-26;1;3;9.0;concluída;PIX
4329;5;2;123;3.0;2025-05-31;2025-06-06;6;4;4.0;Confirmada;Dinheiro
4510;5;3;59;1.0;2026-07-31;2026-08-01;1;3;1.0;NO-SHOW;Cartão de Débito
3789;11;1;283;4.0;2026-01-19;2026-01-20;1;4;;concluída;ted
3716;10;3;141;2.0;2025-11-12;2025-11-17;5;2;7.0;confirmada;Cartão de Crédito
3629;10;5;72;2.0;2026-04-30;2026-05-01;1;3;5.0;confirmada;Cartão de Débito
3048;6;3;100;1.0;2026-06-09;2026-06-10;1;1;10.0;no-show;Transferência
2589;1;3;121;2.0;2025-06-13;2025-06-17;4;3;10.0;concluída;Cartão de Débito
4265;3;3;75;4.0;2025-08-11;2025-08-14;3;1;2.0;cancelada;Dinheiro
3146;7;1;118;2.0;2026-08-21;2026-08-22;1;1;7.0;concluída;cred
3083;6;3;74;4.0;2025-04-23;2025-04-28;5;3;6.0;concluída;Transferência
3990;12;3;199;1.0;2025-08-20;2025-08-25;5;1;8.0;no-show;Cartão de Crédito
3102;6;3;282;4.0;2026-05-05;2026-05-06;1;4;10.0;confirmada;Dinheiro
2984;4;1;267;4.0;2026-08-17;2026-08-18;1;2;8.0;cancelada;Cartão de Débito
2585;1;2;109;2.0;2025-07-26;2025-07-31;5;3;7.0;Concluída ;Dinheiro
4552;13;7;302;4.0;2025-07-20;2025-07-23;3;4;6.0;confirmada;PIX
4411;5;2;1;4.0;2026-02-05;2026-02-09;4;1;1.0;confirmada;PIX
2708;2;1;28;4.0;2025-01-16;2025-01-20;4;2;7.0;confirmada;Cartão de Crédito
3053;6;1;75;3.0;2025-03-05;2025-03-06;1;4;8.0;cancelada;Cartão de Débito
2745;2;2;113;1.0;2026-02-16;2026-02-20;4;4;10.0;conf.;Cartão de Crédito
2620;1;4;6;1.0;2025-02-13;2025-02-16;3;1;;CONFIRMADA ;Dinheiro
3876;11;5;283;2.0;2026-02-08;2026-02-13;5;1;8.0;confirmada;PIX
4314;3;3;148;3.0;2025-09-25;2025-09-30;5;1;1.0;confirmada;Cartão de Crédito
2555;1;3;53;2.0;2025-07-13;2025-07-20;7;4;5.0;confirmada;Cartão de Crédito
2810;2;3;9;3.0;2026-08-02;2026-08-04;2;1;10.0;confirmada;cred
4095;12;1;5;4.0;2026-07-20;2026-07-26;6;1;8.0;no-show;cartao debito
3131;6;5;61;2.0;2026-03-08;2026-03-10;2;2;6.0;confirmada;Dinheiro
3113;6;5;282;4.0;2026-01-02;2026-01-05;3;2;8.0;concluída;PIX
3761;10;4;152;3.0;2025-06-03;2025-06-05;2;1;;concluída;Transferência
2788;2;2;202;1.0;2025-03-29;2025-04-04;6;1;;Concluída ;Cartão de Débito
3338;8;5;79;4.0;2025-09-27;2025-09-29;2;2;9.0;Concluida;Transferência
2682;2;4;282;3.0;2025-11-29;2025-12-01;2;4;7.0;cancelada;PIX
3683;10;2;9;2.0;2025-06-16;2025-06-17;1;4;9.0;confirmada;déb
3979;12;1;46;3.0;2025-01-05;2025-01-07;2;4;8.0;confirmada;Cartão de Débito
3709;10;3;23;2.0;2026-06-13;2026-06-17;4;1;7.0;concluída;Cartão de Débito
3163;7;5;13;3.0;2025-12-24;2025-12-25;1;1;8.0;confirmada;PIX
2569;1;1;11;1.0;2026-01-05;2026-01-08;3;3;6.0;CONFIRMADA ;Dinheiro
2807;2;2;239;;2026-02-06;2026-02-09;3;4;9.0;concluída;Transferência
4396;5;2;78;1.0;2026-02-05;2026-02-06;1;3;3.0;confirmada;Transferência
2912;4;4;231;;2025-02-23;2025-02-28;5;2;8.0;confirmada;PIX
4235;3;1;280;4.0;2025-11-07;2025-11-10;3;2;;CONFIRMADA ;Cartão de Débito
2763;2;1;123;2.0;2026-06-22;2026-06-25;3;1;9.0;confirmada;Cartão de Crédito
4045;12;2;298;1.0;2025-11-23;2025-11-25;2;2;8.0;concluída;Transferência
2864;4;5;14;2.0;2025-12-13;2025-12-15;2;1;9.0;concluída;Transferência
3502;9;4;59;3.0;2026-06-01;2026-06-06;5;1;6.0;CONFIRMADA ;PIX
2527;1;1;294;3.0;2026-02-11;2026-02-15;4;3;;confirmada;PIX
4439;5;1;66;1.0;2026-02-05;2026-02-07;2;2;1.0;confirmada;PIX
4108;12;2;205;1.0;2025-11-30;2025-12-03;3;3;10.0;confirmada;DINHEIRO
2789;2;2;123;2.0;2026-02-21;2026-02-24;3;3;6.0;CANCELADA;Dinheiro
3450;8;5;126;3.0;2025-02-26;2025-02-28;2;3;6.0;concluída;Cartão de Débito
3542;9;3;47;2.0;2025-09-15;2025-09-19;4;4;7.0;confirmada;Dinheiro
3941;12;3;178;4.0;2026-08-24;2026-08-28;4;2;7.0;confirmada;Cartão de Crédito
2982;4;4;96;4.0;2026-03-10;2026-03-14;4;2;7.0;confirmada;Dinheiro
4489;5;2;32;4.0;2025-03-13;2025-03-15;2;4;3.0;confirmada;Cartão de Crédito
3384;8;1;42;2.0;2025-09-12;2025-09-15;3;3;9.0;concluída;Cartão de Débito
3374;8;4;102;1.0;2025-04-17;2025-04-20;3;3;8.0;confirmada;Dinheiro
4191;3;2;47;1.0;2025-11-07;2025-11-08;1;3;2.0;confirmada;Transferência
3762;10;5;188;4.0;2025-01-15;2025-01-17;2;3;;no-show;DINHEIRO
2771;2;2;138;4.0;2025-08-17;2025-08-18;1;1;10.0;cancelada;PIX
4077;12;3;294;2.0;2025-02-24;2025-02-25;1;3;;confirmada;Cartão de Débito
4395;5;2;257;1.0;2026-02-05;2026-02-09;4;1;3.0;confirmada;CD
3939;12;4;253;2.0;2025-09-07;2025-09-08;1;3;8.0;CONFIRMADA ;Dinheiro
3464;9;1;14;3.0;2025-12-30;2026-01-02;3;4;6.0;Concluída ;Cartão de Crédito
3614;9;3;207;3.0;2026-08-29;2026-09-01;3;3;7.0;concluída;déb
4530;13;8;23;3.0;2025-07-20;2025-07-22;2;3;5.0;conf.;C. Crédito
2756;2;3;231;2.0;2026-06-07;2026-06-13;6;4;8.0;Concluida;Transferência
3936;12;5;149;1.0;2025-07-04;2025-07-06;2;2;6.0;conf.;Cartão de Crédito
3791;11;1;282;1.0;2025-07-09;2025-07-11;2;1;8.0;confirmada;Cartão de Crédito
3154;7;2;271;1.0;2025-10-12;2025-10-13;1;1;7.0;cancelada;Cartão de Crédito
3914;11;2;300;2.0;2025-11-01;2025-11-03;2;1;8.0;confirmada;Cartão de Crédito
3728;10;1;245;4.0;2025-12-02;2025-12-05;3;1;;confirmada;Cartão de Crédito
4134;3;3;216;1.0;2025-04-01;2025-04-04;3;1;1.0;confirmada;Cartão de Débito
4199;3;2;213;1.0;2025-11-07;2025-11-10;3;1;4.0;confirmada;Cartão de Crédito
3537;9;5;271;4.0;2025-05-20;2025-05-23;3;1;5.0;no-show;Cartão de Crédito
3903;11;1;188;1.0;2026-04-05;2026-04-06;1;1;6.0;concluída;Cartão de Débito
3362;8;2;138;4.0;2026-07-19;2026-07-20;1;2;7.0;CANCELADA;Cartão de Débito
3101;6;3;111;3.0;2026-08-05;2026-08-07;2;4;6.0;cancelada;PIX
3167;7;4;181;4.0;2025-07-24;2025-07-31;7;3;7.0;confirmada;Cartão de Crédito
3123;6;4;67;3.0;2025-06-11;2025-06-14;3;4;10.0;concluída;CC
2869;4;3;142;3.0;2025-04-07;2025-04-09;2;4;9.0;cancelada;Transferência
3906;11;4;120;;2026-03-23;2026-03-26;3;3;8.0;confirmada;Dinheiro
4339;5;3;36;2.0;2025-05-31;2025-06-01;1;3;3.0;confirmada;PIX
4142;3;2;258;2.0;2025-04-01;2025-04-03;2;4;1.0;confirmada;PIX
3927;11;2;164;2.0;2025-01-20;2025-01-23;3;4;7.0;confirmada;Cartão de Crédito
3128;6;1;185;1.0;2025-10-24;2025-10-29;5;4;10.0;confirmada;PIX
3995;12;1;60;3.0;2026-01-28;2026-02-01;4;1;10.0;conf.;Dinheiro
4465;5;1;173;3.0;2025-07-25;2025-07-29;4;1;2.0;confirmada;Transferência
3840;11;2;272;4.0;2025-12-01;2025-12-05;4;2;9.0;Confirmada;Transferência
3725;10;2;299;1.0;2026-08-28;2026-09-01;4;4;8.0;cancelada;Transferência
4214;3;1;48;4.0;2025-11-07;2025-11-08;1;4;1.0;conf.;PIX
4130;3;2;31;1.0;2025-04-01;2025-04-02;1;1;2.0;confirmada;Pix
3234;7;1;115;1.0;2025-07-08;2025-07-10;2;4;5.0;confirmada;Transferência
2958;4;5;215;4.0;2025-05-20;2025-05-23;3;1;9.0;confirmada;PIX
2823;4;3;85;2.0;2025-09-24;2025-09-26;2;2;9.0;cancelada;Cartão de Crédito
4224;3;2;226;2.0;2025-11-07;2025-11-11;4;1;2.0;confirmada;Dinheiro
3499;9;2;47;2.0;2026-05-02;2026-05-05;3;2;7.0;confirmada;Transferência
3316;8;5;124;4.0;2026-01-12;2026-01-14;2;3;7.0;confirmada;Transferência
3200;7;5;95;2.0;2026-01-12;2026-01-18;6;3;7.0;concluída;Cartão de Débito
4060;12;3;37;2.0;2025-02-05;2025-02-09;4;3;6.0;concluída;Transferência
2809;2;4;226;4.0;2025-11-27;2025-12-02;5;1;9.0;confirmada;Transferência
2851;4;4;6;3.0;2025-07-10;2025-07-14;4;2;;concluída;Cartão de Débito
3268;7;3;277;2.0;2025-09-19;2025-09-20;1;4;;confirmada;Dinheiro
3376;8;3;77;1.0;2026-07-19;2026-07-23;4;2;8.0;confirmada;Cartão de Débito
4572;13;7;89;3.0;2026-04-16;2026-04-19;3;2;9.0;confirmada;Transferência
3188;7;4;86;1.0;2026-07-11;2026-07-13;2;4;7.0;confirmada;Pix
3278;7;5;262;1.0;2025-06-05;2025-06-07;2;2;6.0;confirmada;Dinheiro
3326;8;4;284;2.0;2025-12-06;2025-12-10;4;1;;confirmada;Cartão de Débito
3000;6;5;42;1.0;2026-08-12;2026-08-15;3;4;9.0;confirmada;Cartão de Débito
3826;11;1;104;1.0;2025-06-09;2025-06-14;5;1;7.0;Confirmada;Cartão de Crédito
2983;4;4;276;2.0;2026-05-22;2026-05-26;4;3;9.0;confirmada;dinheiro
4053;12;5;167;1.0;2025-05-09;2025-05-10;1;2;7.0;concluída;Cartão de Débito
4271;3;3;260;1.0;2025-03-22;2025-03-26;4;3;2.0;Concluída ;TED
3108;6;2;137;3.0;2025-06-30;2025-07-02;2;1;7.0;confirmada;Cartão de Débito
4444;5;3;26;1.0;2026-03-23;2026-03-26;3;2;1.0;confirmada;Dinheiro
3886;11;3;18;1.0;2025-08-10;2025-08-14;4;2;8.0;CONFIRMADA ;Cartão de Crédito
3419;8;1;165;3.0;2025-06-15;2025-06-19;4;1;7.0;Confirmada;Transferência
4587;13;7;319;2.0;2026-04-16;2026-04-17;1;3;5.0;confirmada;Transferência
4514;5;1;237;4.0;2025-12-27;2026-01-02;6;4;;cancelada;PIX
3634;10;1;59;2.0;2026-05-05;2026-05-10;5;4;;concluída;pix
4567;13;7;302;1.0;2026-04-16;2026-04-17;1;4;7.0;confirmada;Dinheiro
2799;2;3;222;2.0;2025-08-13;2025-08-15;2;4;4.0;confirmada;Cartão de Débito
2978;4;1;75;4.0;2026-08-12;2026-08-15;3;3;6.0;Confirmada;Dinheiro
3164;7;2;26;2.0;2026-08-01;2026-08-04;3;3;8.0;Concluida;Transferência
4206;3;3;264;2.0;2025-11-07;2025-11-10;3;2;3.0;conf.;PIX
2775;2;4;254;3.0;2026-01-04;2026-01-06;2;2;6.0;confirmada;Cartão de Crédito
4492;5;2;37;1.0;2025-09-01;2025-09-06;5;4;1.0;confirmada;Cartão de Crédito
3737;10;5;51;4.0;2025-01-03;2025-01-08;5;2;9.0;confirmada;Cartão de Crédito
2858;4;3;59;3.0;2025-05-21;2025-05-25;4;3;8.0;confirmada;Transferência
2626;1;3;284;2.0;2026-03-09;2026-03-10;1;3;8.0;confirmada;pix
3052;6;5;43;4.0;2026-05-09;2026-05-11;2;1;9.0;cancelada;Transferência
2963;4;5;52;3.0;2025-11-25;2025-11-26;1;4;7.0;confirmada;PIX
3660;10;1;49;1.0;2026-06-11;2026-06-16;5;3;8.0;concluída;Cartão de Débito
3441;8;4;102;3.0;2025-08-25;2025-08-30;5;4;9.0;confirmada;Transferência
4344;5;1;173;3.0;2025-05-31;2025-06-01;1;2;1.0;confirmada;CC
3399;8;1;84;1.0;2026-03-06;2026-03-10;4;4;9.0;confirmada;Dinheiro
3798;11;4;12;3.0;2025-07-30;2025-08-03;4;4;9.0;cancelada;cartao debito
3233;7;1;105;4.0;2025-01-25;2025-01-26;1;1;8.0;Cancelada;Cartão de Débito
3604;9;5;276;4.0;2025-06-08;2025-06-11;3;2;8.0;cancelada;CD
2777;2;5;105;2.0;2025-10-27;2025-10-30;3;2;9.0;cancel.;cartao debito
4490;5;2;54;3.0;2025-10-15;2025-10-20;5;3;3.0;cancelada;Cartão de Crédito
3783;11;5;67;3.0;2026-03-19;2026-03-21;2;2;8.0;confirmada;PIX
2813;2;1;238;2.0;2025-06-22;2025-06-27;5;3;10.0;no-show;Dinheiro
3173;7;1;169;4.0;2026-04-10;2026-04-16;6;2;9.0;confirmada;Cartão de Crédito
3835;11;2;181;3.0;2025-02-09;2025-02-12;3;4;10.0;cancelada;Dinheiro
3846;11;5;240;4.0;2025-11-19;2025-11-24;5;4;;no-show;Transferência
3993;12;1;244;3.0;2025-12-24;2025-12-29;5;1;7.0;confirmada;Cartão de Débito
3137;6;2;210;;2025-12-27;2025-12-30;3;4;6.0;concluída;PIX
3923;11;3;114;;2025-05-25;2025-05-27;2;1;9.0;concluída;Cartão de Crédito
4506;5;2;215;2.0;2026-02-21;2026-02-23;2;-2;1.0;concluída;Cartão de Débito
3622;10;2;80;2.0;2025-06-22;2025-06-23;1;2;9.0;confirmada;Cartão de Crédito
4194;3;1;147;4.0;2025-11-07;2025-11-12;5;2;2.0;Confirmada;Transferência
4647;13;8;249;2.0;2025-07-23;2025-07-24;1;4;6.0;confirmada;Cartão de Crédito
3680;10;5;219;1.0;2026-06-26;2026-06-30;4;4;8.0;cancelada;Cartão de Débito
3924;11;1;186;3.0;2026-01-16;2026-01-21;5;4;8.0;Cancelada;Cartão de Débito
4256;3;2;88;2.0;2026-06-15;2026-06-18;3;2;;confirmada;Cartão de Crédito
3095;6;2;113;4.0;2025-05-29;2025-06-03;5;2;;confirmada;cred
4531;13;7;11;1.0;2025-07-20;2025-07-27;7;3;5.0;conf.;Cartão de Débito
4160;3;1;222;1.0;2025-04-01;2025-04-04;3;2;1.0;confirmada;Cartão de Débito
3203;7;4;110;;2026-05-05;2026-05-06;1;3;9.0;no-show;Cartão de Crédito
2651;2;3;30;4.0;2025-05-21;2025-05-25;4;1;;NO-SHOW;Cartão de Débito
3938;12;5;134;2.0;2025-12-21;2025-12-23;2;1;;confirmada;Dinheiro
4480;5;2;126;3.0;2025-01-16;2025-01-18;2;3;2.0;concluída;Dinheiro
4143;3;3;210;;2025-04-01;2025-04-02;1;1;1.0;CONFIRMADA ;Cartão de Débito
3808;11;3;128;;2026-06-29;2026-07-01;2;2;8.0;concluída;Cartão de Crédito
2999;6;2;124;2.0;2025-06-23;2025-06-25;2;3;6.0;conf.;cred
2995;4;1;259;3.0;2025-05-31;2025-06-04;4;1;6.0;confirmada;Dinheiro
4547;13;6;206;4.0;2025-07-20;2025-07-21;1;2;7.0;confirmada;déb
2486;1;1;93;2.0;2025-09-26;2025-09-30;4;2;8.0;Confirmada;C. Crédito
2476;1;5;72;4.0;2025-04-16;2025-04-22;6;2;10.0;confirmada;Cartão de Débito
3103;6;3;216;2.0;2025-12-14;2025-12-17;3;3;10.0;confirmada;Dinheiro
2892;4;5;80;2.0;2025-04-15;2025-04-17;2;3;7.0;confirmada;Dinheiro
3301;8;4;227;1.0;2026-07-26;2026-07-31;5;3;7.0;confirmada;Cartão de Crédito
2903;4;3;296;4.0;2025-09-11;2025-09-15;4;1;8.0;confirmada;Cartão de Débito
4292;3;3;180;1.0;2026-04-27;2026-04-30;3;1;5.0;concluída;Dinheiro
4072;12;2;79;4.0;2026-02-25;2026-02-26;1;2;6.0;confirmada;Dinheiro
3792;11;2;226;1.0;2025-10-02;2025-10-07;5;2;;concluída;Dinheiro
2897;4;4;231;4.0;2026-06-21;2026-06-26;5;1;9.0;confirmada;PIX
3182;7;1;189;2.0;2025-11-02;2025-11-04;2;4;8.0;confirmada;Cartão de Débito
3506;9;2;197;4.0;2025-09-11;2025-09-15;4;2;9.0;confirmada;cartao debito
3250;7;4;185;4.0;2026-07-06;2026-07-10;4;1;6.0;cancelada;PIX
3845;11;1;29;1.0;2026-01-30;2026-01-31;1;2;9.0;concluída;Cartão de Débito
3244;7;2;300;4.0;2025-09-13;2025-09-17;4;1;8.0;concluída;Dinheiro
3284;7;3;21;3.0;2025-08-22;2025-08-23;1;1;7.0;concluída;Dinheiro
4519;5;3;212;4.0;2025-12-01;2025-12-05;4;4;1.0;concluída;Dinheiro
4551;13;6;171;4.0;2025-07-20;2025-07-21;1;3;7.0;confirmada;Cartão de Débito
4008;12;3;49;1.0;2026-04-04;2026-04-08;4;4;6.0;CONFIRMADA ;Transferência
4044;12;3;294;2.0;2025-06-23;2025-06-27;4;3;8.0;confirmada;Transferência
3933;12;5;297;2.0;2025-04-08;2025-04-11;3;2;7.0;concluída;PIX
4071;12;2;31;2.0;2025-09-30;2025-10-04;4;1;8.0;confirmada;DINHEIRO
2767;2;4;13;;2025-03-09;2025-03-12;3;2;9.0;confirmada;PIX
2944;4;1;253;4.0;2026-08-26;2026-08-30;4;4;7.0;confirmada;PIX
4225;3;1;280;;2025-11-07;2025-11-11;4;4;1.0;confirmada;Transferência
3335;8;5;10;2.0;2025-11-14;2025-11-19;5;1;8.0;confirmada;Transferência
3701;10;2;295;3.0;2025-01-11;2025-01-15;4;2;8.0;confirmada;PIX
3150;7;3;108;3.0;2025-06-23;2025-06-27;4;1;6.0;confirmada;Dinheiro
2948;4;1;216;4.0;2026-08-26;2026-08-28;2;1;9.0;conf.;PIX
4098;12;1;169;2.0;2025-07-11;2025-07-13;2;1;8.0;cancel.;Transferência
3016;6;2;135;3.0;2025-03-21;2025-03-26;5;1;6.0;CANCELADA;PIX
2506;1;4;229;4.0;2026-01-29;2026-02-03;5;1;7.0;confirmada;DINHEIRO
2865;4;2;226;3.0;2025-03-31;2025-04-04;4;1;9.0;confirmada;Cartão de Débito
3743;10;5;141;3.0;2025-06-10;2025-06-13;3;2;8.0;confirmada;Cartão de Débito
3070;6;4;106;3.0;2025-10-31;2025-11-04;4;3;9.0;confirmada;PIX
4086;12;1;280;4.0;2025-03-23;2025-03-24;1;4;9.0;confirmada;Transferência
4628;13;7;306;4.0;2026-03-03;2026-03-06;3;1;7.0;confirmada;Transferência
3018;6;5;123;1.0;2025-02-03;2025-02-04;1;3;8.0;confirmada;Cartão de Crédito
4358;5;1;103;3.0;2025-05-31;2025-06-05;5;4;;confirmada;PIX
4632;13;7;318;4.0;2026-01-08;2026-01-13;5;2;7.0;confirmada;Cartão de Débito
3677;10;5;181;2.0;2025-10-03;2025-10-05;2;2;9.0;concluída;Dinheiro
3330;8;2;125;4.0;2026-02-25;2026-03-02;5;4;5.0;confirmada;Transferência
3519;9;1;191;4.0;2026-04-02;2026-04-03;1;1;9.0;confirmada;Pix
2488;1;2;72;4.0;2025-12-17;2025-12-18;1;2;8.0;Concluida;Cartão de Débito
4577;13;7;320;1.0;2026-04-16;2026-04-18;2;2;8.0;conf.;Transferência
4101;12;3;214;2.0;2026-03-13;2026-03-19;6;3;;confirmada;Cartão de Débito
3909;11;3;212;4.0;2025-10-22;2025-10-25;3;2;9.0;cancelada;Cartão de Crédito
3011;6;2;199;3.0;2025-03-12;2025-03-17;5;1;9.0;confirmada;Cartão de Crédito
3221;7;2;212;1.0;2026-07-11;2026-07-14;3;4;8.0;confirmada;Cartão de Crédito
4277;3;1;158;2.0;2026-02-11;2026-02-15;4;4;;Concluída ;PIX
4070;12;4;226;2.0;2025-01-31;2025-02-02;2;4;7.0;confirmada;Dinheiro
3654;10;3;176;1.0;2026-05-24;2026-05-28;4;2;5.0;Concluída ;CD
3949;12;2;161;1.0;2026-02-03;2026-02-06;3;3;6.0;confirmada;Cartão de Crédito
3232;7;4;133;3.0;2026-08-08;2026-08-11;3;4;9.0;CONFIRMADA ;Transferência
3566;9;5;270;1.0;2025-04-08;2025-04-10;2;4;;confirmada;Transferência
2587;1;2;134;3.0;2026-08-04;2026-08-08;4;2;10.0;CONFIRMADA ;Cartão de Crédito
3093;6;2;47;3.0;2025-05-16;2025-05-18;2;3;8.0;no-show;Transferência
3013;6;2;121;1.0;2025-04-18;2025-04-21;3;4;6.0;confirmada;PIX
3306;8;4;177;3.0;2025-11-26;2025-11-30;4;4;4.0;CONFIRMADA ;PIX
3905;11;3;41;2.0;2026-02-03;2026-02-06;3;2;;no-show;Cartão de Crédito
3620;10;5;63;1.0;2026-06-11;2026-06-12;1;2;8.0;CONFIRMADA ;PIX
2913;4;3;215;3.0;2025-03-10;2025-03-14;4;4;7.0;confirmada;Dinheiro
2621;1;3;273;2.0;2026-08-04;2026-08-09;5;1;;conf.;Dinheiro
2489;1;5;125;;2025-10-16;2025-10-22;6;3;7.0;confirmada;pix
4233;3;3;76;1.0;2025-11-07;2025-11-09;2;4;3.0;Confirmada;Cartão de Débito
4343;5;1;118;3.0;2025-05-31;2025-06-02;2;2;;confirmada;Cartão de Crédito
3841;11;4;22;2.0;2026-03-01;2026-03-06;5;2;8.0;concluída;Transferência
3738;10;4;24;3.0;2026-01-11;2026-01-14;3;4;9.0;no-show;Transferência
3877;11;5;57;1.0;2025-01-28;2025-01-29;1;1;8.0;cancelada;Cartão de Crédito
4351;5;3;56;1.0;2025-05-31;2025-06-02;2;2;3.0;CONFIRMADA ;Cartão de Débito
2500;1;1;185;4.0;2026-08-27;2026-08-29;2;3;7.0;cancelada;Transferência
3900;11;3;168;3.0;2026-06-23;2026-06-28;5;4;10.0;cancelada;CC
3343;8;5;178;1.0;2026-05-10;2026-05-12;2;1;8.0;confirmada;Cartão de Crédito
4215;3;2;37;1.0;2025-11-07;2025-11-12;5;1;2.0;CONFIRMADA ;Cartão de Crédito
4593;13;7;301;3.0;2026-04-16;2026-04-21;5;3;9.0;Confirmada;Cartão de Débito
3757;10;1;234;4.0;2025-07-30;2025-07-31;1;1;9.0;conf.;Cartão de Crédito
4387;5;1;254;1.0;2026-02-05;2026-02-10;5;4;;confirmada;déb
2739;2;3;242;4.0;2025-06-07;2025-06-15;8;3;;cancelada;Cartão de Débito
3651;10;5;14;2.0;2025-02-26;2025-03-02;4;2;;confirmada;Cartão de Débito
3391;8;1;74;1.0;2025-03-12;2025-03-14;2;1;6.0;confirmada;PIX
3743;10;5;141;3.0;2025-06-10;2025-06-13;3;2;8.0;confirmada;Cartão de Débito
3417;8;1;8;;2026-06-06;2026-06-08;2;1;7.0;no-show;Cartão de Crédito
4151;3;3;107;4.0;2025-04-01;2025-04-02;1;1;3.0;confirmada;Transferência
4207;3;3;82;1.0;2025-11-07;2025-11-11;4;2;4.0;confirmada;Cartão de Débito
3486;9;1;154;3.0;2026-07-09;2026-07-13;4;1;10.0;cancelada;Transferência
3904;11;4;212;1.0;2025-12-28;2025-12-30;2;4;7.0;confirmada;Dinheiro
2628;1;5;105;2.0;2026-05-03;2026-05-04;1;3;6.0;confirmada;Cartão de Débito
4614;13;8;161;1.0;2025-01-20;2025-01-21;1;3;;NO-SHOW;Dinheiro
3635;10;5;268;1.0;2026-06-17;2026-06-20;3;1;8.0;concluída;Dinheiro
4055;12;3;106;4.0;2026-06-30;2026-07-01;1;1;8.0;NO-SHOW;Cartão de Débito
4140;3;3;158;2.0;2025-04-01;2025-04-02;1;4;1.0;confirmada;Dinheiro
3525;9;1;141;3.0;2025-08-13;2025-08-18;5;2;9.0;confirmada;Pix
3454;8;4;268;4.0;2025-12-27;2025-12-30;3;1;8.0;confirmada;PIX
2664;2;2;124;1.0;2025-04-12;2025-04-15;3;1;9.0;cancel.;Cartão de Débito
2696;2;1;161;1.0;2026-07-24;2026-07-28;4;3;7.0;confirmada;Cartão de Débito
2859;4;2;235;2.0;2025-08-27;2025-08-30;3;1;7.0;confirmada;Dinheiro
3633;10;3;11;1.0;2025-12-02;2025-12-03;1;1;8.0;cancelada;Cartão de Débito
3805;11;3;257;3.0;2025-01-28;2025-01-30;2;4;9.0;confirmada;Cartão de Crédito
3054;6;1;7;2.0;2025-08-10;2025-08-12;2;2;;cancelada;Dinheiro
3125;6;1;35;;2025-06-05;2025-06-06;1;3;6.0;confirmada;Cartão de Débito
2970;4;2;114;;2025-08-15;2025-08-18;3;1;9.0;confirmada;Transferência
3916;11;4;109;1.0;2026-06-27;2026-06-28;1;1;10.0;cancelada;PIX
2837;4;3;260;1.0;2025-03-01;2025-03-05;4;2;8.0;confirmada;Cartão de Crédito
3381;8;4;108;3.0;2026-05-17;2026-05-22;5;3;7.0;confirmada;Cartão de Crédito
4179;3;2;184;3.0;2025-11-07;2025-11-09;2;1;2.0;conf.;Cartão de Crédito
2613;1;1;255;4.0;2026-08-23;2026-08-24;1;4;;confirmada;Dinheiro
4238;3;1;129;4.0;2025-11-07;2025-11-10;3;1;2.0;confirmada;Transferência
3348;8;1;159;1.0;2025-04-14;2025-04-18;4;3;6.0;concluída;Transferência
3496;9;2;269;;2026-03-13;2026-03-15;2;1;;cancelada;CD
4409;5;3;211;4.0;2026-02-05;2026-02-08;3;4;2.0;confirmada;Transferência
4326;3;2;79;1.0;2025-05-29;2025-06-01;3;3;2.0;confirmada;Cartão de Crédito
3383;8;2;57;1.0;2025-01-20;2025-01-21;1;2;7.0;confirmada;pix
4575;13;8;310;3.0;2026-04-16;2026-04-20;4;2;8.0;confirmada;Transferência
4047;12;4;93;3.0;2026-08-16;2026-08-18;2;1;;conf.;Cartão de Débito
4217;3;1;259;3.0;2025-11-07;2025-11-08;1;4;2.0;confirmada;Cartão de Crédito
3645;10;4;120;3.0;2026-06-24;2026-06-26;2;4;8.0;concluída;Cartão de Débito
2988;4;2;203;2.0;2026-06-13;2026-06-14;1;1;7.0;confirmada;PIX
4352;5;2;43;4.0;2025-05-31;2025-06-01;1;3;4.0;Confirmada;Cartão de Débito
3223;7;1;217;3.0;2026-01-29;2026-02-03;5;1;7.0;confirmada;Dinheiro
4112;3;2;193;2.0;2025-04-01;2025-04-05;4;1;;confirmada;Transferência
3461;9;4;21;4.0;2025-06-25;2025-06-26;1;4;7.0;conf.;Transferência
3408;8;1;165;1.0;2025-04-09;2025-04-11;2;2;7.0;cancelada;PIX
4365;5;2;191;2.0;2025-05-31;2025-06-01;1;3;1.0;confirmada;Transferência
4543;13;7;304;;2025-07-20;2025-07-24;4;3;6.0;confirmada;Cartão de Crédito
4261;3;1;13;1.0;2025-06-22;2025-06-25;3;1;3.0;Concluida;Transferência
4038;12;2;285;2.0;2025-06-04;2025-06-06;2;2;;concluída;PIX
4249;3;2;49;4.0;2026-03-05;2026-03-11;6;2;2.0;concluída;déb
3440;8;1;39;2.0;2025-02-16;2025-02-22;6;2;6.0;concluída;Transferência
3271;7;5;255;1.0;2025-05-13;2025-05-16;3;3;;confirmada;PIX
3518;9;2;185;2.0;2026-05-11;2026-05-14;3;2;8.0;concluída;Cartão de Débito
3142;6;2;114;4.0;2025-07-12;2025-07-13;1;3;8.0;cancelada;PIX
3258;7;2;265;;2025-09-25;2025-09-28;3;2;10.0;cancelada;Transferência
3981;12;4;22;3.0;2025-11-11;2025-11-15;4;1;8.0;concluída;Transferência
2867;4;1;115;1.0;2026-02-10;2026-02-11;1;3;9.0;confirmada;Transferência
3451;8;2;112;4.0;2026-05-02;2026-05-03;1;4;8.0;confirmada;PIX
2695;2;3;157;2.0;2026-07-07;2026-07-12;5;3;6.0;concluída;Transferência
3824;11;3;243;2.0;2026-03-01;2026-03-03;2;1;7.0;concluída;déb
2754;2;5;225;2.0;2025-06-30;2025-07-02;2;4;7.0;confirmada;Transferência
2658;2;3;197;3.0;2025-05-28;2025-05-29;1;3;9.0;conf.;Cartão de Crédito
2833;4;3;258;1.0;2025-06-13;2025-06-14;1;1;6.0;Confirmada;PIX
4059;12;3;48;3.0;2026-03-05;2026-03-12;7;2;7.0;cancelada;Cartão de Crédito
2557;1;5;216;2.0;2026-03-17;2026-03-20;3;2;6.0;concluída;Cartão de Crédito
3144;6;4;129;3.0;2025-09-27;2025-09-30;3;2;7.0;confirmada;Cartão de Crédito
3105;6;2;112;2.0;2025-09-21;2025-09-22;1;1;10.0;cancelada;Transferência
2567;1;1;285;1.0;2026-03-26;2026-03-30;4;2;8.0;concluída;PIX
3818;11;1;220;2.0;2026-04-15;2026-04-16;1;1;9.0;conf.;Cartão de Crédito
2637;1;4;48;2.0;2025-12-22;2025-12-24;2;4;9.0;confirmada;Transferência
3080;6;5;264;2.0;2025-12-11;2025-12-13;2;3;;confirmada;PIX
4528;13;6;288;2.0;2025-07-20;2025-07-22;2;4;5.0;confirmada;Dinheiro
3088;6;3;173;;2026-07-12;2026-07-14;2;2;9.0;concluída;Cartão de Crédito
4190;3;3;144;4.0;2025-11-07;2025-11-10;3;4;2.0;confirmada;PIX
3600;9;1;3;2.0;2026-07-05;2026-07-07;2;3;5.0;conf.;Transferência
4618;13;7;190;3.0;2025-12-25;2025-12-28;3;1;;confirmada;PIX
2616;1;1;25;3.0;2025-01-11;2025-01-13;2;3;7.0;no-show;Dinheiro
4595;13;7;257;4.0;2026-04-16;2026-04-17;1;3;6.0;confirmada;PIX
2592;1;1;192;2.0;2025-08-14;2025-08-18;4;4;8.0;concluída;DINHEIRO
2943;4;2;226;1.0;2025-05-02;2025-05-03;1;3;8.0;concluída;Cartão de Crédito
3345;8;5;132;4.0;2025-08-02;2025-08-05;3;1;8.0;confirmada;Dinheiro
2510;1;3;29;1.0;2026-02-26;2026-02-28;2;4;10.0;confirmada;Transferência
3842;11;4;59;3.0;2025-10-26;2025-10-28;2;3;8.0;concluída;Cartão de Crédito
3741;10;1;273;4.0;2025-12-07;2025-12-11;4;4;9.0;confirmada;Cartão de Crédito
4081;12;5;109;3.0;2025-12-15;2025-12-17;2;3;8.0;confirmada;Cartão de Crédito
4435;5;3;65;3.0;2026-02-05;2026-02-10;5;3;6.0;confirmada;Cartão de Crédito
2787;2;3;69;1.0;2025-03-31;2025-04-01;1;2;6.0;concluída;Transferência
3426;8;4;87;3.0;2026-03-28;2026-03-29;1;1;9.0;confirmada;PIX
3779;11;4;114;4.0;2025-03-09;2025-03-12;3;4;8.0;confirmada;PIX
3194;7;2;80;4.0;2025-09-30;2025-10-04;4;2;10.0;confirmada;ted
3212;7;5;219;4.0;2025-01-20;2025-01-22;2;1;5.0;concluída;Transferência
3481;9;3;47;2.0;2025-10-24;2025-10-25;1;3;8.0;confirmada;C. Crédito
4017;12;4;288;;2025-09-16;2025-09-21;5;4;8.0;conf.;Dinheiro
4541;13;8;166;1.0;2025-07-20;2025-07-22;2;1;9.0;confirmada;PIX
2480;1;5;127;3.0;2026-05-05;2026-05-06;1;2;8.0;CONFIRMADA ;cash
3242;7;2;157;1.0;2025-10-20;2025-10-24;4;4;9.0;concluída;Dinheiro
2931;4;3;216;3.0;2025-02-13;2025-02-16;3;3;10.0;confirmada;PIX
3764;10;2;14;3.0;2026-03-16;2026-03-18;2;2;7.0;confirmada;Cartão de Débito
3066;6;5;80;3.0;2025-03-16;2025-03-20;4;4;9.0;confirmada;Transferência
4356;5;3;259;1.0;2025-05-31;2025-06-05;5;3;3.0;confirmada;Cartão de Crédito
4568;13;6;159;2.0;2026-04-16;2026-04-19;3;4;7.0;confirmada;Transferência
4144;3;2;100;2.0;2025-04-01;2025-04-02;1;4;4.0;confirmada;ted
4630;13;8;306;2.0;2025-05-04;2025-05-07;3;1;6.0;confirmada;Transferência
2747;2;1;28;3.0;2026-07-05;2026-07-08;3;2;7.0;CANCELADA;PIX
3727;10;5;26;1.0;2025-12-01;2025-12-04;3;1;9.0;concluída;Cartão de Débito
4282;3;2;161;1.0;2025-06-17;2025-06-21;4;2;1.0;confirmada;Cartão de Crédito
2925;4;1;280;4.0;2026-08-13;2026-08-14;1;4;7.0;concluída;Cartão de Crédito
3062;6;5;20;2.0;2026-01-11;2026-01-14;3;1;;concluída;Cartão de Crédito
2524;1;5;160;1.0;2025-07-09;2025-07-12;3;4;6.0;confirmada;Cartão de Crédito
2909;4;2;95;3.0;2025-12-02;2025-12-06;4;2;9.0;concluída;PIX
4626;13;6;313;;2025-03-17;2025-03-19;2;2;8.0;cancelada;Cartão de Crédito
3498;9;4;294;4.0;2025-12-30;2026-01-03;4;1;7.0;concluída;Cartão de Débito
2668;2;5;133;4.0;2025-08-24;2025-08-28;4;3;7.0;confirmada;Cartão de Débito
4640;13;6;286;2.0;2025-11-30;2025-12-07;7;1;8.0;concluída;Transferência
2601;1;3;56;4.0;2025-03-04;2025-03-05;1;2;6.0;NO-SHOW;Cartão de Débito
4520;13;8;117;2.0;2025-07-20;2025-07-22;2;1;6.0;confirmada;Cartão de Débito
4285;3;1;97;1.0;2025-07-20;2025-07-23;3;3;3.0;confirmada;Transferência
3174;7;3;225;4.0;2025-06-30;2025-07-04;4;2;6.0;confirmada;Cartão de Débito
3666;10;1;238;1.0;2026-08-22;2026-08-28;6;3;7.0;confirmada;cred
3970;12;1;197;3.0;2026-04-23;2026-04-26;3;1;;no-show;Cartão de Débito
4210;3;2;233;4.0;2025-11-07;2025-11-12;5;2;2.0;Confirmada;PIX
4220;3;3;241;2.0;2025-11-07;2025-11-10;3;3;;confirmada;Dinheiro
2990;4;5;4;2.0;2025-11-08;2025-11-09;1;4;10.0;cancelada;Cartão de Débito
3891;11;5;79;;2026-05-05;2026-05-08;3;4;7.0;confirmada;Cartão de Débito
4544;13;8;186;1.0;2025-07-20;2025-07-23;3;3;8.0;confirmada;cartao debito
3962;12;1;46;4.0;2026-02-12;2026-02-15;3;2;9.0;confirmada;Pix
3602;9;1;53;2.0;2026-02-01;2026-02-07;6;3;7.0;concluída;PIX
3140;6;3;18;4.0;2025-03-31;2025-04-04;4;4;7.0;cancelada;Cartão de Débito
2547;1;1;18;1.0;2025-07-28;2025-08-01;4;1;;Concluída ;Transferência
2679;2;2;8;3.0;2025-10-07;2025-10-11;4;2;7.0;conf.;Cartão de Crédito
3708;10;2;12;1.0;2025-05-20;2025-05-25;5;1;8.0;CANCELADA;Dinheiro
4139;3;3;300;2.0;2025-04-01;2025-04-04;3;4;4.0;confirmada;Cartão de Débito
3589;9;5;199;2.0;2025-11-02;2025-11-05;3;2;;confirmada;Cartão de Crédito
2930;4;2;109;3.0;2025-10-06;2025-10-09;3;1;5.0;confirmada;Transferência
4449;5;2;227;2.0;2026-01-16;2026-01-23;7;2;3.0;confirmada;dinheiro
3081;6;5;297;1.0;2026-06-05;2026-06-10;5;4;7.0;Confirmada;Dinheiro
3748;10;4;12;1.0;2026-04-28;2026-05-03;5;4;9.0;NO-SHOW;Dinheiro
4477;5;3;261;1.0;2025-04-24;2025-04-29;5;4;2.0;confirmada;PIX
4397;5;2;166;4.0;2026-02-05;2026-02-10;5;2;3.0;confirmada;Dinheiro
4252;3;3;43;2.0;2026-05-09;2026-05-13;4;1;3.0;no-show;Transferência
3731;10;4;234;4.0;2025-08-13;2025-08-16;3;4;8.0;CONFIRMADA ;Cartão de Crédito
4368;5;2;105;3.0;2025-05-31;2025-06-03;3;4;2.0;confirmada;Transferência
4473;5;3;89;1.0;2026-05-06;2026-05-09;3;3;2.0;concluída;Dinheiro
2878;4;4;105;2.0;2025-11-04;2025-11-06;2;3;8.0;confirmada;Pix
3288;7;1;120;4.0;2026-08-21;2026-08-22;1;3;9.0;conf.;Cartão de Débito
2598;1;2;71;2.0;2025-06-29;2025-06-30;1;1;5.0;confirmada;Transferência
4378;5;3;281;1.0;2025-05-31;2025-06-04;4;2;;confirmada;Cartão de Crédito
3948;12;1;76;4.0;2026-08-26;2026-08-27;1;2;7.0;CONFIRMADA ;Dinheiro
2920;4;2;122;4.0;2025-03-22;2025-03-25;3;4;8.0;confirmada;Dinheiro
3959;12;5;250;3.0;2026-06-09;2026-06-13;4;2;8.0;confirmada;Transferência
3369;8;5;216;4.0;2025-03-17;2025-03-18;1;3;7.0;conf.;Dinheiro
2563;1;5;65;4.0;2025-10-29;2025-10-31;2;3;9.0;concluída;Transferência
4304;3;2;288;3.0;2026-02-22;2026-02-23;1;1;1.0;confirmada;Transferência
3347;8;2;160;1.0;2026-07-13;2026-07-15;2;2;10.0;no-show;Transferência
4617;13;8;316;3.0;2026-03-23;2026-03-26;3;1;7.0;confirmada;Cartão de Crédito
3400;8;2;116;2.0;2025-09-29;2025-10-01;2;3;8.0;CONFIRMADA ;Cartão de Crédito
3632;10;3;250;2.0;2026-06-22;2026-06-24;2;4;9.0;concluída;PIX
3978;12;1;129;1.0;2025-10-03;2025-10-06;3;4;8.0;confirmada;Cartão de Crédito
4302;3;3;24;1.0;2025-01-20;2025-01-23;3;1;1.0;confirmada;Cartão de Crédito
3885;11;2;104;1.0;2025-03-12;2025-03-15;3;3;6.0;confirmada;PIX
3784;11;4;89;4.0;2025-05-20;2025-05-23;3;2;9.0;Confirmada;Transferência
3071;6;3;272;4.0;2026-03-22;2026-03-27;5;3;7.0;CONFIRMADA ;Cartão de Débito
3851;11;4;85;1.0;2025-12-12;2025-12-16;4;1;;confirmada;Cartão de Crédito
3606;9;4;158;3.0;2025-01-03;2025-01-09;6;4;7.0;confirmada;Cartão de Crédito
4305;3;1;185;2.0;2025-03-17;2025-03-20;3;3;3.0;Concluída ;Cartão de Débito
3830;11;4;84;3.0;2026-08-20;2026-08-25;5;2;7.0;confirmada;Transferência
3850;11;1;51;4.0;2025-10-07;2025-10-09;2;3;8.0;concluída;Cartão de Débito
3623;10;3;6;1.0;2026-03-18;2026-03-21;3;3;9.0;concluída;ted
4273;3;3;111;2.0;2026-02-27;2026-03-01;2;4;1.0;cancel.;Transferência
3503;9;5;273;2.0;2025-03-11;2025-03-16;5;2;8.0;confirmada;Transferência
2976;4;1;273;3.0;2025-12-13;2025-12-15;2;1;7.0;concluída;PIX
4083;12;3;53;2.0;2025-06-21;2025-06-24;3;2;5.0;concluída;PIX
4087;12;4;121;4.0;2025-04-03;2025-04-06;3;1;8.0;confirmada;PIX
2507;1;4;230;2.0;2026-06-25;2026-06-27;2;2;7.0;concluída;dinheiro
4025;12;2;187;3.0;2026-03-16;2026-03-18;2;2;8.0;concluída;CD
4445;5;1;55;3.0;2025-04-04;2025-04-06;2;2;2.0;NO-SHOW;Cartão de Débito
2511;1;4;102;1.0;2026-01-07;2026-01-10;3;1;10.0;no-show;PIX
3558;9;1;157;2.0;2026-02-05;2026-02-06;1;4;8.0;confirmada;Transferência
4264;3;2;127;4.0;2025-06-28;2025-07-04;6;1;;confirmada;Cartão de Débito
4166;3;1;269;2.0;2025-04-01;2025-04-02;1;1;1.0;confirmada;Cartão de Crédito
3958;12;2;104;3.0;2025-11-23;2025-11-28;5;1;8.0;concluída;Cartão de Débito
3276;7;2;43;2.0;2025-09-29;2025-10-04;5;4;8.0;cancelada;PIX
3626;10;4;166;3.0;2025-05-19;2025-05-22;3;4;8.0;confirmada;Cartão de Débito
3097;6;1;283;1.0;2025-03-22;2025-03-26;4;3;9.0;confirmada;Transferência
3624;10;1;287;3.0;2025-09-01;2025-09-07;6;3;8.0;confirmada;PIX
3508;9;2;37;2.0;2025-08-17;2025-08-21;4;3;7.0;concluída;PIX
4479;5;2;38;3.0;2026-06-07;2026-06-11;4;3;2.0;concluída;DINHEIRO
2955;4;2;290;3.0;2025-01-24;2025-01-26;2;4;7.0;confirmada;Transferência
3414;8;5;35;2.0;2025-03-20;2025-03-23;3;2;7.0;cancelada;PIX
2483;1;1;58;2.0;2026-06-09;2026-06-12;3;3;8.0;cancelada;Transferência
4187;3;3;238;;2025-11-07;2025-11-08;1;3;3.0;confirmada;PIX
2535;1;3;193;2.0;2025-10-12;2025-10-18;6;1;6.0;confirmada;Cartão de Crédito
2706;2;3;3;4.0;2025-04-03;2025-04-04;1;1;8.0;Confirmada;PIX
3867;11;3;91;1.0;2025-07-16;2025-07-21;5;3;7.0;confirmada;Cartão de Crédito
4283;3;1;38;1.0;2025-08-21;2025-08-23;2;3;3.0;confirmada;Transferência
4073;12;1;157;2.0;2026-02-02;2026-02-06;4;3;6.0;confirmada;PIX
4327;5;1;203;2.0;2025-05-31;2025-06-03;3;1;2.0;confirmada;Pix
3976;12;5;275;3.0;2025-02-06;2025-02-07;1;1;8.0;cancelada;Transferência
3427;8;3;246;1.0;2026-05-11;2026-05-12;1;2;;concluída;PIX
3932;12;2;58;1.0;2025-03-18;2025-03-19;1;1;9.0;concluída;Dinheiro
2730;2;4;207;2.0;2026-08-15;2026-08-18;3;2;8.0;concluída;Cartão de Crédito
3473;9;5;164;1.0;2026-02-12;2026-02-14;2;3;9.0;no-show;Transferência
2698;2;4;114;3.0;2025-06-18;2025-06-21;3;2;;Cancelada;Cartão de Crédito
3363;8;3;121;;2025-11-23;2025-11-24;1;1;9.0;concluída;Dinheiro
2768;2;2;241;2.0;2025-08-10;2025-08-14;4;3;6.0;no-show;Cartão de Crédito
3442;8;4;277;4.0;2025-10-25;2025-11-01;7;3;8.0;cancelada;pix
3535;9;3;184;3.0;2026-01-29;2026-01-31;2;3;9.0;confirmada;Cartão de Crédito
2699;2;4;218;2.0;2025-09-21;2025-09-23;2;2;7.0;cancelada;Transferência
2852;4;2;124;2.0;2025-04-11;2025-04-16;5;3;8.0;Concluida;Cartão de Crédito
4090;12;4;1;3.0;2025-01-04;2025-01-07;3;3;6.0;concluída;Cartão de Crédito
4502;5;2;59;1.0;2025-01-30;2025-02-02;3;4;2.0;no-show;Transferência
2965;4;5;1;2.0;2026-03-29;2026-03-30;1;2;10.0;CANCELADA;Cartão de Débito
3544;9;3;139;1.0;2026-02-07;2026-02-10;3;2;9.0;confirmada;Dinheiro
3356;8;1;153;3.0;2025-10-10;2025-10-11;1;1;8.0;cancelada;PIX
3767;10;3;222;3.0;2025-11-21;2025-11-24;3;4;6.0;confirmada;PIX
3854;11;3;242;2.0;2026-04-06;2026-04-07;1;2;6.0;confirmada;cred
3202;7;5;125;2.0;2025-07-15;2025-07-20;5;2;8.0;concluída;Dinheiro
3637;10;5;241;3.0;2025-09-29;2025-09-30;1;4;10.0;confirmada;Transferência
3899;11;1;51;3.0;2025-03-23;2025-03-26;3;1;8.0;concluída;CC
2736;2;5;98;1.0;2025-12-16;2025-12-17;1;2;8.0;cancelada;PIX
4556;13;8;306;3.0;2025-07-20;2025-07-21;1;3;8.0;confirmada;Cartão de Débito
3043;6;3;120;2.0;2025-07-07;2025-07-11;4;4;6.0;concluída;Dinheiro
3222;7;5;137;3.0;2025-08-06;2025-08-10;4;2;6.0;concluída;Dinheiro
3973;12;5;213;4.0;2026-04-21;2026-04-25;4;2;10.0;concluída;Transferência
2731;2;3;68;4.0;2026-01-26;2026-01-30;4;1;8.0;concluída;TED
2836;4;2;157;4.0;2025-06-08;2025-06-14;6;4;7.0;concluída;PIX
2764;2;1;106;3.0;2025-11-22;2025-11-23;1;1;9.0;confirmada;Cartão de Débito
3755;10;2;22;4.0;2025-12-26;2025-12-28;2;4;9.0;concluída;Transferência
2520;1;5;63;3.0;2025-08-29;2025-09-02;4;3;9.0;confirmada;Transferência
2718;2;3;256;3.0;2026-02-08;2026-02-10;2;2;;no-show;Cartão de Crédito
4491;5;2;245;2.0;2025-05-26;2025-05-27;1;1;;concluída;TED
2960;4;2;207;3.0;2026-07-20;2026-07-22;2;3;;confirmada;Cartão de Débito
3521;9;2;295;2.0;2025-11-22;2025-11-24;2;1;6.0;cancel.;Dinheiro
3963;12;5;283;4.0;2026-08-13;2026-08-17;4;4;10.0;concluída;PIX
3711;10;5;246;4.0;2025-03-06;2025-03-12;6;2;9.0;CONFIRMADA ;transferencia
3593;9;1;278;4.0;2025-03-11;2025-03-16;5;2;9.0;confirmada;Dinheiro
3277;7;1;285;4.0;2026-08-30;2026-08-31;1;2;;concluída;PIX
4349;5;2;5;2.0;2025-05-31;2025-06-05;5;1;2.0;confirmada;dinheiro
3786;11;1;194;4.0;2025-01-14;2025-01-17;3;2;9.0;confirmada;PIX
2710;2;1;111;2.0;2025-04-11;2025-04-12;1;4;8.0;confirmada;cred
3936;12;5;149;1.0;2025-07-04;2025-07-06;2;2;6.0;conf.;Cartão de Crédito
3172;7;4;238;3.0;2025-12-24;2025-12-25;1;2;8.0;confirmada;Dinheiro
4485;5;1;55;1.0;2025-12-28;2025-12-30;2;4;4.0;concluída;PIX
2672;2;3;31;2.0;2026-02-16;2026-02-18;2;4;9.0;concluída;Dinheiro
3333;8;5;239;3.0;2025-08-18;2025-08-21;3;1;7.0;confirmada;cash
4385;5;3;146;4.0;2026-02-05;2026-02-09;4;4;;confirmada;Cartão de Débito
4642;13;6;317;1.0;2025-07-09;2025-07-12;3;4;;concluída;Transferência
4310;3;1;257;2.0;2025-02-18;2025-02-20;2;2;3.0;confirmada;Cartão de Débito
2783;2;1;118;1.0;2025-02-28;2025-03-02;2;4;8.0;cancelada;transferencia
3679;10;1;154;2.0;2025-09-04;2025-09-09;5;2;7.0;confirmada;Cartão de Crédito
4423;5;1;181;1.0;2026-02-05;2026-02-13;8;4;2.0;confirmada;Cartão de Crédito
2526;1;4;105;1.0;2026-02-05;2026-02-06;1;1;5.0;confirmada;cred
3353;8;4;118;4.0;2025-10-10;2025-10-12;2;2;;confirmada;Cartão de Crédito
4375;5;2;232;4.0;2025-05-31;2025-06-01;1;3;4.0;confirmada;Dinheiro
3669;10;5;234;3.0;2025-05-08;2025-05-09;1;2;7.0;confirmada;Dinheiro
2854;4;5;156;3.0;2026-06-17;2026-06-19;2;4;9.0;confirmada;Cartão de Débito
4135;3;1;236;3.0;2025-04-01;2025-04-04;3;1;3.0;confirmada;DINHEIRO
2522;1;3;120;1.0;2025-02-11;2025-02-15;4;2;7.0;confirmada;C. Crédito
3812;11;1;26;3.0;2025-01-15;2025-01-16;1;3;9.0;concluída;Cartão de Crédito
3312;8;2;22;4.0;2026-04-29;2026-05-03;4;2;6.0;Concluida;Transferência
3597;9;2;272;3.0;2025-01-28;2025-01-29;1;2;7.0;concluída;Dinheiro
4230;3;2;25;4.0;2025-11-07;2025-11-08;1;4;4.0;confirmada;Cartão de Débito
2821;4;1;24;2.0;2026-04-30;2026-05-01;1;2;6.0;cancelada;Dinheiro
3795;11;4;222;1.0;2025-12-18;2025-12-22;4;1;10.0;confirmada;PIX
2586;1;3;238;1.0;2025-04-19;2025-04-20;1;3;8.0;concluída;Cartão de Débito
3218;7;3;1;1.0;2025-11-06;2025-11-07;1;3;8.0;confirmada;Transferência
2898;4;4;172;2.0;2025-08-03;2025-08-07;4;4;9.0;Confirmada;cred
3676;10;1;87;4.0;2025-03-19;2025-03-23;4;3;;cancelada;Cartão de Débito
4608;13;8;71;4.0;2026-04-16;2026-04-20;4;3;;confirmada;Dinheiro
4605;13;8;312;3.0;2026-04-16;2026-04-19;3;1;6.0;confirmada;Cartão de Débito
3501;9;2;174;1.0;2026-02-18;2026-02-22;4;2;8.0;confirmada;Cartão de Débito
3706;10;3;133;1.0;2026-04-27;2026-04-29;2;4;9.0;confirmada;Cartão de Débito
4497;5;3;265;4.0;2026-08-19;2026-08-20;1;3;3.0;confirmada;Cartão de Crédito
3021;6;5;13;1.0;2026-08-24;2026-08-28;4;3;10.0;confirmada;Cartão de Crédito
3160;7;5;233;3.0;2025-04-19;2025-04-20;1;4;10.0;cancelada;Cartão de Crédito
2700;2;3;133;3.0;2025-06-07;2025-06-09;2;2;8.0;confirmada;Cartão de Débito
3557;9;5;14;2.0;2026-08-02;2026-08-05;3;1;5.0;cancelada;Transferência
3287;7;1;173;2.0;2025-12-07;2025-12-08;1;3;7.0;concluída;PIX
4246;3;3;289;2.0;2026-04-12;2026-04-15;3;2;2.0;cancelada;Cartão de Crédito
2558;1;4;81;3.0;2025-09-06;2025-09-11;5;1;6.0;confirmada;Transferência
2817;2;2;138;2.0;2026-01-21;2026-01-22;1;1;7.0;concluída;Cartão de Débito
3705;10;5;160;3.0;2025-03-18;2025-03-22;4;4;;CONFIRMADA ;Transferência
2827;4;1;146;4.0;2026-04-15;2026-04-16;1;3;9.0;cancelada;PIX
4373;5;1;190;1.0;2025-05-31;2025-06-03;3;4;1.0;confirmada;Transferência
4585;13;8;320;4.0;2026-04-16;2026-04-21;5;1;8.0;CONFIRMADA ;Dinheiro
3998;12;2;157;3.0;2026-03-16;2026-03-19;3;4;9.0;concluída;Cartão de Débito
3252;7;3;264;2.0;2025-04-11;2025-04-15;4;2;5.0;confirmada;Transferência
3488;9;5;125;2.0;2025-03-15;2025-03-19;4;3;9.0;confirmada;Dinheiro
3849;11;2;144;;2025-03-15;2025-03-18;3;2;10.0;no-show;TED
4122;3;2;120;3.0;2025-04-01;2025-04-07;6;3;3.0;confirmada;Transferência
3730;10;2;106;3.0;2026-02-16;2026-02-22;6;1;9.0;confirmada;cartao debito
4228;3;3;222;1.0;2025-11-07;2025-11-10;3;1;2.0;conf.;Cartão de Débito
4426;5;2;152;3.0;2026-02-05;2026-02-06;1;3;4.0;confirmada;PIX
4149;3;1;144;4.0;2025-04-01;2025-04-07;6;2;1.0;confirmada;Transferência
4294;3;3;196;2.0;2025-06-28;2025-07-02;4;4;2.0;Confirmada;Cartão de Crédito
2994;4;4;83;1.0;2025-06-14;2025-06-17;3;2;5.0;cancel.;Transferência
3465;9;3;75;1.0;2025-08-22;2025-08-25;3;4;7.0;confirmada;PIX
4415;5;1;271;1.0;2026-02-05;2026-02-06;1;1;3.0;confirmada;Cartão de Débito
4390;5;2;113;2.0;2026-02-05;2026-02-08;3;2;4.0;confirmada;pix
2776;2;3;296;3.0;2026-04-11;2026-04-14;3;3;9.0;confirmada;TED
4275;3;3;16;2.0;2026-06-28;2026-07-02;4;1;2.0;confirmada;Cartão de Crédito
3430;8;3;123;3.0;2026-08-16;2026-08-19;3;3;7.0;concluída;Dinheiro
2514;1;3;170;4.0;2026-01-23;2026-01-27;4;3;6.0;confirmada;Dinheiro
3865;11;3;74;1.0;2026-03-20;2026-03-24;4;3;9.0;concluída;Cartão de Crédito
4037;12;3;42;1.0;2026-05-21;2026-05-24;3;2;6.0;concluída;Cartão de Débito
2815;2;4;281;1.0;2025-02-04;2025-02-06;2;3;;confirmada;cartao debito
4012;12;3;209;4.0;2026-05-16;2026-05-21;5;4;6.0;Concluída ;Dinheiro
2968;4;1;46;4.0;2026-04-26;2026-04-28;2;4;8.0;confirmada;Cartão de Débito
4028;12;1;260;4.0;2026-02-07;2026-02-09;2;3;10.0;cancelada;CC
4222;3;2;203;4.0;2025-11-07;2025-11-09;2;4;1.0;confirmada;ted
3652;10;4;230;3.0;2025-12-10;2025-12-15;5;3;7.0;Confirmada;PIX
4457;5;2;182;3.0;2026-05-11;2026-05-13;2;2;;cancelada;Transferência
3707;10;4;294;2.0;2025-10-13;2025-10-14;1;4;7.0;confirmada;Cartão de Crédito
3668;10;3;287;4.0;2026-02-27;2026-03-02;3;4;10.0;Concluida;dinheiro
2468;1;3;27;;2025-04-23;2025-04-26;3;1;7.0;concluída;Transferência
4518;5;2;151;4.0;2026-03-23;2026-03-24;1;4;1.0;no-show;Dinheiro
2640;1;3;87;;2026-01-07;2026-01-09;2;4;8.0;Concluida;Dinheiro
4538;13;7;48;1.0;2025-07-20;2025-07-24;4;4;;confirmada;Cartão de Crédito
3085;6;3;13;2.0;2025-12-02;2025-12-04;2;3;;confirmada;Cartão de Crédito
3547;9;1;231;4.0;2026-08-19;2026-08-23;4;1;7.0;CANCELADA;Transferência
3671;10;4;196;2.0;2025-08-31;2025-09-05;5;2;5.0;CONFIRMADA ;Cartão de Débito
3598;9;5;212;3.0;2025-06-04;2025-06-09;5;3;10.0;concluída;Dinheiro
4213;3;2;7;2.0;2025-11-07;2025-11-08;1;1;3.0;confirmada;Cartão de Crédito
3404;8;3;283;2.0;2026-07-27;2026-07-28;1;2;8.0;cancelada;Transferência
2595;1;1;132;2.0;2025-10-21;2025-10-26;5;3;7.0;cancelada;Cartão de Crédito
4051;12;4;46;4.0;2025-06-13;2025-06-14;1;2;5.0;cancelada;cred
3323;8;1;233;1.0;2025-02-18;2025-02-19;1;1;8.0;confirmada;Cartão de Crédito
3365;8;3;235;2.0;2025-04-30;2025-05-01;1;4;7.0;confirmada;Transferência
4185;3;3;192;1.0;2025-11-07;2025-11-11;4;2;2.0;confirmada;Transferência
4429;5;2;268;3.0;2026-02-05;2026-02-09;4;1;1.0;confirmada;Cartão de Débito
3158;7;5;243;1.0;2025-05-25;2025-05-31;6;4;10.0;confirmada;Cartão de Débito
3175;7;3;206;4.0;2025-01-03;2025-01-04;1;2;4.0;cancelada;Dinheiro
4353;5;2;19;4.0;2025-05-31;2025-06-03;3;2;1.0;confirmada;Cartão de Débito
3530;9;5;125;2.0;2026-07-17;2026-07-23;6;1;7.0;conf.;Cartão de Débito
4604;13;6;302;4.0;2026-04-16;2026-04-17;1;2;5.0;confirmada;Cartão de Crédito
2583;1;5;249;4.0;2026-07-07;2026-07-10;3;2;8.0;confirmada;Cartão de Débito
3327;8;1;257;2.0;2025-07-21;2025-07-23;2;1;;confirmada;Dinheiro
3336;8;3;210;3.0;2026-05-25;2026-05-28;3;3;6.0;cancelada;PIX
3528;9;1;262;3.0;2026-03-07;2026-03-15;8;1;8.0;cancelada;Pix
2714;2;1;130;2.0;2025-04-29;2025-05-05;6;2;8.0;Concluida;Transferência
4464;5;2;120;2.0;2026-06-02;2026-06-07;5;1;;cancelada;PIX
4280;3;3;105;2.0;2026-05-20;2026-05-26;6;1;2.0;cancelada;Cartão de Crédito
4035;12;4;295;4.0;2026-01-27;2026-01-30;3;4;;confirmada;Transferência
3297;8;1;90;2.0;2025-04-05;2025-04-12;7;2;9.0;confirmada;Transferência
4270;3;2;17;1.0;2025-07-08;2025-07-10;2;3;2.0;confirmada;Transferência
2549;1;4;266;1.0;2025-02-01;2025-02-06;5;2;8.0;cancelada;Cartão de Débito
4416;5;1;124;3.0;2026-02-05;2026-02-07;2;3;2.0;confirmada;Dinheiro
2474;1;1;199;2.0;2025-03-28;2025-04-01;4;3;5.0;cancelada;Cartão de Crédito
4454;5;2;245;1.0;2025-11-04;2025-11-05;1;3;3.0;confirmada;Dinheiro
3887;11;2;22;1.0;2026-02-03;2026-02-04;1;4;7.0;confirmada;Cartão de Débito
4317;3;3;21;1.0;2025-08-03;2025-08-06;3;1;2.0;no-show;Dinheiro
3529;9;2;217;;2025-01-17;2025-01-18;1;1;7.0;no-show;Cartão de Crédito
2615;1;4;295;4.0;2025-05-29;2025-05-31;2;3;10.0;cancelada;Dinheiro
4407;5;3;185;1.0;2026-02-05;2026-02-10;5;2;3.0;conf.;Transferência
3832;11;3;271;3.0;2025-12-29;2026-01-01;3;2;10.0;cancelada;C. Crédito
4239;3;2;138;4.0;2025-11-07;2025-11-09;2;1;;confirmada;PIX
3341;8;3;33;3.0;2026-02-24;2026-02-27;3;4;8.0;confirmada;Dinheiro
4023;12;1;123;3.0;2026-03-02;2026-03-06;4;4;7.0;confirmada;Dinheiro
3448;8;5;199;2.0;2026-03-21;2026-03-24;3;1;9.0;conf.;Transferência
3429;8;5;10;2.0;2025-06-13;2025-06-16;3;3;10.0;confirmada;Transferência
3116;6;5;243;1.0;2025-08-22;2025-08-23;1;1;8.0;concluída;PIX
2840;4;3;33;4.0;2026-04-04;2026-04-07;3;4;7.0;concluída;Cartão de Crédito
3700;10;2;136;3.0;2026-03-30;2026-04-07;8;3;;confirmada;Cartão de Débito
4573;13;8;307;3.0;2026-04-16;2026-04-18;2;1;7.0;confirmada;PIX
4542;13;7;279;4.0;2025-07-20;2025-07-23;3;1;;confirmada;Transferência
4189;3;3;171;1.0;2025-11-07;2025-11-10;3;1;3.0;confirmada;Dinheiro
2548;1;3;11;3.0;2026-03-10;2026-03-14;4;3;8.0;concluída;Cartão de Crédito
3132;6;2;123;1.0;2025-09-01;2025-09-04;3;3;8.0;concluída;Cartão de Crédito
2887;4;3;127;4.0;2025-11-12;2025-11-16;4;2;7.0;cancelada;Pix
2560;1;3;211;4.0;2026-06-19;2026-06-23;4;4;8.0;cancelada;Transferência
3536;9;1;228;1.0;2026-01-25;2026-01-28;3;2;;concluída;Pix
4406;5;2;129;2.0;2026-02-05;2026-02-10;5;3;2.0;CONFIRMADA ;Dinheiro
2915;4;4;196;3.0;2025-01-07;2025-01-09;2;1;8.0;concluída;Dinheiro
3470;9;2;82;1.0;2025-08-17;2025-08-20;3;3;7.0;confirmada;Cartão de Débito
3072;6;3;270;1.0;2025-07-16;2025-07-21;5;1;;concluída;Dinheiro
4010;12;5;83;2.0;2025-12-12;2025-12-13;1;3;;Concluida;Cartão de Débito
3371;8;3;110;2.0;2026-07-18;2026-07-19;1;2;9.0;confirmada;Cartão de Crédito
3609;9;3;195;2.0;2026-05-14;2026-05-15;1;1;7.0;confirmada;Transferência
4150;3;1;184;2.0;2025-04-01;2025-04-05;4;1;3.0;confirmada;Cartão de Débito
3591;9;5;248;3.0;2026-01-06;2026-01-12;6;1;9.0;CANCELADA;Dinheiro
2942;4;2;209;3.0;2026-05-11;2026-05-13;2;2;8.0;concluída;PIX
2501;1;2;192;4.0;2025-11-20;2025-11-25;5;4;10.0;CANCELADA;Dinheiro
2880;4;4;63;1.0;2026-05-29;2026-05-30;1;4;9.0;confirmada;Dinheiro
3051;6;4;251;1.0;2025-01-14;2025-01-17;3;1;8.0;confirmada;Dinheiro
2496;1;3;265;3.0;2026-05-17;2026-05-21;4;1;;confirmada;Transferência
3594;9;1;158;1.0;2026-07-26;2026-07-27;1;3;8.0;confirmada;Cartão de Débito
3046;6;3;147;3.0;2025-07-16;2025-07-19;3;4;9.0;concluída;Dinheiro
3267;7;3;251;4.0;2025-07-07;2025-07-10;3;2;;confirmada;Dinheiro
3456;8;1;270;;2025-11-14;2025-11-16;2;1;9.0;confirmada;Dinheiro
2911;4;2;227;1.0;2026-07-08;2026-07-12;4;2;;confirmada;CC
3275;7;1;160;1.0;2025-02-01;2025-02-07;6;1;7.0;Confirmada;PIX
3827;11;1;277;3.0;2026-06-13;2026-06-14;1;4;;no-show;Dinheiro
4495;5;2;261;3.0;2026-02-20;2026-02-21;1;3;1.0;Concluida;PIX
2618;1;4;226;3.0;2026-05-14;2026-05-17;3;1;7.0;confirmada;Cartão de Crédito
4448;5;3;89;2.0;2025-04-21;2025-04-24;3;3;3.0;confirmada;DINHEIRO
3627;10;5;87;3.0;2025-02-04;2025-02-07;3;3;6.0;confirmada;Dinheiro
3560;9;3;267;2.0;2025-04-25;2025-04-30;5;1;10.0;concluída;TED
2932;4;2;269;2.0;2025-02-04;2025-02-06;2;4;7.0;confirmada;Dinheiro
4192;3;3;230;1.0;2025-11-07;2025-11-10;3;2;1.0;Confirmada;Dinheiro
3739;10;1;297;3.0;2025-09-04;2025-09-09;5;3;9.0;confirmada;PIX
2554;1;4;122;2.0;2025-12-09;2025-12-11;2;2;5.0;no-show;PIX
3771;10;4;82;4.0;2026-08-14;2026-08-20;6;3;9.0;concluída;Dinheiro
3667;10;1;284;2.0;2025-12-06;2025-12-09;3;4;9.0;confirmada;C. Crédito
3797;11;4;121;1.0;2025-07-09;2025-07-10;1;1;;confirmada;Transferência
3207;7;1;87;3.0;2025-12-07;2025-12-10;3;3;9.0;cancelada;Transferência
4295;3;1;35;4.0;2025-04-20;2025-04-22;2;2;4.0;confirmada;Cartão de Débito
3246;7;3;205;4.0;2026-04-09;2026-04-10;1;4;6.0;confirmada;Dinheiro
3950;12;5;223;1.0;2026-04-24;2026-04-27;3;1;10.0;confirmada;Dinheiro
3580;9;5;253;4.0;2026-01-01;2026-01-04;3;1;10.0;confirmada;PIX
2684;2;3;268;4.0;2026-04-30;2026-05-02;2;1;9.0;confirmada;PIX
2908;4;1;111;2.0;2026-05-14;2026-05-17;3;1;9.0;cancelada;Dinheiro
3334;8;1;300;2.0;2025-02-07;2025-02-08;1;3;8.0;confirmada;Cartão de Débito
4606;13;7;316;1.0;2026-04-16;2026-04-20;4;4;6.0;confirmada;Cartão de Crédito
2839;4;1;80;1.0;2026-03-18;2026-03-22;4;3;10.0;confirmada;Dinheiro
4529;13;6;301;1.0;2025-07-20;2025-07-21;1;1;7.0;confirmada;Transferência
3943;12;2;24;1.0;2026-01-25;2026-01-30;5;2;9.0;CONFIRMADA ;PIX
3273;7;1;28;1.0;2025-11-30;2025-12-04;4;4;7.0;concluída;PIX
4646;13;7;314;1.0;2025-06-20;2025-06-21;1;2;7.0;confirmada;Dinheiro
3513;9;3;66;3.0;2026-01-29;2026-02-01;3;1;9.0;confirmada;Cartão de Débito
3106;6;3;99;3.0;2026-05-17;2026-05-19;2;2;6.0;CONFIRMADA ;Cartão de Crédito
3759;10;2;272;4.0;2025-08-07;2025-08-11;4;2;8.0;confirmada;Dinheiro
4243;3;1;33;2.0;2025-01-29;2025-01-31;2;2;2.0;cancelada;PIX
2779;2;1;102;2.0;2025-03-26;2025-03-28;2;3;9.0;CONFIRMADA ;Transferência
3109;6;1;248;4.0;2025-09-10;2025-09-13;3;2;;CANCELADA;dinheiro
4362;5;1;129;1.0;2025-05-31;2025-06-03;3;3;1.0;confirmada;Cartão de Débito
4470;5;1;4;4.0;2025-08-19;2025-08-22;3;1;2.0;cancelada;Transferência
4627;13;6;84;1.0;2025-07-26;2025-07-28;2;3;;confirmada;Dinheiro
3965;12;1;148;;2026-07-12;2026-07-15;3;4;6.0;confirmada;Transferência
3406;8;2;233;3.0;2026-02-15;2026-02-17;2;1;9.0;confirmada;PIX
2900;4;2;114;3.0;2026-03-18;2026-03-20;2;1;5.0;cancelada;Cartão de Crédito
3985;12;4;156;3.0;2025-01-16;2025-01-20;4;2;6.0;no-show;Cartão de Débito
4121;3;2;96;3.0;2025-04-01;2025-04-02;1;3;3.0;CONFIRMADA ;PIX
3040;6;2;134;4.0;2026-07-18;2026-07-22;4;4;;cancelada;PIX
4377;5;3;279;1.0;2025-05-31;2025-06-02;2;3;2.0;confirmada;PIX
3208;7;1;264;1.0;2026-05-28;2026-05-29;1;3;7.0;Concluida;C. Crédito
4350;5;1;87;1.0;2025-05-31;2025-06-05;5;2;2.0;confirmada;Transferência
4058;12;2;234;4.0;2025-10-15;2025-10-18;3;3;7.0;confirmada;Transferência
3468;9;1;144;4.0;2025-06-30;2025-07-01;1;2;8.0;confirmada;Cartão de Débito
4155;3;2;138;3.0;2025-04-01;2025-04-07;6;2;3.0;confirmada;PIX
3331;8;2;70;4.0;2026-01-17;2026-01-20;3;4;6.0;cancelada;ted
3171;7;2;34;3.0;2025-07-07;2025-07-15;8;2;6.0;Concluída ;Cartão de Crédito
2829;4;2;298;1.0;2025-04-14;2025-04-16;2;1;;confirmada;Cartão de Débito
2855;4;4;82;1.0;2026-07-16;2026-07-19;3;4;7.0;cancelada;cred
4381;5;3;137;1.0;2025-05-31;2025-06-02;2;1;2.0;confirmada;Transferência
3646;10;3;56;3.0;2026-06-30;2026-07-05;5;3;9.0;concluída;Cartão de Crédito
2646;1;5;101;4.0;2025-12-23;2025-12-28;5;4;8.0;confirmada;Cartão de Débito
3379;8;4;117;2.0;2025-06-05;2025-06-14;9;2;7.0;concluída;Cartão de Débito
2778;2;4;288;;2026-07-02;2026-07-03;1;2;7.0;confirmada;Pix
3972;12;5;263;3.0;2025-10-17;2025-10-21;4;3;7.0;confirmada;PIX
4566;13;8;308;1.0;2026-04-16;2026-04-19;3;3;8.0;confirmada;Cartão de Débito
3098;6;1;289;4.0;2026-01-23;2026-01-24;1;1;6.0;confirmada;cash
3657;10;4;158;1.0;2026-04-16;2026-04-17;1;2;10.0;confirmada;Cartão de Crédito
2580;1;4;198;4.0;2026-03-04;2026-03-05;1;3;10.0;confirmada;Transferência
2467;1;5;28;4.0;2025-05-09;2025-05-10;1;4;10.0;confirmada;PIX
4455;5;3;243;4.0;2025-07-19;2025-07-23;4;1;1.0;confirmada;PIX
2622;1;1;7;3.0;2026-03-17;2026-03-20;3;3;8.0;confirmada;Transferência
3262;7;3;240;1.0;2026-08-01;2026-08-06;5;4;7.0;confirmada;Cartão de Débito
4268;3;2;205;4.0;2025-04-09;2025-04-12;3;2;2.0;confirmada;Cartão de Crédito
4104;12;3;253;3.0;2025-01-17;2025-01-18;1;3;9.0;concluída;PIX
3583;9;1;162;2.0;2025-06-16;2025-06-19;3;4;9.0;CONFIRMADA ;Cartão de Débito
2689;2;4;221;3.0;2025-10-30;2025-11-03;4;2;9.0;confirmada;PIX
3833;11;5;226;3.0;2025-05-26;2025-05-29;3;4;7.0;conf.;dinheiro
2831;4;4;14;1.0;2026-01-29;2026-01-30;1;4;10.0;concluída;Cartão de Crédito
3029;6;1;137;3.0;2026-05-05;2026-05-09;4;2;7.0;concluída;Dinheiro
4540;13;8;67;3.0;2025-07-20;2025-07-24;4;1;8.0;confirmada;déb
4042;12;3;162;2.0;2026-04-05;2026-04-07;2;2;7.0;conf.;Cartão de Débito
3184;7;1;294;2.0;2026-04-30;2026-05-05;5;2;;confirmada;PIX
2729;2;3;96;2.0;2025-12-11;2025-12-12;1;3;8.0;confirmada;Cartão de Débito
4103;12;1;70;2.0;2025-06-06;2025-06-07;1;1;;confirmada;Cartão de Débito
4431;5;3;60;4.0;2026-02-05;2026-02-06;1;1;;confirmada;Cartão de Débito
4171;3;2;285;2.0;2025-04-01;2025-04-05;4;1;;confirmada;Dinheiro
4127;3;2;150;2.0;2025-04-01;2025-04-04;3;3;11.0;CONFIRMADA ;PIX
2697;2;4;105;2.0;2026-02-20;2026-02-25;5;1;9.0;cancelada;Cartão de Débito
3392;8;1;186;2.0;2025-04-18;2025-04-20;2;2;7.0;conf.;Cartão de Crédito
3665;10;4;129;3.0;2025-11-16;2025-11-22;6;1;9.0;Concluida;pix
2534;1;4;74;3.0;2025-10-09;2025-10-13;4;2;9.0;concluída;Dinheiro
2681;2;1;123;3.0;2025-05-27;2025-06-01;5;2;4.0;Concluída ;Dinheiro
3120;6;3;15;1.0;2026-04-16;2026-04-17;1;2;7.0;confirmada;CD
3100;6;5;230;;2025-03-10;2025-03-15;5;3;5.0;confirmada;Dinheiro
4312;3;1;20;2.0;2026-06-21;2026-06-26;5;1;2.0;conf.;Cartão de Débito
4052;12;2;28;1.0;2026-08-27;2026-09-01;5;1;7.0;confirmada;TED
3439;8;4;23;2.0;2026-01-18;2026-01-21;3;4;;concluída;PIX
4167;3;2;194;3.0;2025-04-01;2025-04-05;4;4;3.0;confirmada;Cartão de Crédito
4000;12;3;111;3.0;2026-06-21;2026-06-22;1;2;9.0;confirmada;Cartão de Crédito
4366;5;1;202;3.0;2025-05-31;2025-06-02;2;3;2.0;confirmada;Cartão de Débito
2918;4;4;188;4.0;2026-04-11;2026-04-13;2;1;7.0;confirmada;Dinheiro
2769;2;2;1;2.0;2025-06-15;2025-06-19;4;4;9.0;confirmada;Transferência
3500;9;3;269;2.0;2025-09-04;2025-09-05;1;3;7.0;confirmada;PIX
3673;10;2;270;4.0;2025-08-18;2025-08-22;4;2;10.0;concluída;CD
2871;4;2;211;2.0;2025-04-14;2025-04-15;1;2;;confirmada;PIX
3487;9;3;245;1.0;2025-09-07;2025-09-11;4;2;9.0;cancel.;Transferência
3636;10;5;142;2.0;2025-08-09;2025-08-12;3;3;;concluída;Cartão de Débito
2738;2;2;290;3.0;2025-12-30;2026-01-02;3;1;;concluída;Cartão de Crédito
2957;4;4;174;3.0;2025-07-11;2025-07-12;1;3;9.0;cancelada;Cartão de Débito
2786;2;1;130;2.0;2026-05-11;2026-05-18;7;4;5.0;confirmada;CD
2458;1;2;203;1.0;2025-11-28;2025-11-30;2;3;;cancelada;pix
3030;6;5;299;2.0;2025-08-01;2025-08-04;3;3;8.0;confirmada;PIX
3390;8;3;83;;2026-06-03;2026-06-09;6;2;;concluída;C. Crédito
4237;3;2;206;3.0;2025-11-07;2025-11-11;4;4;1.0;confirmada;Transferência
4186;3;2;2;1.0;2025-11-07;2025-11-11;4;2;3.0;confirmada;Cartão de Crédito
3067;6;1;266;4.0;2025-01-09;2025-01-11;2;4;6.0;cancelada;Dinheiro
3199;7;1;125;2.0;2025-02-03;2025-02-06;3;2;7.0;confirmada;DINHEIRO
3643;10;4;189;2.0;2026-06-03;2026-06-07;4;1;9.0;confirmada;Dinheiro
2797;2;1;248;4.0;2026-06-15;2026-06-17;2;2;6.0;confirmada;Cartão de Crédito
3664;10;3;199;4.0;2025-07-14;2025-07-15;1;2;9.0;confirmada;transferencia
2951;4;5;99;4.0;2025-06-19;2025-06-20;1;3;8.0;cancelada;PIX
3020;6;1;273;2.0;2026-06-07;2026-06-10;3;2;8.0;confirmada;PIX
3239;7;2;207;4.0;2026-06-05;2026-06-09;4;3;9.0;confirmada;PIX
3578;9;3;199;4.0;2026-06-16;2026-06-20;4;1;9.0;confirmada;Transferência
4148;3;2;185;;2025-04-01;2025-04-02;1;2;1.0;confirmada;PIX
3385;8;3;250;;2025-02-23;2025-02-28;5;3;7.0;conf.;Cartão de Débito
2513;1;2;202;4.0;2025-03-03;2025-03-07;4;1;9.0;cancelada;cash
2808;2;2;188;4.0;2025-01-05;2025-01-10;5;2;6.0;cancelada;cred
4580;13;6;308;3.0;2026-04-16;2026-04-17;1;4;7.0;confirmada;Cartão de Crédito
3398;8;4;23;4.0;2025-07-30;2025-08-02;3;4;5.0;confirmada;Dinheiro
3229;7;1;129;4.0;2025-12-13;2025-12-15;2;1;9.0;concluída;Cartão de Débito
2497;1;4;138;4.0;2026-06-03;2026-06-04;1;2;9.0;confirmada;Cartão de Débito
2980;4;4;300;1.0;2025-04-12;2025-04-13;1;4;6.0;concluída;Dinheiro
3746;10;3;278;3.0;2025-08-08;2025-08-09;1;3;8.0;Cancelada;Transferência
2949;4;3;34;3.0;2026-06-15;2026-06-22;7;3;10.0;Concluída ;Transferência
2762;2;3;185;4.0;2025-03-11;2025-03-14;3;1;9.0;confirmada;DINHEIRO
2673;2;2;167;4.0;2025-12-29;2026-01-01;3;4;9.0;concluída;Transferência
4307;3;3;97;2.0;2025-01-16;2025-01-20;4;2;4.0;cancelada;PIX
3780;11;5;32;4.0;2026-08-15;2026-08-18;3;4;10.0;confirmada;Dinheiro
3853;11;4;26;2.0;2025-11-25;2025-11-29;4;1;7.0;concluída;cash
2996;6;5;233;;2025-05-06;2025-05-07;1;2;;Concluida;Cartão de Crédito
4508;5;2;58;3.0;2025-07-23;2025-07-29;6;1;3.0;no-show;Cartão de Crédito
4178;3;2;206;1.0;2025-11-07;2025-11-10;3;3;3.0;confirmada;Dinheiro
3719;10;2;26;3.0;2025-12-12;2025-12-13;1;1;6.0;confirmada;Cartão de Crédito
3858;11;4;194;4.0;2026-08-27;2026-08-30;3;4;9.0;conf.;ted
3570;9;1;29;1.0;2026-02-24;2026-02-27;3;2;10.0;confirmada;Dinheiro
4450;5;3;208;1.0;2025-07-11;2025-07-14;3;3;3.0;Confirmada;Cartão de Crédito
4011;12;1;139;1.0;2025-11-19;2025-11-20;1;4;9.0;confirmada;Dinheiro
2463;1;3;180;4.0;2025-11-18;2025-11-21;3;1;;confirmada;Cartão de Débito
4549;13;6;316;;2025-07-20;2025-07-25;5;2;8.0;confirmada;PIX
2726;2;1;78;3.0;2025-11-19;2025-11-20;1;4;7.0;confirmada;Transferência
3520;9;2;38;3.0;2025-04-14;2025-04-16;2;3;8.0;concluída;Cartão de Débito
2610;1;5;280;4.0;2025-07-13;2025-07-16;3;3;8.0;no-show;PIX
2537;1;3;159;3.0;2026-06-13;2026-06-18;5;2;7.0;concluída;PIX
3911;11;1;152;1.0;2026-05-08;2026-05-10;2;1;7.0;conf.;ted
3723;10;2;296;4.0;2026-05-21;2026-05-26;5;3;7.0;confirmada;PIX
3219;7;3;55;3.0;2025-11-01;2025-11-07;6;2;8.0;confirmada;cartao debito
3302;8;1;224;4.0;2025-06-08;2025-06-13;5;1;9.0;no-show;Transferência
2847;4;3;188;1.0;2026-03-19;2026-03-20;1;3;10.0;confirmada;Transferência
2803;2;4;111;3.0;2025-04-23;2025-04-28;5;1;6.0;confirmada;Cartão de Débito
4374;5;1;22;2.0;2025-05-31;2025-06-04;4;3;3.0;confirmada;Cartão de Débito
2632;1;2;150;1.0;2025-04-11;2025-04-13;2;2;10.0;confirmada;Transferência
2734;2;5;16;2.0;2026-08-15;2026-08-16;1;3;9.0;confirmada;Dinheiro
3988;12;1;143;4.0;2025-12-03;2025-12-06;3;1;8.0;no-show;Transferência
4493;5;1;29;2.0;2026-07-06;2026-07-11;5;2;2.0;confirmada;cash
2482;1;5;207;3.0;2026-03-18;2026-03-20;2;1;10.0;Confirmada;Cartão de Débito
2619;1;3;261;4.0;2025-10-29;2025-10-30;1;2;9.0;confirmada;Transferência
4481;5;3;259;1.0;2025-04-04;2025-04-08;4;4;2.0;cancelada;PIX
3152;7;5;60;4.0;2026-01-21;2026-01-28;7;4;;confirmada;Cartão de Crédito
4550;13;8;2;1.0;2025-07-20;2025-07-23;3;1;5.0;confirmada;PIX
2577;1;2;242;1.0;2025-05-05;2025-05-09;4;4;8.0;confirmada;PIX
3540;9;2;247;2.0;2025-07-11;2025-07-17;6;1;8.0;confirmada;PIX
2720;2;3;157;4.0;2025-10-30;2025-11-04;5;1;7.0;conf.;Cartão de Crédito
4260;3;2;258;3.0;2025-02-26;2025-03-02;4;3;1.0;concluída;PIX
3028;6;3;154;2.0;2025-12-01;2025-12-06;5;4;9.0;confirmada;DINHEIRO
4434;5;1;1;1.0;2026-02-05;2026-02-08;3;1;2.0;confirmada;PIX
3650;10;2;205;2.0;2026-07-16;2026-07-22;6;1;8.0;cancelada;Transferência
2539;1;2;77;4.0;2025-01-15;2025-01-16;1;3;9.0;confirmada;Transferência
4421;5;3;180;3.0;2026-02-05;2026-02-10;5;2;3.0;Confirmada;Transferência
4258;3;1;112;3.0;2026-07-07;2026-07-08;1;1;2.0;cancelada;Cartão de Crédito
3196;7;2;11;1.0;2026-05-07;2026-05-09;2;1;8.0;confirmada;Dinheiro
4392;5;1;27;4.0;2026-02-05;2026-02-08;3;3;3.0;confirmada;C. Crédito
4328;5;3;236;3.0;2025-05-31;2025-06-04;4;4;3.0;CONFIRMADA ;Transferência
4545;13;7;243;2.0;2025-07-20;2025-07-22;2;1;7.0;confirmada;Transferência
3703;10;3;153;1.0;2025-12-23;2025-12-28;5;3;9.0;confirmada;Cartão de Crédito
4629;13;7;296;4.0;2026-05-06;2026-05-10;4;4;7.0;cancelada;Transferência
3576;9;5;212;1.0;2026-06-01;2026-06-07;6;1;9.0;concluída;Cartão de Débito
2868;4;3;255;4.0;2025-06-13;2025-06-14;1;4;7.0;confirmada;PIX
4460;5;1;204;1.0;2025-10-01;2025-10-04;3;1;;cancel.;pix
4266;3;3;7;3.0;2025-07-01;2025-07-04;3;2;;Confirmada;Cartão de Débito
2571;1;3;258;3.0;2026-02-18;2026-02-20;2;2;8.0;concluída;Cartão de Débito
4463;5;1;278;3.0;2025-07-19;2025-07-20;1;-1;2.0;cancelada;Cartão de Crédito
2893;4;1;226;4.0;2026-04-23;2026-04-25;2;2;7.0;confirmada;CD
2541;1;2;212;2.0;2025-07-21;2025-07-25;4;4;6.0;conf.;Dinheiro
2550;1;1;179;4.0;2025-02-25;2025-02-26;1;2;6.0;concluída;PIX
2759;2;3;187;2.0;2025-05-14;2025-05-18;4;3;6.0;confirmada;PIX
2477;1;1;182;4.0;2025-05-15;2025-05-17;2;4;9.0;cancelada;Dinheiro
4040;12;2;247;2.0;2026-06-22;2026-06-26;4;-2;9.0;concluída;Cartão de Débito
2643;1;1;291;4.0;2025-02-12;2025-02-13;1;4;8.0;concluída;PIX
2685;2;4;91;1.0;2025-06-06;2025-06-12;6;4;;confirmada;Cartão de Débito
3691;10;3;299;4.0;2026-03-22;2026-03-24;2;3;9.0;Confirmada;Transferência
2791;2;5;165;3.0;2025-06-02;2025-06-04;2;3;;concluída;ted
4089;12;3;96;1.0;2025-03-23;2025-03-25;2;2;8.0;concluída;Cartão de Débito
4009;12;1;59;2.0;2025-11-05;2025-11-07;2;1;9.0;cancel.;Cartão de Débito
3713;10;2;183;3.0;2026-06-27;2026-07-01;4;2;7.0;Confirmada;Transferência
4393;5;1;27;3.0;2026-02-05;2026-02-09;4;2;2.0;confirmada;Dinheiro
2966;4;3;3;2.0;2026-05-06;2026-05-11;5;4;;confirmada;PIX
3910;11;5;186;2.0;2025-03-20;2025-03-28;8;4;5.0;Concluida;Dinheiro
2772;2;4;154;1.0;2026-06-27;2026-06-30;3;3;;no-show;Cartão de Débito
3562;9;4;97;3.0;2025-03-12;2025-03-19;7;4;10.0;CONFIRMADA ;PIX
3248;7;2;209;4.0;2025-12-17;2025-12-20;3;3;8.0;no-show;DINHEIRO
3285;7;2;252;1.0;2026-03-18;2026-03-22;4;2;;no-show;Dinheiro
4099;12;4;256;2.0;2025-07-30;2025-08-05;6;3;;NO-SHOW;Pix
3009;6;3;240;1.0;2026-05-07;2026-05-10;3;2;8.0;concluída;Cartão de Crédito
3129;6;3;244;4.0;2026-05-22;2026-05-25;3;4;7.0;concluída;Cartão de Crédito
4240;3;1;108;4.0;2026-04-12;2026-04-19;7;3;;concluída;Dinheiro
3720;10;3;169;4.0;2026-06-21;2026-06-25;4;4;9.0;confirmada;PIX
3619;10;3;223;1.0;2025-02-12;2025-02-16;4;4;10.0;confirmada;Dinheiro
3507;9;2;188;1.0;2025-06-16;2025-06-20;4;2;10.0;NO-SHOW;Dinheiro
4525;13;7;110;2.0;2025-07-20;2025-07-24;4;2;6.0;conf.;déb
3662;10;4;283;4.0;2026-07-13;2026-07-17;4;1;8.0;confirmada;Cartão de Débito
2798;2;1;237;;2026-08-06;2026-08-11;5;1;8.0;conf.;Cartão de Débito
3543;9;2;159;3.0;2025-02-07;2025-02-09;2;4;10.0;Cancelada;Dinheiro
2765;2;1;276;2.0;2026-04-27;2026-04-29;2;2;8.0;confirmada;Transferência
4512;5;1;274;3.0;2025-03-19;2025-03-22;3;4;2.0;cancelada;PIX
3380;8;2;168;1.0;2025-06-22;2025-06-24;2;4;9.0;concluída;Dinheiro
3640;10;5;87;3.0;2026-02-24;2026-02-26;2;4;9.0;confirmada;Transferência
4005;12;5;256;2.0;2025-05-20;2025-05-21;1;1;9.0;conf.;Cartão de Crédito
4234;3;1;6;4.0;2025-11-07;2025-11-11;4;4;;confirmada;Cartão de Crédito
3953;12;5;123;2.0;2026-04-23;2026-04-29;6;3;8.0;confirmada;dinheiro
2475;1;2;15;2.0;2025-06-24;2025-06-26;2;2;6.0;concluída;cartao debito
4201;3;3;214;1.0;2025-11-07;2025-11-12;5;4;2.0;conf.;Cartão de Crédito
2525;1;3;210;3.0;2026-02-12;2026-02-13;1;1;8.0;concluída;Transferência
4516;5;3;50;2.0;2025-01-22;2025-01-23;1;4;;confirmada;Cartão de Débito
4488;5;1;253;4.0;2026-05-16;2026-05-19;3;3;1.0;cancelada;cash
3179;7;3;87;4.0;2026-03-30;2026-04-02;3;3;7.0;concluída;Transferência
2570;1;1;188;3.0;2025-12-13;2025-12-16;3;2;;confirmada;Transferência
4346;5;3;130;2.0;2025-05-31;2025-06-01;1;3;2.0;confirmada;CD
4318;3;1;2;4.0;2025-09-03;2025-09-05;2;3;;confirmada;Dinheiro
4565;13;6;303;2.0;2026-04-16;2026-04-17;1;4;6.0;confirmada;Cartão de Débito
3183;7;4;2;1.0;2026-02-18;2026-02-20;2;4;;CONFIRMADA ;Dinheiro
4100;12;1;128;4.0;2025-01-03;2025-01-08;5;1;10.0;cancel.;Transferência
2974;4;5;133;3.0;2026-02-23;2026-02-27;4;3;8.0;concluída;Dinheiro
4619;13;7;234;2.0;2025-11-18;2025-11-25;7;1;9.0;cancelada;CD
3584;9;5;82;3.0;2025-07-16;2025-07-18;2;2;6.0;conf.;Dinheiro
2873;4;3;117;2.0;2025-08-11;2025-08-14;3;4;7.0;no-show;C. Crédito
4048;12;5;12;1.0;2025-03-19;2025-03-20;0;2;6.0;concluída;PIX
3969;12;1;189;4.0;2026-07-28;2026-07-31;3;2;7.0;concluída;PIX
4468;5;2;8;1.0;2025-03-13;2025-03-16;3;2;1.0;cancelada;Cartão de Crédito
3955;12;5;300;1.0;2026-01-21;2026-01-25;4;2;;confirmada;Cartão de Crédito
2721;2;3;263;2.0;2026-04-04;2026-04-07;3;1;8.0;confirmada;PIX
2851;4;4;6;3.0;2025-07-10;2025-07-14;4;2;;concluída;Cartão de Débito
4247;3;3;247;3.0;2026-05-24;2026-05-25;1;3;2.0;confirmada;TED
3304;8;3;261;1.0;2025-12-17;2025-12-20;3;4;9.0;Cancelada;Cartão de Débito
2749;2;3;99;1.0;2026-08-14;2026-08-19;5;2;8.0;confirmada;Cartão de Crédito
3745;10;4;264;1.0;2026-07-15;2026-07-20;5;1;9.0;confirmada;Dinheiro
2709;2;1;150;1.0;2026-06-15;2026-06-16;1;2;9.0;concluída;Cartão de Crédito
4384;5;1;188;1.0;2026-02-05;2026-02-07;2;4;;confirmada;pix
3063;6;3;228;1.0;2025-05-13;2025-05-18;5;1;7.0;cancelada;PIX
4153;3;3;255;1.0;2025-04-01;2025-04-04;3;2;3.0;confirmada;Transferência
3573;9;2;221;2.0;2026-05-28;2026-06-03;6;3;9.0;confirmada;Transferência
3896;11;5;8;2.0;2025-11-20;2025-11-22;2;3;10.0;confirmada;Transferência
3483;9;1;184;3.0;2025-01-24;2025-01-26;2;3;;cancelada;Cartão de Crédito
4031;12;5;283;1.0;2026-07-27;2026-08-01;5;4;9.0;confirmada;Cartão de Débito
3857;11;1;118;4.0;2026-07-16;2026-07-20;4;1;7.0;cancelada;PIX
2838;4;1;115;4.0;2026-04-24;2026-04-27;3;3;7.0;confirmada;Dinheiro
4413;5;2;54;2.0;2026-02-05;2026-02-06;1;3;2.0;confirmada;PIX
4643;13;8;318;4.0;2025-10-29;2025-11-02;4;1;8.0;Cancelada;Pix
3425;8;1;236;2.0;2025-11-21;2025-11-28;7;1;7.0;cancelada;Cartão de Crédito
2825;4;5;62;3.0;2025-06-14;2025-06-16;2;2;9.0;Confirmada;Cartão de Débito
2860;4;5;89;1.0;2025-07-22;2025-07-23;1;3;8.0;confirmada;Transferência
3136;6;2;193;;2026-01-05;2026-01-08;3;4;;confirmada;Cartão de Débito
4471;5;1;13;4.0;2026-01-10;2026-01-15;5;4;3.0;confirmada;Dinheiro
3024;6;1;201;1.0;2025-06-14;2025-06-19;5;1;10.0;confirmada;CD
3484;9;2;183;3.0;2025-02-21;2025-02-22;1;3;7.0;cancelada;Transferência
3577;9;3;234;3.0;2026-05-22;2026-05-26;4;4;7.0;confirmada;PIX
3357;8;3;34;4.0;2026-08-07;2026-08-09;2;4;7.0;concluída;Transferência
2993;4;2;277;2.0;2025-11-06;2025-11-09;3;3;10.0;Concluída ;PIX
4253;3;1;34;4.0;2026-06-13;2026-06-17;4;3;3.0;confirmada;Transferência
3409;8;2;154;1.0;2026-02-14;2026-02-15;1;1;7.0;concluída;Dinheiro
3437;8;5;78;2.0;2026-04-22;2026-04-28;6;2;;Concluída ;Dinheiro
2954;4;4;168;2.0;2026-07-18;2026-07-21;3;3;9.0;concluída;Cartão de Crédito
3005;6;4;67;4.0;2025-12-05;2025-12-11;6;1;10.0;Concluída ;Cartão de Débito
2917;4;4;11;4.0;2025-08-07;2025-08-13;6;1;10.0;no-show;Cartão de Débito
3766;10;3;177;2.0;2026-02-28;2026-03-03;3;3;8.0;confirmada;Dinheiro
2669;2;3;5;4.0;2025-05-16;2025-05-17;1;3;7.0;concluída;cartao debito
3395;8;5;118;2.0;2025-07-31;2025-08-02;2;3;5.0;Confirmada;Cartão de Débito
3769;10;2;51;4.0;2025-11-10;2025-11-13;3;2;7.0;confirmada;Transferência
2650;2;4;69;1.0;2025-03-17;2025-03-20;3;1;8.0;concluída;Dinheiro
4386;5;3;291;2.0;2026-02-05;2026-02-06;1;2;2.0;confirmada;Cartão de Débito
3674;10;4;182;3.0;2025-09-21;2025-09-28;7;1;8.0;cancelada;Transferência
3595;9;4;211;3.0;2026-03-16;2026-03-23;7;4;7.0;concluída;PIX
3883;11;2;63;3.0;2025-04-22;2025-04-27;5;2;8.0;confirmada;Cartão de Crédito
2687;2;2;190;3.0;2026-06-18;2026-06-21;3;-2;7.0;confirmada;Transferência
3699;10;3;100;3.0;2025-10-02;2025-10-05;3;3;9.0;cancelada;Transferência
3055;6;5;185;1.0;2025-01-27;2025-02-02;6;4;8.0;concluída;Cartão de Crédito
2612;1;2;104;3.0;2025-12-27;2025-12-28;1;4;7.0;concluída;C. Crédito
3912;11;3;297;2.0;2026-08-06;2026-08-09;3;4;7.0;no-show;Cartão de Crédito
3342;8;2;239;1.0;2025-06-25;2025-06-29;4;2;;confirmada;PIX
3663;10;4;118;2.0;2025-03-31;2025-04-03;3;2;6.0;CONFIRMADA ;Transferência
3817;11;5;167;2.0;2025-03-15;2025-03-17;2;3;9.0;cancelada;pix
4561;13;7;315;4.0;2025-07-20;2025-07-24;4;3;;confirmada;Cartão de Crédito
2532;1;5;21;1.0;2026-06-01;2026-06-02;1;3;8.0;confirmada;Pix
3266;7;2;6;3.0;2026-08-13;2026-08-16;3;1;7.0;confirmada;Cartão de Débito
2872;4;5;99;4.0;2026-08-24;2026-08-27;3;1;;cancelada;CD
3917;11;5;197;2.0;2026-01-30;2026-02-01;2;2;8.0;confirmada;Transferência
3688;10;3;5;4.0;2026-02-03;2026-02-07;4;4;6.0;confirmada;Dinheiro
3388;8;3;84;4.0;2025-03-31;2025-04-02;2;4;9.0;concluída;Cartão de Crédito
4107;12;4;30;;2025-01-23;2025-01-24;1;2;;no-show;cred
2691;2;4;204;4.0;2025-03-08;2025-03-11;3;1;;concluída;Cartão de Débito
4526;13;8;179;4.0;2025-07-20;2025-07-22;2;4;;confirmada;Cartão de Débito
3389;8;4;269;3.0;2025-10-27;2025-11-02;6;1;7.0;cancelada;Dinheiro
3261;7;2;90;4.0;2026-08-26;2026-08-29;3;1;8.0;confirmada;Cartão de Crédito
3340;8;4;108;4.0;2025-02-05;2025-02-07;2;4;7.0;confirmada;Transferência
4091;12;3;81;3.0;2025-06-07;2025-06-11;4;2;8.0;confirmada;Cartão de Crédito
3512;9;3;179;2.0;2026-08-17;2026-08-20;3;3;9.0;cancelada;cred
2748;2;5;45;3.0;2025-04-24;2025-04-30;6;2;9.0;cancelada;TED
3372;8;3;30;3.0;2025-05-03;2025-05-04;1;1;10.0;CONFIRMADA ;Cartão de Débito
4414;5;2;90;3.0;2026-02-05;2026-02-08;3;1;1.0;confirmada;Transferência
3551;9;3;110;4.0;2025-11-28;2025-12-02;4;1;7.0;confirmada;PIX
3569;9;5;158;3.0;2026-04-01;2026-04-04;3;2;9.0;confirmada;Transferência
4347;5;3;249;1.0;2025-05-31;2025-06-03;3;2;3.0;confirmada;Dinheiro
2572;1;1;205;4.0;2025-03-31;2025-04-04;4;3;8.0;confirmada;Cartão de Crédito
4030;12;2;41;2.0;2026-08-31;2026-09-01;-1;2;9.0;Confirmada;Cartão de Crédito
2923;4;2;156;3.0;2025-03-08;2025-03-10;2;1;10.0;conf.;Dinheiro
2625;1;2;88;3.0;2025-03-31;2025-04-01;1;3;8.0;confirmada;Cartão de Crédito
3355;8;1;241;4.0;2025-12-25;2025-12-29;4;1;10.0;confirmada;Cartão de Crédito
4067;12;1;46;4.0;2026-06-17;2026-06-19;2;3;7.0;confirmada;Pix
3559;9;4;229;4.0;2026-01-01;2026-01-05;4;1;8.0;confirmada;Cartão de Crédito
3378;8;2;53;2.0;2025-05-01;2025-05-05;4;1;7.0;confirmada;Dinheiro
4013;12;3;148;4.0;2025-12-23;2025-12-24;1;2;6.0;confirmada;Dinheiro
3056;6;3;50;1.0;2025-12-28;2025-12-29;1;2;8.0;confirmada;PIX
4401;5;2;248;1.0;2026-02-05;2026-02-08;3;3;2.0;confirmada;Cartão de Crédito
2715;2;1;117;3.0;2026-02-20;2026-02-21;1;4;;Confirmada;Dinheiro
2713;2;2;133;3.0;2026-05-24;2026-05-25;1;2;5.0;cancelada;Cartão de Débito
3185;7;3;241;2.0;2025-10-15;2025-10-22;7;1;10.0;concluída;CD
3226;7;1;230;1.0;2026-01-09;2026-01-10;1;4;7.0;confirmada;Dinheiro
4184;3;2;274;1.0;2025-11-07;2025-11-09;2;2;3.0;confirmada;C. Crédito
3935;12;5;4;4.0;2026-04-03;2026-04-07;4;3;;confirmada;PIX
2568;1;5;4;2.0;2026-07-07;2026-07-13;6;4;8.0;cancelada;Cartão de Crédito
4137;3;2;31;1.0;2025-04-01;2025-04-02;1;1;2.0;confirmada;PIX
4154;3;2;34;1.0;2025-04-01;2025-04-05;4;1;2.0;confirmada;Transferência
3684;10;2;297;4.0;2025-06-22;2025-06-23;1;2;7.0;cancelada;PIX
3170;7;4;258;2.0;2025-12-30;2026-01-02;3;2;10.0;confirmada;cartao debito
3937;12;1;85;1.0;2025-05-19;2025-05-24;5;3;10.0;Concluída ;PIX
3477;9;5;121;4.0;2025-11-14;2025-11-17;3;4;6.0;confirmada;PIX
3618;9;1;20;4.0;2026-06-26;2026-06-28;2;2;8.0;CONFIRMADA ;PIX
3418;8;1;239;3.0;2025-07-05;2025-07-10;5;4;7.0;confirmada;PIX
2728;2;1;158;2.0;2026-02-27;2026-03-04;5;1;6.0;confirmada;Dinheiro
2521;1;2;168;1.0;2026-08-16;2026-08-20;4;2;;CONFIRMADA ;Dinheiro
3552;9;3;280;3.0;2025-06-28;2025-07-01;3;4;10.0;concluída;PIX
3350;8;4;82;1.0;2025-10-15;2025-10-17;2;2;7.0;confirmada;PIX
3753;10;3;266;3.0;2025-08-26;2025-08-29;3;3;;confirmada;cred
3236;7;5;251;4.0;2026-06-07;2026-06-11;4;3;6.0;cancelada;CC
2494;1;4;130;1.0;2025-03-09;2025-03-15;6;2;10.0;Concluida;Cartão de Crédito
2701;2;4;77;2.0;2025-07-22;2025-07-24;2;1;8.0;confirmada;Cartão de Débito
2540;1;4;266;4.0;2026-08-16;2026-08-21;5;1;7.0;confirmada;C. Crédito
4583;13;7;302;4.0;2026-04-16;2026-04-18;2;1;;confirmada;PIX
3318;8;4;289;2.0;2025-01-09;2025-01-13;4;2;7.0;confirmada;PIX
2830;4;1;294;2.0;2025-07-05;2025-07-12;7;2;7.0;cancelada;Transferência
4461;5;2;15;1.0;2025-09-21;2025-09-24;3;3;3.0;confirmada;Dinheiro
4308;3;2;61;2.0;2025-08-05;2025-08-08;3;2;2.0;confirmada;Dinheiro
3819;11;3;196;;2025-04-30;2025-05-05;5;1;5.0;concluída;Cartão de Crédito
3209;7;4;139;4.0;2026-07-27;2026-07-28;1;1;10.0;concluída;Transferência
3495;9;5;130;2.0;2025-10-26;2025-10-27;1;1;5.0;confirmada;Cartão de Crédito
3692;10;4;288;3.0;2026-04-16;2026-04-17;1;2;8.0;confirmada;Transferência
3337;8;3;236;3.0;2025-01-18;2025-01-21;3;1;8.0;confirmada;Dinheiro
4320;3;3;54;4.0;2025-08-18;2025-08-19;1;4;2.0;confirmada;PIX
2934;4;2;156;2.0;2026-01-21;2026-01-23;2;1;10.0;confirmada;Dinheiro
2683;2;3;33;4.0;2026-01-23;2026-01-26;3;3;7.0;concluída;Transferência
3090;6;4;265;4.0;2025-05-13;2025-05-15;2;1;9.0;Confirmada;PIX
2674;2;3;145;1.0;2025-05-20;2025-05-24;4;2;7.0;concluída;PIX
3511;9;1;61;1.0;2025-03-26;2025-03-27;1;3;7.0;cancelada;Cartão de Crédito
4341;5;2;298;2.0;2025-05-31;2025-06-02;2;4;1.0;confirmada;cred
2638;1;2;289;2.0;2025-05-17;2025-05-22;5;4;7.0;confirmada;Dinheiro
3096;6;3;295;3.0;2025-04-28;2025-05-03;5;1;10.0;confirmada;Cartão de Crédito
2502;1;3;249;1.0;2025-05-22;2025-05-26;4;2;9.0;confirmada;Transferência
3956;12;3;262;2.0;2026-07-11;2026-07-13;2;2;;conf.;Dinheiro
2722;2;5;24;4.0;2026-08-14;2026-08-18;4;3;;confirmada;Dinheiro
3546;9;4;288;3.0;2026-07-08;2026-07-09;1;4;8.0;confirmada;Transferência
4620;13;7;315;4.0;2026-05-07;2026-05-10;3;1;8.0;confirmada;Transferência
3696;10;3;66;2.0;2025-12-25;2025-12-29;4;4;8.0;concluída;Transferência
4631;13;6;189;2.0;2025-06-07;2025-06-08;1;3;8.0;cancelada;PIX
3308;8;2;128;2.0;2026-01-05;2026-01-08;3;2;9.0;confirmada;Cartão de Crédito
2552;1;1;217;1.0;2026-02-09;2026-02-14;5;4;8.0;confirmada;cash
2790;2;5;148;4.0;2025-07-09;2025-07-13;4;2;8.0;cancelada;pix
4537;13;6;83;1.0;2025-07-20;2025-07-23;3;1;6.0;confirmada;PIX
2832;4;4;273;4.0;2025-02-25;2025-02-28;3;2;8.0;cancelada;Pix
3879;11;1;252;2.0;2025-10-09;2025-10-13;4;3;8.0;concluída;PIX
2866;4;4;278;4.0;2025-05-27;2025-05-30;3;2;8.0;confirmada;PIX
3143;6;1;202;2.0;2026-05-17;2026-05-20;3;4;7.0;confirmada;Dinheiro
2876;4;4;38;4.0;2025-11-16;2025-11-22;6;4;9.0;cancelada;Cartão de Crédito
3871;11;4;154;1.0;2025-12-07;2025-12-10;3;4;9.0;confirmada;PIX
2602;1;1;50;2.0;2025-01-31;2025-02-05;5;4;9.0;concluída;Cartão de Crédito
4032;12;1;217;;2026-02-08;2026-02-10;2;4;10.0;confirmada;Cartão de Crédito
3444;8;4;222;2.0;2025-08-16;2025-08-17;1;4;;confirmada;Cartão de Crédito
2472;1;2;266;4.0;2025-08-21;2025-08-23;2;1;7.0;confirmada;Transferência
2986;4;3;9;4.0;2026-03-25;2026-03-27;2;4;8.0;Confirmada;transferencia
2849;4;3;216;2.0;2026-03-26;2026-03-27;1;2;8.0;confirmada;Cartão de Crédito
3311;8;4;255;3.0;2026-06-07;2026-06-10;3;1;7.0;confirmada;Cartão de Débito
3259;7;4;29;4.0;2026-06-05;2026-06-10;5;3;9.0;confirmada;cred
4405;5;1;54;;2026-02-05;2026-02-07;2;4;;confirmada;Dinheiro
4584;13;6;63;1.0;2026-04-16;2026-04-18;2;1;;confirmada;PIX
2845;4;3;142;1.0;2026-06-29;2026-07-02;3;3;8.0;confirmada;Transferência
3293;8;3;257;4.0;2026-05-16;2026-05-22;6;4;9.0;no-show;ted
2648;2;5;191;4.0;2025-05-31;2025-06-02;2;4;7.0;confirmada;Cartão de Crédito
4152;3;3;243;;2025-04-01;2025-04-05;4;1;3.0;confirmada;Cartão de Crédito
2822;4;1;18;2.0;2025-03-30;2025-03-31;1;1;9.0;CONFIRMADA ;PIX
3617;9;2;125;3.0;2025-04-30;2025-05-03;3;1;10.0;cancelada;Cartão de Crédito
2703;2;5;154;1.0;2025-08-21;2025-08-26;5;1;;cancelada;Dinheiro
3339;8;3;187;4.0;2025-05-09;2025-05-12;3;3;8.0;confirmada;Transferência
2732;2;1;185;1.0;2026-08-06;2026-08-10;4;3;7.0;confirmada;Dinheiro
2605;1;1;167;2.0;2026-07-29;2026-08-03;5;2;;concluída;Transferência
3587;9;3;285;1.0;2026-02-02;2026-02-03;1;4;6.0;confirmada;Cartão de Crédito
2752;2;1;123;3.0;2025-12-03;2025-12-06;3;1;9.0;Cancelada;Dinheiro
2782;2;5;223;;2026-04-29;2026-05-02;3;2;10.0;concluída;Cartão de Débito
3228;7;1;112;1.0;2025-06-19;2025-06-22;3;1;7.0;confirmada;Dinheiro
4173;3;2;271;2.0;2025-04-01;2025-04-08;7;3;2.0;confirmada;Cartão de Débito
3358;8;5;197;3.0;2026-08-23;2026-08-26;3;4;7.0;confirmada;Cartão de Crédito
4458;5;3;236;1.0;2026-06-09;2026-06-11;2;3;5.0;cancelada;Cartão de Crédito
4511;5;2;257;3.0;2026-04-24;2026-04-28;4;3;1.0;Cancelada;Transferência
3432;8;2;184;3.0;2026-05-20;2026-05-24;4;1;8.0;cancelada;Transferência
2561;1;1;7;1.0;2026-02-14;2026-02-18;4;3;7.0;confirmada;PIX
4379;5;2;71;2.0;2025-05-31;2025-06-06;6;3;2.0;confirmada;déb
3928;11;1;175;3.0;2025-03-20;2025-03-21;1;2;;confirmada;Transferência
2499;1;3;62;;2026-01-21;2026-01-22;1;4;8.0;cancelada;ted
3844;11;3;33;4.0;2026-01-26;2026-01-28;2;3;;confirmada;Transferência
2835;4;2;36;3.0;2025-07-05;2025-07-07;2;1;;confirmada;Dinheiro
3736;10;1;72;3.0;2026-05-31;2026-06-01;1;4;10.0;concluída;Cartão de Crédito
4172;3;1;102;2.0;2025-04-01;2025-04-02;1;4;;CONFIRMADA ;Dinheiro
4462;5;1;166;;2025-04-28;2025-04-29;1;3;3.0;confirmada;Dinheiro
2663;2;2;142;3.0;2025-11-23;2025-11-25;2;3;6.0;confirmada;Transferência
3526;9;5;116;;2026-03-03;2026-03-07;4;2;7.0;confirmada;Cartão de Crédito
4533;13;8;307;2.0;2025-07-20;2025-07-24;4;4;7.0;confirmada;PIX
3919;11;5;181;3.0;2025-08-07;2025-08-09;2;2;9.0;no-show;Dinheiro
2662;2;1;98;1.0;2025-12-15;2025-12-20;5;3;10.0;confirmada;Cartão de Crédito
4440;5;1;36;;2026-02-05;2026-02-07;2;1;1.0;confirmada;Dinheiro
3198;7;5;268;1.0;2026-08-05;2026-08-07;2;2;9.0;confirmada;Cartão de Débito
3490;9;3;48;1.0;2026-05-24;2026-05-26;2;3;8.0;CONFIRMADA ;Transferência
4579;13;6;306;4.0;2026-04-16;2026-04-18;2;4;;confirmada;Dinheiro
3882;11;1;100;4.0;2025-01-03;2025-01-06;3;1;8.0;CONFIRMADA ;CD
4183;3;1;102;1.0;2025-11-07;2025-11-09;2;1;3.0;confirmada;PIX
